{
    "base_link": {
      "centers": [
        [
          -0.030695103108882904,
          -0.05234137177467346,
          0.03552482425007095
        ],
        [
          0.031977806240320206,
          -0.051507487893104546,
          0.03010101392402855
        ],
        [
          -0.032285578548908234,
          0.03390831872820854,
          0.043248673453042084
        ],
        [
          0.036519549787044525,
          0.009352317079901695,
          0.03358923853449899
        ],
        [
          0.03426208719611168,
          0.048863016068935394,
          0.030983533944444166
        ]
      ],
      "radii": [
        0.04,
        0.035,
        0.05179044231772423,
        0.03872910141944885,
        0.036347053945064545
      ]
    },
    "shoulder_link": {
      "centers": [
        [
          0.0020325374789536,
          0.0020773529540747404,
          -0.003928401041775942
        ]
      ],
      "radii": [
        0.08767727762460709
      ]
    },
    "upper_arm_link": {
      "centers": [
        [
          0.0028132088482497493,
          -0.0013101731788933574,
          0.008100645552100216
        ],
        [
          0.0005116882967561474,
          0.00568110346069048,
          0.14358120171162386
        ],
        [
          -0.005342130549252033,
          -0.00017131345521192998,
          0.2958899140357971
        ],
        [
          0.0016360494773322968,
          0.01032852723170782,
          0.4156886717579667
        ]
      ],
      "radii": [
        0.09,
        0.07,
        0.07,
        0.08
      ]
    },
    "forearm_link": {
      "centers": [
        [
          0.001132601173594594,
          0.011765826493501663,
          0.008484913036227226
        ],
        [
          0.0023616652470082045,
          0.0010888526448979974,
          0.12432544678449631
        ],
        [
          0.0006988454260863364,
          -0.0017063452396541834,
          0.2584647834300995
        ],
        [
          -0.0022715791128047613,
          -0.026532771169193482,
          0.39112255653829203
        ],
        [
          -0.0025242280680663953,
          0.005838640223124611,
          0.3749017844463561
        ]
      ],
      "radii": [
        0.07497226446866989,
        0.06,
        0.06,
        0.051453642547130585,
        0.06
      ]
    },
    "wrist_1_link": {
      "centers": [
        [
          0.00048701079238222,
          0.09517670995552863,
          -0.02321312204004179
        ],
        [
          0.0016840130556374788,
          0.08712828904390335,
          0.01693646050989628
        ]
      ],
      "radii": [
        0.052585478872060776,
        0.053203221410512924
      ]
    },
    "wrist_2_link": {
      "centers": [
        [
          0.00044107259609397543,
          -0.02327916398644444,
          0.08969594782694955
        ],
        [
          0.003157689468935132,
          0.01633576862514019,
          0.08782539516687393
        ]
      ],
      "radii": [
        0.05,
        0.055
      ]
    },
    "wrist_3_link": {
      "centers": [
        [
          0.0010299882851541042,
          0.060004498809576035,
          0.00023269875964615494
        ]
      ],
      "radii": [
        0.04038229212164879
      ]
    },
    "ee_link": {
      "centers": [
        [
          -0.00957956351339817,
          -0.0004146694263909012,
          -0.0003784327709581703
        ]
      ],
      "radii": [
        0.0081553403288126
      ]
    }
  }