ply
format ascii 1.0
element vertex 6098
property float x
property float y
property float z
element face 10988
property list uchar int vertex_indices
end_header
0.55000 0.00000 0.45000
0.55000 0.00000 0.45000
0.55000 0.00000 0.45000
0.55000 0.00000 0.45000
0.55000 0.00000 0.45000
0.55000 0.00000 0.45000
0.55000 0.00000 0.45000
0.55000 0.00000 0.45000
0.55000 0.00000 0.45000
0.55000 0.00000 0.45000
0.55000 0.00000 0.45000
0.55000 0.00000 0.45000
0.55000 0.00000 0.45000
0.55000 0.00000 0.45000
0.55000 0.00000 0.45000
0.55000 0.00000 0.45000
0.55000 0.00000 0.45000
0.55000 0.00000 0.45000
0.55000 0.00000 0.45000
0.55000 0.00000 0.45000
0.55000 0.00000 0.45000
0.55000 0.00000 0.45000
0.55000 0.00000 0.45000
0.55000 0.00000 0.45000
0.55000 0.00000 0.45000
0.55000 0.00000 0.45000
0.55000 0.00000 0.45000
0.55000 0.00000 0.45000
0.55000 0.00000 0.45000
0.59450 0.00000 0.44499
0.59339 0.00990 0.44499
0.59010 0.01931 0.44499
0.58479 0.02775 0.44499
0.57775 0.03479 0.44499
0.56931 0.04010 0.44499
0.55990 0.04339 0.44499
0.55000 0.04450 0.44499
0.54010 0.04339 0.44499
0.53069 0.04010 0.44499
0.52225 0.03479 0.44499
0.51521 0.02775 0.44499
0.50990 0.01931 0.44499
0.50661 0.00990 0.44499
0.50550 0.00000 0.44499
0.50661 -0.00990 0.44499
0.50990 -0.01931 0.44499
0.51521 -0.02775 0.44499
0.52225 -0.03479 0.44499
0.53069 -0.04010 0.44499
0.54010 -0.04339 0.44499
0.55000 -0.04450 0.44499
0.55990 -0.04339 0.44499
0.56931 -0.04010 0.44499
0.57775 -0.03479 0.44499
0.58479 -0.02775 0.44499
0.59010 -0.01931 0.44499
0.59339 -0.00990 0.44499
0.59450 -0.00000 0.44499
0.63678 0.00000 0.43019
0.63460 0.01931 0.43019
0.62818 0.03765 0.43019
0.61784 0.05410 0.43019
0.60410 0.06784 0.43019
0.58765 0.07818 0.43019
0.56931 0.08460 0.43019
0.55000 0.08678 0.43019
0.53069 0.08460 0.43019
0.51235 0.07818 0.43019
0.49590 0.06784 0.43019
0.48216 0.05410 0.43019
0.47182 0.03765 0.43019
0.46540 0.01931 0.43019
0.46322 0.00000 0.43019
0.46540 -0.01931 0.43019
0.47182 -0.03765 0.43019
0.48216 -0.05410 0.43019
0.49590 -0.06784 0.43019
0.51235 -0.07818 0.43019
0.53069 -0.08460 0.43019
0.55000 -0.08678 0.43019
0.56931 -0.08460 0.43019
0.58765 -0.07818 0.43019
0.60410 -0.06784 0.43019
0.61784 -0.05410 0.43019
0.62818 -0.03765 0.43019
0.63460 -0.01931 0.43019
0.63678 -0.00000 0.43019
0.67470 0.00000 0.40637
0.67157 0.02775 0.40637
0.66235 0.05410 0.40637
0.64749 0.07775 0.40637
0.62775 0.09749 0.40637
0.60410 0.11235 0.40637
0.57775 0.12157 0.40637
0.55000 0.12470 0.40637
0.52225 0.12157 0.40637
0.49590 0.11235 0.40637
0.47225 0.09749 0.40637
0.45251 0.07775 0.40637
0.43765 0.05410 0.40637
0.42843 0.02775 0.40637
0.42530 0.00000 0.40637
0.42843 -0.02775 0.40637
0.43765 -0.05410 0.40637
0.45251 -0.07775 0.40637
0.47225 -0.09749 0.40637
0.49590 -0.11235 0.40637
0.52225 -0.12157 0.40637
0.55000 -0.12470 0.40637
0.57775 -0.12157 0.40637
0.60410 -0.11235 0.40637
0.62775 -0.09749 0.40637
0.64749 -0.07775 0.40637
0.66235 -0.05410 0.40637
0.67157 -0.02775 0.40637
0.67470 -0.00000 0.40637
0.70637 0.00000 0.37470
0.70245 0.03479 0.37470
0.69088 0.06784 0.37470
0.67225 0.09749 0.37470
0.64749 0.12225 0.37470
0.61784 0.14088 0.37470
0.58479 0.15245 0.37470
0.55000 0.15637 0.37470
0.51521 0.15245 0.37470
0.48216 0.14088 0.37470
0.45251 0.12225 0.37470
0.42775 0.09749 0.37470
0.40912 0.06784 0.37470
0.39755 0.03479 0.37470
0.39363 0.00000 0.37470
0.39755 -0.03479 0.37470
0.40912 -0.06784 0.37470
0.42775 -0.09749 0.37470
0.45251 -0.12225 0.37470
0.48216 -0.14088 0.37470
0.51521 -0.15245 0.37470
0.55000 -0.15637 0.37470
0.58479 -0.15245 0.37470
0.61784 -0.14088 0.37470
0.64749 -0.12225 0.37470
0.67225 -0.09749 0.37470
0.69088 -0.06784 0.37470
0.70245 -0.03479 0.37470
0.70637 -0.00000 0.37470
0.73019 0.00000 0.33678
0.72568 0.04010 0.33678
0.71235 0.07818 0.33678
0.69088 0.11235 0.33678
0.66235 0.14088 0.33678
0.62818 0.16235 0.33678
0.59010 0.17568 0.33678
0.55000 0.18019 0.33678
0.50990 0.17568 0.33678
0.47182 0.16235 0.33678
0.43765 0.14088 0.33678
0.40912 0.11235 0.33678
0.38765 0.07818 0.33678
0.37432 0.04010 0.33678
0.36981 0.00000 0.33678
0.37432 -0.04010 0.33678
0.38765 -0.07818 0.33678
0.40912 -0.11235 0.33678
0.43765 -0.14088 0.33678
0.47182 -0.16235 0.33678
0.50990 -0.17568 0.33678
0.55000 -0.18019 0.33678
0.59010 -0.17568 0.33678
0.62818 -0.16235 0.33678
0.66235 -0.14088 0.33678
0.69088 -0.11235 0.33678
0.71235 -0.07818 0.33678
0.72568 -0.04010 0.33678
0.73019 -0.00000 0.33678
0.74499 0.00000 0.29450
0.74010 0.04339 0.29450
0.72568 0.08460 0.29450
0.70245 0.12157 0.29450
0.67157 0.15245 0.29450
0.63460 0.17568 0.29450
0.59339 0.19010 0.29450
0.55000 0.19499 0.29450
0.50661 0.19010 0.29450
0.46540 0.17568 0.29450
0.42843 0.15245 0.29450
0.39755 0.12157 0.29450
0.37432 0.08460 0.29450
0.35990 0.04339 0.29450
0.35501 0.00000 0.29450
0.35990 -0.04339 0.29450
0.37432 -0.08460 0.29450
0.39755 -0.12157 0.29450
0.42843 -0.15245 0.29450
0.46540 -0.17568 0.29450
0.50661 -0.19010 0.29450
0.55000 -0.19499 0.29450
0.59339 -0.19010 0.29450
0.63460 -0.17568 0.29450
0.67157 -0.15245 0.29450
0.70245 -0.12157 0.29450
0.72568 -0.08460 0.29450
0.74010 -0.04339 0.29450
0.74499 -0.00000 0.29450
0.75000 0.00000 0.25000
0.74499 0.04450 0.25000
0.73019 0.08678 0.25000
0.70637 0.12470 0.25000
0.67470 0.15637 0.25000
0.63678 0.18019 0.25000
0.59450 0.19499 0.25000
0.55000 0.20000 0.25000
0.50550 0.19499 0.25000
0.46322 0.18019 0.25000
0.42530 0.15637 0.25000
0.39363 0.12470 0.25000
0.36981 0.08678 0.25000
0.35501 0.04450 0.25000
0.35000 0.00000 0.25000
0.35501 -0.04450 0.25000
0.36981 -0.08678 0.25000
0.39363 -0.12470 0.25000
0.42530 -0.15637 0.25000
0.46322 -0.18019 0.25000
0.50550 -0.19499 0.25000
0.55000 -0.20000 0.25000
0.59450 -0.19499 0.25000
0.63678 -0.18019 0.25000
0.67470 -0.15637 0.25000
0.70637 -0.12470 0.25000
0.73019 -0.08678 0.25000
0.74499 -0.04450 0.25000
0.75000 -0.00000 0.25000
0.74499 0.00000 0.20550
0.74010 0.04339 0.20550
0.72568 0.08460 0.20550
0.70245 0.12157 0.20550
0.67157 0.15245 0.20550
0.63460 0.17568 0.20550
0.59339 0.19010 0.20550
0.55000 0.19499 0.20550
0.50661 0.19010 0.20550
0.46540 0.17568 0.20550
0.42843 0.15245 0.20550
0.39755 0.12157 0.20550
0.37432 0.08460 0.20550
0.35990 0.04339 0.20550
0.35501 0.00000 0.20550
0.35990 -0.04339 0.20550
0.37432 -0.08460 0.20550
0.39755 -0.12157 0.20550
0.42843 -0.15245 0.20550
0.46540 -0.17568 0.20550
0.50661 -0.19010 0.20550
0.55000 -0.19499 0.20550
0.59339 -0.19010 0.20550
0.63460 -0.17568 0.20550
0.67157 -0.15245 0.20550
0.70245 -0.12157 0.20550
0.72568 -0.08460 0.20550
0.74010 -0.04339 0.20550
0.74499 -0.00000 0.20550
0.73019 0.00000 0.16322
0.72568 0.04010 0.16322
0.71235 0.07818 0.16322
0.69088 0.11235 0.16322
0.66235 0.14088 0.16322
0.62818 0.16235 0.16322
0.59010 0.17568 0.16322
0.55000 0.18019 0.16322
0.50990 0.17568 0.16322
0.47182 0.16235 0.16322
0.43765 0.14088 0.16322
0.40912 0.11235 0.16322
0.38765 0.07818 0.16322
0.37432 0.04010 0.16322
0.36981 0.00000 0.16322
0.37432 -0.04010 0.16322
0.38765 -0.07818 0.16322
0.40912 -0.11235 0.16322
0.43765 -0.14088 0.16322
0.47182 -0.16235 0.16322
0.50990 -0.17568 0.16322
0.55000 -0.18019 0.16322
0.59010 -0.17568 0.16322
0.62818 -0.16235 0.16322
0.66235 -0.14088 0.16322
0.69088 -0.11235 0.16322
0.71235 -0.07818 0.16322
0.72568 -0.04010 0.16322
0.73019 -0.00000 0.16322
0.70637 0.00000 0.12530
0.70245 0.03479 0.12530
0.69088 0.06784 0.12530
0.67225 0.09749 0.12530
0.64749 0.12225 0.12530
0.61784 0.14088 0.12530
0.58479 0.15245 0.12530
0.55000 0.15637 0.12530
0.51521 0.15245 0.12530
0.48216 0.14088 0.12530
0.45251 0.12225 0.12530
0.42775 0.09749 0.12530
0.40912 0.06784 0.12530
0.39755 0.03479 0.12530
0.39363 0.00000 0.12530
0.39755 -0.03479 0.12530
0.40912 -0.06784 0.12530
0.42775 -0.09749 0.12530
0.45251 -0.12225 0.12530
0.48216 -0.14088 0.12530
0.51521 -0.15245 0.12530
0.55000 -0.15637 0.12530
0.58479 -0.15245 0.12530
0.61784 -0.14088 0.12530
0.64749 -0.12225 0.12530
0.67225 -0.09749 0.12530
0.69088 -0.06784 0.12530
0.70245 -0.03479 0.12530
0.70637 -0.00000 0.12530
0.67470 0.00000 0.09363
0.67157 0.02775 0.09363
0.66235 0.05410 0.09363
0.64749 0.07775 0.09363
0.62775 0.09749 0.09363
0.60410 0.11235 0.09363
0.57775 0.12157 0.09363
0.55000 0.12470 0.09363
0.52225 0.12157 0.09363
0.49590 0.11235 0.09363
0.47225 0.09749 0.09363
0.45251 0.07775 0.09363
0.43765 0.05410 0.09363
0.42843 0.02775 0.09363
0.42530 0.00000 0.09363
0.42843 -0.02775 0.09363
0.43765 -0.05410 0.09363
0.45251 -0.07775 0.09363
0.47225 -0.09749 0.09363
0.49590 -0.11235 0.09363
0.52225 -0.12157 0.09363
0.55000 -0.12470 0.09363
0.57775 -0.12157 0.09363
0.60410 -0.11235 0.09363
0.62775 -0.09749 0.09363
0.64749 -0.07775 0.09363
0.66235 -0.05410 0.09363
0.67157 -0.02775 0.09363
0.67470 -0.00000 0.09363
0.63678 0.00000 0.06981
0.63460 0.01931 0.06981
0.62818 0.03765 0.06981
0.61784 0.05410 0.06981
0.60410 0.06784 0.06981
0.58765 0.07818 0.06981
0.56931 0.08460 0.06981
0.55000 0.08678 0.06981
0.53069 0.08460 0.06981
0.51235 0.07818 0.06981
0.49590 0.06784 0.06981
0.48216 0.05410 0.06981
0.47182 0.03765 0.06981
0.46540 0.01931 0.06981
0.46322 0.00000 0.06981
0.46540 -0.01931 0.06981
0.47182 -0.03765 0.06981
0.48216 -0.05410 0.06981
0.49590 -0.06784 0.06981
0.51235 -0.07818 0.06981
0.53069 -0.08460 0.06981
0.55000 -0.08678 0.06981
0.56931 -0.08460 0.06981
0.58765 -0.07818 0.06981
0.60410 -0.06784 0.06981
0.61784 -0.05410 0.06981
0.62818 -0.03765 0.06981
0.63460 -0.01931 0.06981
0.63678 -0.00000 0.06981
0.59450 0.00000 0.05501
0.59339 0.00990 0.05501
0.59010 0.01931 0.05501
0.58479 0.02775 0.05501
0.57775 0.03479 0.05501
0.56931 0.04010 0.05501
0.55990 0.04339 0.05501
0.55000 0.04450 0.05501
0.54010 0.04339 0.05501
0.53069 0.04010 0.05501
0.52225 0.03479 0.05501
0.51521 0.02775 0.05501
0.50990 0.01931 0.05501
0.50661 0.00990 0.05501
0.50550 0.00000 0.05501
0.50661 -0.00990 0.05501
0.50990 -0.01931 0.05501
0.51521 -0.02775 0.05501
0.52225 -0.03479 0.05501
0.53069 -0.04010 0.05501
0.54010 -0.04339 0.05501
0.55000 -0.04450 0.05501
0.55990 -0.04339 0.05501
0.56931 -0.04010 0.05501
0.57775 -0.03479 0.05501
0.58479 -0.02775 0.05501
0.59010 -0.01931 0.05501
0.59339 -0.00990 0.05501
0.59450 -0.00000 0.05501
0.55000 0.00000 0.05000
0.55000 0.00000 0.05000
0.55000 0.00000 0.05000
0.55000 0.00000 0.05000
0.55000 0.00000 0.05000
0.55000 0.00000 0.05000
0.55000 0.00000 0.05000
0.55000 0.00000 0.05000
0.55000 0.00000 0.05000
0.55000 0.00000 0.05000
0.55000 0.00000 0.05000
0.55000 0.00000 0.05000
0.55000 0.00000 0.05000
0.55000 0.00000 0.05000
0.55000 0.00000 0.05000
0.55000 -0.00000 0.05000
0.55000 -0.00000 0.05000
0.55000 -0.00000 0.05000
0.55000 -0.00000 0.05000
0.55000 -0.00000 0.05000
0.55000 -0.00000 0.05000
0.55000 -0.00000 0.05000
0.55000 -0.00000 0.05000
0.55000 -0.00000 0.05000
0.55000 -0.00000 0.05000
0.55000 -0.00000 0.05000
0.55000 -0.00000 0.05000
0.55000 -0.00000 0.05000
0.55000 -0.00000 0.05000
0.35000 0.35000 0.45000
0.35000 0.35000 0.45000
0.35000 0.35000 0.45000
0.35000 0.35000 0.45000
0.35000 0.35000 0.45000
0.35000 0.35000 0.45000
0.35000 0.35000 0.45000
0.35000 0.35000 0.45000
0.35000 0.35000 0.45000
0.35000 0.35000 0.45000
0.35000 0.35000 0.45000
0.35000 0.35000 0.45000
0.35000 0.35000 0.45000
0.35000 0.35000 0.45000
0.35000 0.35000 0.45000
0.35000 0.35000 0.45000
0.35000 0.35000 0.45000
0.35000 0.35000 0.45000
0.35000 0.35000 0.45000
0.35000 0.35000 0.45000
0.35000 0.35000 0.45000
0.35000 0.35000 0.45000
0.35000 0.35000 0.45000
0.35000 0.35000 0.45000
0.35000 0.35000 0.45000
0.35000 0.35000 0.45000
0.35000 0.35000 0.45000
0.35000 0.35000 0.45000
0.35000 0.35000 0.45000
0.39450 0.35000 0.44499
0.39339 0.35990 0.44499
0.39010 0.36931 0.44499
0.38479 0.37775 0.44499
0.37775 0.38479 0.44499
0.36931 0.39010 0.44499
0.35990 0.39339 0.44499
0.35000 0.39450 0.44499
0.34010 0.39339 0.44499
0.33069 0.39010 0.44499
0.32225 0.38479 0.44499
0.31521 0.37775 0.44499
0.30990 0.36931 0.44499
0.30661 0.35990 0.44499
0.30550 0.35000 0.44499
0.30661 0.34010 0.44499
0.30990 0.33069 0.44499
0.31521 0.32225 0.44499
0.32225 0.31521 0.44499
0.33069 0.30990 0.44499
0.34010 0.30661 0.44499
0.35000 0.30550 0.44499
0.35990 0.30661 0.44499
0.36931 0.30990 0.44499
0.37775 0.31521 0.44499
0.38479 0.32225 0.44499
0.39010 0.33069 0.44499
0.39339 0.34010 0.44499
0.39450 0.35000 0.44499
0.43678 0.35000 0.43019
0.43460 0.36931 0.43019
0.42818 0.38765 0.43019
0.41784 0.40410 0.43019
0.40410 0.41784 0.43019
0.38765 0.42818 0.43019
0.36931 0.43460 0.43019
0.35000 0.43678 0.43019
0.33069 0.43460 0.43019
0.31235 0.42818 0.43019
0.29590 0.41784 0.43019
0.28216 0.40410 0.43019
0.27182 0.38765 0.43019
0.26540 0.36931 0.43019
0.26322 0.35000 0.43019
0.26540 0.33069 0.43019
0.27182 0.31235 0.43019
0.28216 0.29590 0.43019
0.29590 0.28216 0.43019
0.31235 0.27182 0.43019
0.33069 0.26540 0.43019
0.35000 0.26322 0.43019
0.36931 0.26540 0.43019
0.38765 0.27182 0.43019
0.40410 0.28216 0.43019
0.41784 0.29590 0.43019
0.42818 0.31235 0.43019
0.43460 0.33069 0.43019
0.43678 0.35000 0.43019
0.47470 0.35000 0.40637
0.47157 0.37775 0.40637
0.46235 0.40410 0.40637
0.44749 0.42775 0.40637
0.42775 0.44749 0.40637
0.40410 0.46235 0.40637
0.37775 0.47157 0.40637
0.35000 0.47470 0.40637
0.32225 0.47157 0.40637
0.29590 0.46235 0.40637
0.27225 0.44749 0.40637
0.25251 0.42775 0.40637
0.23765 0.40410 0.40637
0.22843 0.37775 0.40637
0.22530 0.35000 0.40637
0.22843 0.32225 0.40637
0.23765 0.29590 0.40637
0.25251 0.27225 0.40637
0.27225 0.25251 0.40637
0.29590 0.23765 0.40637
0.32225 0.22843 0.40637
0.35000 0.22530 0.40637
0.37775 0.22843 0.40637
0.40410 0.23765 0.40637
0.42775 0.25251 0.40637
0.44749 0.27225 0.40637
0.46235 0.29590 0.40637
0.47157 0.32225 0.40637
0.47470 0.35000 0.40637
0.50637 0.35000 0.37470
0.50245 0.38479 0.37470
0.49088 0.41784 0.37470
0.47225 0.44749 0.37470
0.44749 0.47225 0.37470
0.41784 0.49088 0.37470
0.38479 0.50245 0.37470
0.35000 0.50637 0.37470
0.31521 0.50245 0.37470
0.28216 0.49088 0.37470
0.25251 0.47225 0.37470
0.22775 0.44749 0.37470
0.20912 0.41784 0.37470
0.19755 0.38479 0.37470
0.19363 0.35000 0.37470
0.19755 0.31521 0.37470
0.20912 0.28216 0.37470
0.22775 0.25251 0.37470
0.25251 0.22775 0.37470
0.28216 0.20912 0.37470
0.31521 0.19755 0.37470
0.35000 0.19363 0.37470
0.38479 0.19755 0.37470
0.41784 0.20912 0.37470
0.44749 0.22775 0.37470
0.47225 0.25251 0.37470
0.49088 0.28216 0.37470
0.50245 0.31521 0.37470
0.50637 0.35000 0.37470
0.53019 0.35000 0.33678
0.52568 0.39010 0.33678
0.51235 0.42818 0.33678
0.49088 0.46235 0.33678
0.46235 0.49088 0.33678
0.42818 0.51235 0.33678
0.39010 0.52568 0.33678
0.35000 0.53019 0.33678
0.30990 0.52568 0.33678
0.27182 0.51235 0.33678
0.23765 0.49088 0.33678
0.20912 0.46235 0.33678
0.18765 0.42818 0.33678
0.17432 0.39010 0.33678
0.16981 0.35000 0.33678
0.17432 0.30990 0.33678
0.18765 0.27182 0.33678
0.20912 0.23765 0.33678
0.23765 0.20912 0.33678
0.27182 0.18765 0.33678
0.30990 0.17432 0.33678
0.35000 0.16981 0.33678
0.39010 0.17432 0.33678
0.42818 0.18765 0.33678
0.46235 0.20912 0.33678
0.49088 0.23765 0.33678
0.51235 0.27182 0.33678
0.52568 0.30990 0.33678
0.53019 0.35000 0.33678
0.54499 0.35000 0.29450
0.54010 0.39339 0.29450
0.52568 0.43460 0.29450
0.50245 0.47157 0.29450
0.47157 0.50245 0.29450
0.43460 0.52568 0.29450
0.39339 0.54010 0.29450
0.35000 0.54499 0.29450
0.30661 0.54010 0.29450
0.26540 0.52568 0.29450
0.22843 0.50245 0.29450
0.19755 0.47157 0.29450
0.17432 0.43460 0.29450
0.15990 0.39339 0.29450
0.15501 0.35000 0.29450
0.15990 0.30661 0.29450
0.17432 0.26540 0.29450
0.19755 0.22843 0.29450
0.22843 0.19755 0.29450
0.26540 0.17432 0.29450
0.30661 0.15990 0.29450
0.35000 0.15501 0.29450
0.39339 0.15990 0.29450
0.43460 0.17432 0.29450
0.47157 0.19755 0.29450
0.50245 0.22843 0.29450
0.52568 0.26540 0.29450
0.54010 0.30661 0.29450
0.54499 0.35000 0.29450
0.55000 0.35000 0.25000
0.54499 0.39450 0.25000
0.53019 0.43678 0.25000
0.50637 0.47470 0.25000
0.47470 0.50637 0.25000
0.43678 0.53019 0.25000
0.39450 0.54499 0.25000
0.35000 0.55000 0.25000
0.30550 0.54499 0.25000
0.26322 0.53019 0.25000
0.22530 0.50637 0.25000
0.19363 0.47470 0.25000
0.16981 0.43678 0.25000
0.15501 0.39450 0.25000
0.15000 0.35000 0.25000
0.15501 0.30550 0.25000
0.16981 0.26322 0.25000
0.19363 0.22530 0.25000
0.22530 0.19363 0.25000
0.26322 0.16981 0.25000
0.30550 0.15501 0.25000
0.35000 0.15000 0.25000
0.39450 0.15501 0.25000
0.43678 0.16981 0.25000
0.47470 0.19363 0.25000
0.50637 0.22530 0.25000
0.53019 0.26322 0.25000
0.54499 0.30550 0.25000
0.55000 0.35000 0.25000
0.54499 0.35000 0.20550
0.54010 0.39339 0.20550
0.52568 0.43460 0.20550
0.50245 0.47157 0.20550
0.47157 0.50245 0.20550
0.43460 0.52568 0.20550
0.39339 0.54010 0.20550
0.35000 0.54499 0.20550
0.30661 0.54010 0.20550
0.26540 0.52568 0.20550
0.22843 0.50245 0.20550
0.19755 0.47157 0.20550
0.17432 0.43460 0.20550
0.15990 0.39339 0.20550
0.15501 0.35000 0.20550
0.15990 0.30661 0.20550
0.17432 0.26540 0.20550
0.19755 0.22843 0.20550
0.22843 0.19755 0.20550
0.26540 0.17432 0.20550
0.30661 0.15990 0.20550
0.35000 0.15501 0.20550
0.39339 0.15990 0.20550
0.43460 0.17432 0.20550
0.47157 0.19755 0.20550
0.50245 0.22843 0.20550
0.52568 0.26540 0.20550
0.54010 0.30661 0.20550
0.54499 0.35000 0.20550
0.53019 0.35000 0.16322
0.52568 0.39010 0.16322
0.51235 0.42818 0.16322
0.49088 0.46235 0.16322
0.46235 0.49088 0.16322
0.42818 0.51235 0.16322
0.39010 0.52568 0.16322
0.35000 0.53019 0.16322
0.30990 0.52568 0.16322
0.27182 0.51235 0.16322
0.23765 0.49088 0.16322
0.20912 0.46235 0.16322
0.18765 0.42818 0.16322
0.17432 0.39010 0.16322
0.16981 0.35000 0.16322
0.17432 0.30990 0.16322
0.18765 0.27182 0.16322
0.20912 0.23765 0.16322
0.23765 0.20912 0.16322
0.27182 0.18765 0.16322
0.30990 0.17432 0.16322
0.35000 0.16981 0.16322
0.39010 0.17432 0.16322
0.42818 0.18765 0.16322
0.46235 0.20912 0.16322
0.49088 0.23765 0.16322
0.51235 0.27182 0.16322
0.52568 0.30990 0.16322
0.53019 0.35000 0.16322
0.50637 0.35000 0.12530
0.50245 0.38479 0.12530
0.49088 0.41784 0.12530
0.47225 0.44749 0.12530
0.44749 0.47225 0.12530
0.41784 0.49088 0.12530
0.38479 0.50245 0.12530
0.35000 0.50637 0.12530
0.31521 0.50245 0.12530
0.28216 0.49088 0.12530
0.25251 0.47225 0.12530
0.22775 0.44749 0.12530
0.20912 0.41784 0.12530
0.19755 0.38479 0.12530
0.19363 0.35000 0.12530
0.19755 0.31521 0.12530
0.20912 0.28216 0.12530
0.22775 0.25251 0.12530
0.25251 0.22775 0.12530
0.28216 0.20912 0.12530
0.31521 0.19755 0.12530
0.35000 0.19363 0.12530
0.38479 0.19755 0.12530
0.41784 0.20912 0.12530
0.44749 0.22775 0.12530
0.47225 0.25251 0.12530
0.49088 0.28216 0.12530
0.50245 0.31521 0.12530
0.50637 0.35000 0.12530
0.47470 0.35000 0.09363
0.47157 0.37775 0.09363
0.46235 0.40410 0.09363
0.44749 0.42775 0.09363
0.42775 0.44749 0.09363
0.40410 0.46235 0.09363
0.37775 0.47157 0.09363
0.35000 0.47470 0.09363
0.32225 0.47157 0.09363
0.29590 0.46235 0.09363
0.27225 0.44749 0.09363
0.25251 0.42775 0.09363
0.23765 0.40410 0.09363
0.22843 0.37775 0.09363
0.22530 0.35000 0.09363
0.22843 0.32225 0.09363
0.23765 0.29590 0.09363
0.25251 0.27225 0.09363
0.27225 0.25251 0.09363
0.29590 0.23765 0.09363
0.32225 0.22843 0.09363
0.35000 0.22530 0.09363
0.37775 0.22843 0.09363
0.40410 0.23765 0.09363
0.42775 0.25251 0.09363
0.44749 0.27225 0.09363
0.46235 0.29590 0.09363
0.47157 0.32225 0.09363
0.47470 0.35000 0.09363
0.43678 0.35000 0.06981
0.43460 0.36931 0.06981
0.42818 0.38765 0.06981
0.41784 0.40410 0.06981
0.40410 0.41784 0.06981
0.38765 0.42818 0.06981
0.36931 0.43460 0.06981
0.35000 0.43678 0.06981
0.33069 0.43460 0.06981
0.31235 0.42818 0.06981
0.29590 0.41784 0.06981
0.28216 0.40410 0.06981
0.27182 0.38765 0.06981
0.26540 0.36931 0.06981
0.26322 0.35000 0.06981
0.26540 0.33069 0.06981
0.27182 0.31235 0.06981
0.28216 0.29590 0.06981
0.29590 0.28216 0.06981
0.31235 0.27182 0.06981
0.33069 0.26540 0.06981
0.35000 0.26322 0.06981
0.36931 0.26540 0.06981
0.38765 0.27182 0.06981
0.40410 0.28216 0.06981
0.41784 0.29590 0.06981
0.42818 0.31235 0.06981
0.43460 0.33069 0.06981
0.43678 0.35000 0.06981
0.39450 0.35000 0.05501
0.39339 0.35990 0.05501
0.39010 0.36931 0.05501
0.38479 0.37775 0.05501
0.37775 0.38479 0.05501
0.36931 0.39010 0.05501
0.35990 0.39339 0.05501
0.35000 0.39450 0.05501
0.34010 0.39339 0.05501
0.33069 0.39010 0.05501
0.32225 0.38479 0.05501
0.31521 0.37775 0.05501
0.30990 0.36931 0.05501
0.30661 0.35990 0.05501
0.30550 0.35000 0.05501
0.30661 0.34010 0.05501
0.30990 0.33069 0.05501
0.31521 0.32225 0.05501
0.32225 0.31521 0.05501
0.33069 0.30990 0.05501
0.34010 0.30661 0.05501
0.35000 0.30550 0.05501
0.35990 0.30661 0.05501
0.36931 0.30990 0.05501
0.37775 0.31521 0.05501
0.38479 0.32225 0.05501
0.39010 0.33069 0.05501
0.39339 0.34010 0.05501
0.39450 0.35000 0.05501
0.35000 0.35000 0.05000
0.35000 0.35000 0.05000
0.35000 0.35000 0.05000
0.35000 0.35000 0.05000
0.35000 0.35000 0.05000
0.35000 0.35000 0.05000
0.35000 0.35000 0.05000
0.35000 0.35000 0.05000
0.35000 0.35000 0.05000
0.35000 0.35000 0.05000
0.35000 0.35000 0.05000
0.35000 0.35000 0.05000
0.35000 0.35000 0.05000
0.35000 0.35000 0.05000
0.35000 0.35000 0.05000
0.35000 0.35000 0.05000
0.35000 0.35000 0.05000
0.35000 0.35000 0.05000
0.35000 0.35000 0.05000
0.35000 0.35000 0.05000
0.35000 0.35000 0.05000
0.35000 0.35000 0.05000
0.35000 0.35000 0.05000
0.35000 0.35000 0.05000
0.35000 0.35000 0.05000
0.35000 0.35000 0.05000
0.35000 0.35000 0.05000
0.35000 0.35000 0.05000
0.35000 0.35000 0.05000
0.00000 0.55000 0.45000
0.00000 0.55000 0.45000
0.00000 0.55000 0.45000
0.00000 0.55000 0.45000
0.00000 0.55000 0.45000
0.00000 0.55000 0.45000
0.00000 0.55000 0.45000
0.00000 0.55000 0.45000
0.00000 0.55000 0.45000
0.00000 0.55000 0.45000
0.00000 0.55000 0.45000
0.00000 0.55000 0.45000
0.00000 0.55000 0.45000
0.00000 0.55000 0.45000
0.00000 0.55000 0.45000
0.00000 0.55000 0.45000
0.00000 0.55000 0.45000
0.00000 0.55000 0.45000
0.00000 0.55000 0.45000
0.00000 0.55000 0.45000
0.00000 0.55000 0.45000
0.00000 0.55000 0.45000
0.00000 0.55000 0.45000
0.00000 0.55000 0.45000
0.00000 0.55000 0.45000
0.00000 0.55000 0.45000
0.00000 0.55000 0.45000
0.00000 0.55000 0.45000
0.00000 0.55000 0.45000
0.04450 0.55000 0.44499
0.04339 0.55990 0.44499
0.04010 0.56931 0.44499
0.03479 0.57775 0.44499
0.02775 0.58479 0.44499
0.01931 0.59010 0.44499
0.00990 0.59339 0.44499
0.00000 0.59450 0.44499
-0.00990 0.59339 0.44499
-0.01931 0.59010 0.44499
-0.02775 0.58479 0.44499
-0.03479 0.57775 0.44499
-0.04010 0.56931 0.44499
-0.04339 0.55990 0.44499
-0.04450 0.55000 0.44499
-0.04339 0.54010 0.44499
-0.04010 0.53069 0.44499
-0.03479 0.52225 0.44499
-0.02775 0.51521 0.44499
-0.01931 0.50990 0.44499
-0.00990 0.50661 0.44499
-0.00000 0.50550 0.44499
0.00990 0.50661 0.44499
0.01931 0.50990 0.44499
0.02775 0.51521 0.44499
0.03479 0.52225 0.44499
0.04010 0.53069 0.44499
0.04339 0.54010 0.44499
0.04450 0.55000 0.44499
0.08678 0.55000 0.43019
0.08460 0.56931 0.43019
0.07818 0.58765 0.43019
0.06784 0.60410 0.43019
0.05410 0.61784 0.43019
0.03765 0.62818 0.43019
0.01931 0.63460 0.43019
0.00000 0.63678 0.43019
-0.01931 0.63460 0.43019
-0.03765 0.62818 0.43019
-0.05410 0.61784 0.43019
-0.06784 0.60410 0.43019
-0.07818 0.58765 0.43019
-0.08460 0.56931 0.43019
-0.08678 0.55000 0.43019
-0.08460 0.53069 0.43019
-0.07818 0.51235 0.43019
-0.06784 0.49590 0.43019
-0.05410 0.48216 0.43019
-0.03765 0.47182 0.43019
-0.01931 0.46540 0.43019
-0.00000 0.46322 0.43019
0.01931 0.46540 0.43019
0.03765 0.47182 0.43019
0.05410 0.48216 0.43019
0.06784 0.49590 0.43019
0.07818 0.51235 0.43019
0.08460 0.53069 0.43019
0.08678 0.55000 0.43019
0.12470 0.55000 0.40637
0.12157 0.57775 0.40637
0.11235 0.60410 0.40637
0.09749 0.62775 0.40637
0.07775 0.64749 0.40637
0.05410 0.66235 0.40637
0.02775 0.67157 0.40637
0.00000 0.67470 0.40637
-0.02775 0.67157 0.40637
-0.05410 0.66235 0.40637
-0.07775 0.64749 0.40637
-0.09749 0.62775 0.40637
-0.11235 0.60410 0.40637
-0.12157 0.57775 0.40637
-0.12470 0.55000 0.40637
-0.12157 0.52225 0.40637
-0.11235 0.49590 0.40637
-0.09749 0.47225 0.40637
-0.07775 0.45251 0.40637
-0.05410 0.43765 0.40637
-0.02775 0.42843 0.40637
-0.00000 0.42530 0.40637
0.02775 0.42843 0.40637
0.05410 0.43765 0.40637
0.07775 0.45251 0.40637
0.09749 0.47225 0.40637
0.11235 0.49590 0.40637
0.12157 0.52225 0.40637
0.12470 0.55000 0.40637
0.15637 0.55000 0.37470
0.15245 0.58479 0.37470
0.14088 0.61784 0.37470
0.12225 0.64749 0.37470
0.09749 0.67225 0.37470
0.06784 0.69088 0.37470
0.03479 0.70245 0.37470
0.00000 0.70637 0.37470
-0.03479 0.70245 0.37470
-0.06784 0.69088 0.37470
-0.09749 0.67225 0.37470
-0.12225 0.64749 0.37470
-0.14088 0.61784 0.37470
-0.15245 0.58479 0.37470
-0.15637 0.55000 0.37470
-0.15245 0.51521 0.37470
-0.14088 0.48216 0.37470
-0.12225 0.45251 0.37470
-0.09749 0.42775 0.37470
-0.06784 0.40912 0.37470
-0.03479 0.39755 0.37470
-0.00000 0.39363 0.37470
0.03479 0.39755 0.37470
0.06784 0.40912 0.37470
0.09749 0.42775 0.37470
0.12225 0.45251 0.37470
0.14088 0.48216 0.37470
0.15245 0.51521 0.37470
0.15637 0.55000 0.37470
0.18019 0.55000 0.33678
0.17568 0.59010 0.33678
0.16235 0.62818 0.33678
0.14088 0.66235 0.33678
0.11235 0.69088 0.33678
0.07818 0.71235 0.33678
0.04010 0.72568 0.33678
0.00000 0.73019 0.33678
-0.04010 0.72568 0.33678
-0.07818 0.71235 0.33678
-0.11235 0.69088 0.33678
-0.14088 0.66235 0.33678
-0.16235 0.62818 0.33678
-0.17568 0.59010 0.33678
-0.18019 0.55000 0.33678
-0.17568 0.50990 0.33678
-0.16235 0.47182 0.33678
-0.14088 0.43765 0.33678
-0.11235 0.40912 0.33678
-0.07818 0.38765 0.33678
-0.04010 0.37432 0.33678
-0.00000 0.36981 0.33678
0.04010 0.37432 0.33678
0.07818 0.38765 0.33678
0.11235 0.40912 0.33678
0.14088 0.43765 0.33678
0.16235 0.47182 0.33678
0.17568 0.50990 0.33678
0.18019 0.55000 0.33678
0.19499 0.55000 0.29450
0.19010 0.59339 0.29450
0.17568 0.63460 0.29450
0.15245 0.67157 0.29450
0.12157 0.70245 0.29450
0.08460 0.72568 0.29450
0.04339 0.74010 0.29450
0.00000 0.74499 0.29450
-0.04339 0.74010 0.29450
-0.08460 0.72568 0.29450
-0.12157 0.70245 0.29450
-0.15245 0.67157 0.29450
-0.17568 0.63460 0.29450
-0.19010 0.59339 0.29450
-0.19499 0.55000 0.29450
-0.19010 0.50661 0.29450
-0.17568 0.46540 0.29450
-0.15245 0.42843 0.29450
-0.12157 0.39755 0.29450
-0.08460 0.37432 0.29450
-0.04339 0.35990 0.29450
-0.00000 0.35501 0.29450
0.04339 0.35990 0.29450
0.08460 0.37432 0.29450
0.12157 0.39755 0.29450
0.15245 0.42843 0.29450
0.17568 0.46540 0.29450
0.19010 0.50661 0.29450
0.19499 0.55000 0.29450
0.20000 0.55000 0.25000
0.19499 0.59450 0.25000
0.18019 0.63678 0.25000
0.15637 0.67470 0.25000
0.12470 0.70637 0.25000
0.08678 0.73019 0.25000
0.04450 0.74499 0.25000
0.00000 0.75000 0.25000
-0.04450 0.74499 0.25000
-0.08678 0.73019 0.25000
-0.12470 0.70637 0.25000
-0.15637 0.67470 0.25000
-0.18019 0.63678 0.25000
-0.19499 0.59450 0.25000
-0.20000 0.55000 0.25000
-0.19499 0.50550 0.25000
-0.18019 0.46322 0.25000
-0.15637 0.42530 0.25000
-0.12470 0.39363 0.25000
-0.08678 0.36981 0.25000
-0.04450 0.35501 0.25000
-0.00000 0.35000 0.25000
0.04450 0.35501 0.25000
0.08678 0.36981 0.25000
0.12470 0.39363 0.25000
0.15637 0.42530 0.25000
0.18019 0.46322 0.25000
0.19499 0.50550 0.25000
0.20000 0.55000 0.25000
0.19499 0.55000 0.20550
0.19010 0.59339 0.20550
0.17568 0.63460 0.20550
0.15245 0.67157 0.20550
0.12157 0.70245 0.20550
0.08460 0.72568 0.20550
0.04339 0.74010 0.20550
0.00000 0.74499 0.20550
-0.04339 0.74010 0.20550
-0.08460 0.72568 0.20550
-0.12157 0.70245 0.20550
-0.15245 0.67157 0.20550
-0.17568 0.63460 0.20550
-0.19010 0.59339 0.20550
-0.19499 0.55000 0.20550
-0.19010 0.50661 0.20550
-0.17568 0.46540 0.20550
-0.15245 0.42843 0.20550
-0.12157 0.39755 0.20550
-0.08460 0.37432 0.20550
-0.04339 0.35990 0.20550
-0.00000 0.35501 0.20550
0.04339 0.35990 0.20550
0.08460 0.37432 0.20550
0.12157 0.39755 0.20550
0.15245 0.42843 0.20550
0.17568 0.46540 0.20550
0.19010 0.50661 0.20550
0.19499 0.55000 0.20550
0.18019 0.55000 0.16322
0.17568 0.59010 0.16322
0.16235 0.62818 0.16322
0.14088 0.66235 0.16322
0.11235 0.69088 0.16322
0.07818 0.71235 0.16322
0.04010 0.72568 0.16322
0.00000 0.73019 0.16322
-0.04010 0.72568 0.16322
-0.07818 0.71235 0.16322
-0.11235 0.69088 0.16322
-0.14088 0.66235 0.16322
-0.16235 0.62818 0.16322
-0.17568 0.59010 0.16322
-0.18019 0.55000 0.16322
-0.17568 0.50990 0.16322
-0.16235 0.47182 0.16322
-0.14088 0.43765 0.16322
-0.11235 0.40912 0.16322
-0.07818 0.38765 0.16322
-0.04010 0.37432 0.16322
-0.00000 0.36981 0.16322
0.04010 0.37432 0.16322
0.07818 0.38765 0.16322
0.11235 0.40912 0.16322
0.14088 0.43765 0.16322
0.16235 0.47182 0.16322
0.17568 0.50990 0.16322
0.18019 0.55000 0.16322
0.15637 0.55000 0.12530
0.15245 0.58479 0.12530
0.14088 0.61784 0.12530
0.12225 0.64749 0.12530
0.09749 0.67225 0.12530
0.06784 0.69088 0.12530
0.03479 0.70245 0.12530
0.00000 0.70637 0.12530
-0.03479 0.70245 0.12530
-0.06784 0.69088 0.12530
-0.09749 0.67225 0.12530
-0.12225 0.64749 0.12530
-0.14088 0.61784 0.12530
-0.15245 0.58479 0.12530
-0.15637 0.55000 0.12530
-0.15245 0.51521 0.12530
-0.14088 0.48216 0.12530
-0.12225 0.45251 0.12530
-0.09749 0.42775 0.12530
-0.06784 0.40912 0.12530
-0.03479 0.39755 0.12530
-0.00000 0.39363 0.12530
0.03479 0.39755 0.12530
0.06784 0.40912 0.12530
0.09749 0.42775 0.12530
0.12225 0.45251 0.12530
0.14088 0.48216 0.12530
0.15245 0.51521 0.12530
0.15637 0.55000 0.12530
0.12470 0.55000 0.09363
0.12157 0.57775 0.09363
0.11235 0.60410 0.09363
0.09749 0.62775 0.09363
0.07775 0.64749 0.09363
0.05410 0.66235 0.09363
0.02775 0.67157 0.09363
0.00000 0.67470 0.09363
-0.02775 0.67157 0.09363
-0.05410 0.66235 0.09363
-0.07775 0.64749 0.09363
-0.09749 0.62775 0.09363
-0.11235 0.60410 0.09363
-0.12157 0.57775 0.09363
-0.12470 0.55000 0.09363
-0.12157 0.52225 0.09363
-0.11235 0.49590 0.09363
-0.09749 0.47225 0.09363
-0.07775 0.45251 0.09363
-0.05410 0.43765 0.09363
-0.02775 0.42843 0.09363
-0.00000 0.42530 0.09363
0.02775 0.42843 0.09363
0.05410 0.43765 0.09363
0.07775 0.45251 0.09363
0.09749 0.47225 0.09363
0.11235 0.49590 0.09363
0.12157 0.52225 0.09363
0.12470 0.55000 0.09363
0.08678 0.55000 0.06981
0.08460 0.56931 0.06981
0.07818 0.58765 0.06981
0.06784 0.60410 0.06981
0.05410 0.61784 0.06981
0.03765 0.62818 0.06981
0.01931 0.63460 0.06981
0.00000 0.63678 0.06981
-0.01931 0.63460 0.06981
-0.03765 0.62818 0.06981
-0.05410 0.61784 0.06981
-0.06784 0.60410 0.06981
-0.07818 0.58765 0.06981
-0.08460 0.56931 0.06981
-0.08678 0.55000 0.06981
-0.08460 0.53069 0.06981
-0.07818 0.51235 0.06981
-0.06784 0.49590 0.06981
-0.05410 0.48216 0.06981
-0.03765 0.47182 0.06981
-0.01931 0.46540 0.06981
-0.00000 0.46322 0.06981
0.01931 0.46540 0.06981
0.03765 0.47182 0.06981
0.05410 0.48216 0.06981
0.06784 0.49590 0.06981
0.07818 0.51235 0.06981
0.08460 0.53069 0.06981
0.08678 0.55000 0.06981
0.04450 0.55000 0.05501
0.04339 0.55990 0.05501
0.04010 0.56931 0.05501
0.03479 0.57775 0.05501
0.02775 0.58479 0.05501
0.01931 0.59010 0.05501
0.00990 0.59339 0.05501
0.00000 0.59450 0.05501
-0.00990 0.59339 0.05501
-0.01931 0.59010 0.05501
-0.02775 0.58479 0.05501
-0.03479 0.57775 0.05501
-0.04010 0.56931 0.05501
-0.04339 0.55990 0.05501
-0.04450 0.55000 0.05501
-0.04339 0.54010 0.05501
-0.04010 0.53069 0.05501
-0.03479 0.52225 0.05501
-0.02775 0.51521 0.05501
-0.01931 0.50990 0.05501
-0.00990 0.50661 0.05501
-0.00000 0.50550 0.05501
0.00990 0.50661 0.05501
0.01931 0.50990 0.05501
0.02775 0.51521 0.05501
0.03479 0.52225 0.05501
0.04010 0.53069 0.05501
0.04339 0.54010 0.05501
0.04450 0.55000 0.05501
0.00000 0.55000 0.05000
0.00000 0.55000 0.05000
0.00000 0.55000 0.05000
0.00000 0.55000 0.05000
0.00000 0.55000 0.05000
0.00000 0.55000 0.05000
0.00000 0.55000 0.05000
0.00000 0.55000 0.05000
-0.00000 0.55000 0.05000
-0.00000 0.55000 0.05000
-0.00000 0.55000 0.05000
-0.00000 0.55000 0.05000
-0.00000 0.55000 0.05000
-0.00000 0.55000 0.05000
-0.00000 0.55000 0.05000
-0.00000 0.55000 0.05000
-0.00000 0.55000 0.05000
-0.00000 0.55000 0.05000
-0.00000 0.55000 0.05000
-0.00000 0.55000 0.05000
-0.00000 0.55000 0.05000
-0.00000 0.55000 0.05000
0.00000 0.55000 0.05000
0.00000 0.55000 0.05000
0.00000 0.55000 0.05000
0.00000 0.55000 0.05000
0.00000 0.55000 0.05000
0.00000 0.55000 0.05000
0.00000 0.55000 0.05000
-0.55000 0.00000 0.45000
-0.55000 0.00000 0.45000
-0.55000 0.00000 0.45000
-0.55000 0.00000 0.45000
-0.55000 0.00000 0.45000
-0.55000 0.00000 0.45000
-0.55000 0.00000 0.45000
-0.55000 0.00000 0.45000
-0.55000 0.00000 0.45000
-0.55000 0.00000 0.45000
-0.55000 0.00000 0.45000
-0.55000 0.00000 0.45000
-0.55000 0.00000 0.45000
-0.55000 0.00000 0.45000
-0.55000 0.00000 0.45000
-0.55000 0.00000 0.45000
-0.55000 0.00000 0.45000
-0.55000 0.00000 0.45000
-0.55000 0.00000 0.45000
-0.55000 0.00000 0.45000
-0.55000 0.00000 0.45000
-0.55000 0.00000 0.45000
-0.55000 0.00000 0.45000
-0.55000 0.00000 0.45000
-0.55000 0.00000 0.45000
-0.55000 0.00000 0.45000
-0.55000 0.00000 0.45000
-0.55000 0.00000 0.45000
-0.55000 0.00000 0.45000
-0.50550 0.00000 0.44499
-0.50661 0.00990 0.44499
-0.50990 0.01931 0.44499
-0.51521 0.02775 0.44499
-0.52225 0.03479 0.44499
-0.53069 0.04010 0.44499
-0.54010 0.04339 0.44499
-0.55000 0.04450 0.44499
-0.55990 0.04339 0.44499
-0.56931 0.04010 0.44499
-0.57775 0.03479 0.44499
-0.58479 0.02775 0.44499
-0.59010 0.01931 0.44499
-0.59339 0.00990 0.44499
-0.59450 0.00000 0.44499
-0.59339 -0.00990 0.44499
-0.59010 -0.01931 0.44499
-0.58479 -0.02775 0.44499
-0.57775 -0.03479 0.44499
-0.56931 -0.04010 0.44499
-0.55990 -0.04339 0.44499
-0.55000 -0.04450 0.44499
-0.54010 -0.04339 0.44499
-0.53069 -0.04010 0.44499
-0.52225 -0.03479 0.44499
-0.51521 -0.02775 0.44499
-0.50990 -0.01931 0.44499
-0.50661 -0.00990 0.44499
-0.50550 -0.00000 0.44499
-0.46322 0.00000 0.43019
-0.46540 0.01931 0.43019
-0.47182 0.03765 0.43019
-0.48216 0.05410 0.43019
-0.49590 0.06784 0.43019
-0.51235 0.07818 0.43019
-0.53069 0.08460 0.43019
-0.55000 0.08678 0.43019
-0.56931 0.08460 0.43019
-0.58765 0.07818 0.43019
-0.60410 0.06784 0.43019
-0.61784 0.05410 0.43019
-0.62818 0.03765 0.43019
-0.63460 0.01931 0.43019
-0.63678 0.00000 0.43019
-0.63460 -0.01931 0.43019
-0.62818 -0.03765 0.43019
-0.61784 -0.05410 0.43019
-0.60410 -0.06784 0.43019
-0.58765 -0.07818 0.43019
-0.56931 -0.08460 0.43019
-0.55000 -0.08678 0.43019
-0.53069 -0.08460 0.43019
-0.51235 -0.07818 0.43019
-0.49590 -0.06784 0.43019
-0.48216 -0.05410 0.43019
-0.47182 -0.03765 0.43019
-0.46540 -0.01931 0.43019
-0.46322 -0.00000 0.43019
-0.42530 0.00000 0.40637
-0.42843 0.02775 0.40637
-0.43765 0.05410 0.40637
-0.45251 0.07775 0.40637
-0.47225 0.09749 0.40637
-0.49590 0.11235 0.40637
-0.52225 0.12157 0.40637
-0.55000 0.12470 0.40637
-0.57775 0.12157 0.40637
-0.60410 0.11235 0.40637
-0.62775 0.09749 0.40637
-0.64749 0.07775 0.40637
-0.66235 0.05410 0.40637
-0.67157 0.02775 0.40637
-0.67470 0.00000 0.40637
-0.67157 -0.02775 0.40637
-0.66235 -0.05410 0.40637
-0.64749 -0.07775 0.40637
-0.62775 -0.09749 0.40637
-0.60410 -0.11235 0.40637
-0.57775 -0.12157 0.40637
-0.55000 -0.12470 0.40637
-0.52225 -0.12157 0.40637
-0.49590 -0.11235 0.40637
-0.47225 -0.09749 0.40637
-0.45251 -0.07775 0.40637
-0.43765 -0.05410 0.40637
-0.42843 -0.02775 0.40637
-0.42530 -0.00000 0.40637
-0.39363 0.00000 0.37470
-0.39755 0.03479 0.37470
-0.40912 0.06784 0.37470
-0.42775 0.09749 0.37470
-0.45251 0.12225 0.37470
-0.48216 0.14088 0.37470
-0.51521 0.15245 0.37470
-0.55000 0.15637 0.37470
-0.58479 0.15245 0.37470
-0.61784 0.14088 0.37470
-0.64749 0.12225 0.37470
-0.67225 0.09749 0.37470
-0.69088 0.06784 0.37470
-0.70245 0.03479 0.37470
-0.70637 0.00000 0.37470
-0.70245 -0.03479 0.37470
-0.69088 -0.06784 0.37470
-0.67225 -0.09749 0.37470
-0.64749 -0.12225 0.37470
-0.61784 -0.14088 0.37470
-0.58479 -0.15245 0.37470
-0.55000 -0.15637 0.37470
-0.51521 -0.15245 0.37470
-0.48216 -0.14088 0.37470
-0.45251 -0.12225 0.37470
-0.42775 -0.09749 0.37470
-0.40912 -0.06784 0.37470
-0.39755 -0.03479 0.37470
-0.39363 -0.00000 0.37470
-0.36981 0.00000 0.33678
-0.37432 0.04010 0.33678
-0.38765 0.07818 0.33678
-0.40912 0.11235 0.33678
-0.43765 0.14088 0.33678
-0.47182 0.16235 0.33678
-0.50990 0.17568 0.33678
-0.55000 0.18019 0.33678
-0.59010 0.17568 0.33678
-0.62818 0.16235 0.33678
-0.66235 0.14088 0.33678
-0.69088 0.11235 0.33678
-0.71235 0.07818 0.33678
-0.72568 0.04010 0.33678
-0.73019 0.00000 0.33678
-0.72568 -0.04010 0.33678
-0.71235 -0.07818 0.33678
-0.69088 -0.11235 0.33678
-0.66235 -0.14088 0.33678
-0.62818 -0.16235 0.33678
-0.59010 -0.17568 0.33678
-0.55000 -0.18019 0.33678
-0.50990 -0.17568 0.33678
-0.47182 -0.16235 0.33678
-0.43765 -0.14088 0.33678
-0.40912 -0.11235 0.33678
-0.38765 -0.07818 0.33678
-0.37432 -0.04010 0.33678
-0.36981 -0.00000 0.33678
-0.35501 0.00000 0.29450
-0.35990 0.04339 0.29450
-0.37432 0.08460 0.29450
-0.39755 0.12157 0.29450
-0.42843 0.15245 0.29450
-0.46540 0.17568 0.29450
-0.50661 0.19010 0.29450
-0.55000 0.19499 0.29450
-0.59339 0.19010 0.29450
-0.63460 0.17568 0.29450
-0.67157 0.15245 0.29450
-0.70245 0.12157 0.29450
-0.72568 0.08460 0.29450
-0.74010 0.04339 0.29450
-0.74499 0.00000 0.29450
-0.74010 -0.04339 0.29450
-0.72568 -0.08460 0.29450
-0.70245 -0.12157 0.29450
-0.67157 -0.15245 0.29450
-0.63460 -0.17568 0.29450
-0.59339 -0.19010 0.29450
-0.55000 -0.19499 0.29450
-0.50661 -0.19010 0.29450
-0.46540 -0.17568 0.29450
-0.42843 -0.15245 0.29450
-0.39755 -0.12157 0.29450
-0.37432 -0.08460 0.29450
-0.35990 -0.04339 0.29450
-0.35501 -0.00000 0.29450
-0.35000 0.00000 0.25000
-0.35501 0.04450 0.25000
-0.36981 0.08678 0.25000
-0.39363 0.12470 0.25000
-0.42530 0.15637 0.25000
-0.46322 0.18019 0.25000
-0.50550 0.19499 0.25000
-0.55000 0.20000 0.25000
-0.59450 0.19499 0.25000
-0.63678 0.18019 0.25000
-0.67470 0.15637 0.25000
-0.70637 0.12470 0.25000
-0.73019 0.08678 0.25000
-0.74499 0.04450 0.25000
-0.75000 0.00000 0.25000
-0.74499 -0.04450 0.25000
-0.73019 -0.08678 0.25000
-0.70637 -0.12470 0.25000
-0.67470 -0.15637 0.25000
-0.63678 -0.18019 0.25000
-0.59450 -0.19499 0.25000
-0.55000 -0.20000 0.25000
-0.50550 -0.19499 0.25000
-0.46322 -0.18019 0.25000
-0.42530 -0.15637 0.25000
-0.39363 -0.12470 0.25000
-0.36981 -0.08678 0.25000
-0.35501 -0.04450 0.25000
-0.35000 -0.00000 0.25000
-0.35501 0.00000 0.20550
-0.35990 0.04339 0.20550
-0.37432 0.08460 0.20550
-0.39755 0.12157 0.20550
-0.42843 0.15245 0.20550
-0.46540 0.17568 0.20550
-0.50661 0.19010 0.20550
-0.55000 0.19499 0.20550
-0.59339 0.19010 0.20550
-0.63460 0.17568 0.20550
-0.67157 0.15245 0.20550
-0.70245 0.12157 0.20550
-0.72568 0.08460 0.20550
-0.74010 0.04339 0.20550
-0.74499 0.00000 0.20550
-0.74010 -0.04339 0.20550
-0.72568 -0.08460 0.20550
-0.70245 -0.12157 0.20550
-0.67157 -0.15245 0.20550
-0.63460 -0.17568 0.20550
-0.59339 -0.19010 0.20550
-0.55000 -0.19499 0.20550
-0.50661 -0.19010 0.20550
-0.46540 -0.17568 0.20550
-0.42843 -0.15245 0.20550
-0.39755 -0.12157 0.20550
-0.37432 -0.08460 0.20550
-0.35990 -0.04339 0.20550
-0.35501 -0.00000 0.20550
-0.36981 0.00000 0.16322
-0.37432 0.04010 0.16322
-0.38765 0.07818 0.16322
-0.40912 0.11235 0.16322
-0.43765 0.14088 0.16322
-0.47182 0.16235 0.16322
-0.50990 0.17568 0.16322
-0.55000 0.18019 0.16322
-0.59010 0.17568 0.16322
-0.62818 0.16235 0.16322
-0.66235 0.14088 0.16322
-0.69088 0.11235 0.16322
-0.71235 0.07818 0.16322
-0.72568 0.04010 0.16322
-0.73019 0.00000 0.16322
-0.72568 -0.04010 0.16322
-0.71235 -0.07818 0.16322
-0.69088 -0.11235 0.16322
-0.66235 -0.14088 0.16322
-0.62818 -0.16235 0.16322
-0.59010 -0.17568 0.16322
-0.55000 -0.18019 0.16322
-0.50990 -0.17568 0.16322
-0.47182 -0.16235 0.16322
-0.43765 -0.14088 0.16322
-0.40912 -0.11235 0.16322
-0.38765 -0.07818 0.16322
-0.37432 -0.04010 0.16322
-0.36981 -0.00000 0.16322
-0.39363 0.00000 0.12530
-0.39755 0.03479 0.12530
-0.40912 0.06784 0.12530
-0.42775 0.09749 0.12530
-0.45251 0.12225 0.12530
-0.48216 0.14088 0.12530
-0.51521 0.15245 0.12530
-0.55000 0.15637 0.12530
-0.58479 0.15245 0.12530
-0.61784 0.14088 0.12530
-0.64749 0.12225 0.12530
-0.67225 0.09749 0.12530
-0.69088 0.06784 0.12530
-0.70245 0.03479 0.12530
-0.70637 0.00000 0.12530
-0.70245 -0.03479 0.12530
-0.69088 -0.06784 0.12530
-0.67225 -0.09749 0.12530
-0.64749 -0.12225 0.12530
-0.61784 -0.14088 0.12530
-0.58479 -0.15245 0.12530
-0.55000 -0.15637 0.12530
-0.51521 -0.15245 0.12530
-0.48216 -0.14088 0.12530
-0.45251 -0.12225 0.12530
-0.42775 -0.09749 0.12530
-0.40912 -0.06784 0.12530
-0.39755 -0.03479 0.12530
-0.39363 -0.00000 0.12530
-0.42530 0.00000 0.09363
-0.42843 0.02775 0.09363
-0.43765 0.05410 0.09363
-0.45251 0.07775 0.09363
-0.47225 0.09749 0.09363
-0.49590 0.11235 0.09363
-0.52225 0.12157 0.09363
-0.55000 0.12470 0.09363
-0.57775 0.12157 0.09363
-0.60410 0.11235 0.09363
-0.62775 0.09749 0.09363
-0.64749 0.07775 0.09363
-0.66235 0.05410 0.09363
-0.67157 0.02775 0.09363
-0.67470 0.00000 0.09363
-0.67157 -0.02775 0.09363
-0.66235 -0.05410 0.09363
-0.64749 -0.07775 0.09363
-0.62775 -0.09749 0.09363
-0.60410 -0.11235 0.09363
-0.57775 -0.12157 0.09363
-0.55000 -0.12470 0.09363
-0.52225 -0.12157 0.09363
-0.49590 -0.11235 0.09363
-0.47225 -0.09749 0.09363
-0.45251 -0.07775 0.09363
-0.43765 -0.05410 0.09363
-0.42843 -0.02775 0.09363
-0.42530 -0.00000 0.09363
-0.46322 0.00000 0.06981
-0.46540 0.01931 0.06981
-0.47182 0.03765 0.06981
-0.48216 0.05410 0.06981
-0.49590 0.06784 0.06981
-0.51235 0.07818 0.06981
-0.53069 0.08460 0.06981
-0.55000 0.08678 0.06981
-0.56931 0.08460 0.06981
-0.58765 0.07818 0.06981
-0.60410 0.06784 0.06981
-0.61784 0.05410 0.06981
-0.62818 0.03765 0.06981
-0.63460 0.01931 0.06981
-0.63678 0.00000 0.06981
-0.63460 -0.01931 0.06981
-0.62818 -0.03765 0.06981
-0.61784 -0.05410 0.06981
-0.60410 -0.06784 0.06981
-0.58765 -0.07818 0.06981
-0.56931 -0.08460 0.06981
-0.55000 -0.08678 0.06981
-0.53069 -0.08460 0.06981
-0.51235 -0.07818 0.06981
-0.49590 -0.06784 0.06981
-0.48216 -0.05410 0.06981
-0.47182 -0.03765 0.06981
-0.46540 -0.01931 0.06981
-0.46322 -0.00000 0.06981
-0.50550 0.00000 0.05501
-0.50661 0.00990 0.05501
-0.50990 0.01931 0.05501
-0.51521 0.02775 0.05501
-0.52225 0.03479 0.05501
-0.53069 0.04010 0.05501
-0.54010 0.04339 0.05501
-0.55000 0.04450 0.05501
-0.55990 0.04339 0.05501
-0.56931 0.04010 0.05501
-0.57775 0.03479 0.05501
-0.58479 0.02775 0.05501
-0.59010 0.01931 0.05501
-0.59339 0.00990 0.05501
-0.59450 0.00000 0.05501
-0.59339 -0.00990 0.05501
-0.59010 -0.01931 0.05501
-0.58479 -0.02775 0.05501
-0.57775 -0.03479 0.05501
-0.56931 -0.04010 0.05501
-0.55990 -0.04339 0.05501
-0.55000 -0.04450 0.05501
-0.54010 -0.04339 0.05501
-0.53069 -0.04010 0.05501
-0.52225 -0.03479 0.05501
-0.51521 -0.02775 0.05501
-0.50990 -0.01931 0.05501
-0.50661 -0.00990 0.05501
-0.50550 -0.00000 0.05501
-0.55000 0.00000 0.05000
-0.55000 0.00000 0.05000
-0.55000 0.00000 0.05000
-0.55000 0.00000 0.05000
-0.55000 0.00000 0.05000
-0.55000 0.00000 0.05000
-0.55000 0.00000 0.05000
-0.55000 0.00000 0.05000
-0.55000 0.00000 0.05000
-0.55000 0.00000 0.05000
-0.55000 0.00000 0.05000
-0.55000 0.00000 0.05000
-0.55000 0.00000 0.05000
-0.55000 0.00000 0.05000
-0.55000 0.00000 0.05000
-0.55000 -0.00000 0.05000
-0.55000 -0.00000 0.05000
-0.55000 -0.00000 0.05000
-0.55000 -0.00000 0.05000
-0.55000 -0.00000 0.05000
-0.55000 -0.00000 0.05000
-0.55000 -0.00000 0.05000
-0.55000 -0.00000 0.05000
-0.55000 -0.00000 0.05000
-0.55000 -0.00000 0.05000
-0.55000 -0.00000 0.05000
-0.55000 -0.00000 0.05000
-0.55000 -0.00000 0.05000
-0.55000 -0.00000 0.05000
-0.35000 -0.35000 0.45000
-0.35000 -0.35000 0.45000
-0.35000 -0.35000 0.45000
-0.35000 -0.35000 0.45000
-0.35000 -0.35000 0.45000
-0.35000 -0.35000 0.45000
-0.35000 -0.35000 0.45000
-0.35000 -0.35000 0.45000
-0.35000 -0.35000 0.45000
-0.35000 -0.35000 0.45000
-0.35000 -0.35000 0.45000
-0.35000 -0.35000 0.45000
-0.35000 -0.35000 0.45000
-0.35000 -0.35000 0.45000
-0.35000 -0.35000 0.45000
-0.35000 -0.35000 0.45000
-0.35000 -0.35000 0.45000
-0.35000 -0.35000 0.45000
-0.35000 -0.35000 0.45000
-0.35000 -0.35000 0.45000
-0.35000 -0.35000 0.45000
-0.35000 -0.35000 0.45000
-0.35000 -0.35000 0.45000
-0.35000 -0.35000 0.45000
-0.35000 -0.35000 0.45000
-0.35000 -0.35000 0.45000
-0.35000 -0.35000 0.45000
-0.35000 -0.35000 0.45000
-0.35000 -0.35000 0.45000
-0.30550 -0.35000 0.44499
-0.30661 -0.34010 0.44499
-0.30990 -0.33069 0.44499
-0.31521 -0.32225 0.44499
-0.32225 -0.31521 0.44499
-0.33069 -0.30990 0.44499
-0.34010 -0.30661 0.44499
-0.35000 -0.30550 0.44499
-0.35990 -0.30661 0.44499
-0.36931 -0.30990 0.44499
-0.37775 -0.31521 0.44499
-0.38479 -0.32225 0.44499
-0.39010 -0.33069 0.44499
-0.39339 -0.34010 0.44499
-0.39450 -0.35000 0.44499
-0.39339 -0.35990 0.44499
-0.39010 -0.36931 0.44499
-0.38479 -0.37775 0.44499
-0.37775 -0.38479 0.44499
-0.36931 -0.39010 0.44499
-0.35990 -0.39339 0.44499
-0.35000 -0.39450 0.44499
-0.34010 -0.39339 0.44499
-0.33069 -0.39010 0.44499
-0.32225 -0.38479 0.44499
-0.31521 -0.37775 0.44499
-0.30990 -0.36931 0.44499
-0.30661 -0.35990 0.44499
-0.30550 -0.35000 0.44499
-0.26322 -0.35000 0.43019
-0.26540 -0.33069 0.43019
-0.27182 -0.31235 0.43019
-0.28216 -0.29590 0.43019
-0.29590 -0.28216 0.43019
-0.31235 -0.27182 0.43019
-0.33069 -0.26540 0.43019
-0.35000 -0.26322 0.43019
-0.36931 -0.26540 0.43019
-0.38765 -0.27182 0.43019
-0.40410 -0.28216 0.43019
-0.41784 -0.29590 0.43019
-0.42818 -0.31235 0.43019
-0.43460 -0.33069 0.43019
-0.43678 -0.35000 0.43019
-0.43460 -0.36931 0.43019
-0.42818 -0.38765 0.43019
-0.41784 -0.40410 0.43019
-0.40410 -0.41784 0.43019
-0.38765 -0.42818 0.43019
-0.36931 -0.43460 0.43019
-0.35000 -0.43678 0.43019
-0.33069 -0.43460 0.43019
-0.31235 -0.42818 0.43019
-0.29590 -0.41784 0.43019
-0.28216 -0.40410 0.43019
-0.27182 -0.38765 0.43019
-0.26540 -0.36931 0.43019
-0.26322 -0.35000 0.43019
-0.22530 -0.35000 0.40637
-0.22843 -0.32225 0.40637
-0.23765 -0.29590 0.40637
-0.25251 -0.27225 0.40637
-0.27225 -0.25251 0.40637
-0.29590 -0.23765 0.40637
-0.32225 -0.22843 0.40637
-0.35000 -0.22530 0.40637
-0.37775 -0.22843 0.40637
-0.40410 -0.23765 0.40637
-0.42775 -0.25251 0.40637
-0.44749 -0.27225 0.40637
-0.46235 -0.29590 0.40637
-0.47157 -0.32225 0.40637
-0.47470 -0.35000 0.40637
-0.47157 -0.37775 0.40637
-0.46235 -0.40410 0.40637
-0.44749 -0.42775 0.40637
-0.42775 -0.44749 0.40637
-0.40410 -0.46235 0.40637
-0.37775 -0.47157 0.40637
-0.35000 -0.47470 0.40637
-0.32225 -0.47157 0.40637
-0.29590 -0.46235 0.40637
-0.27225 -0.44749 0.40637
-0.25251 -0.42775 0.40637
-0.23765 -0.40410 0.40637
-0.22843 -0.37775 0.40637
-0.22530 -0.35000 0.40637
-0.19363 -0.35000 0.37470
-0.19755 -0.31521 0.37470
-0.20912 -0.28216 0.37470
-0.22775 -0.25251 0.37470
-0.25251 -0.22775 0.37470
-0.28216 -0.20912 0.37470
-0.31521 -0.19755 0.37470
-0.35000 -0.19363 0.37470
-0.38479 -0.19755 0.37470
-0.41784 -0.20912 0.37470
-0.44749 -0.22775 0.37470
-0.47225 -0.25251 0.37470
-0.49088 -0.28216 0.37470
-0.50245 -0.31521 0.37470
-0.50637 -0.35000 0.37470
-0.50245 -0.38479 0.37470
-0.49088 -0.41784 0.37470
-0.47225 -0.44749 0.37470
-0.44749 -0.47225 0.37470
-0.41784 -0.49088 0.37470
-0.38479 -0.50245 0.37470
-0.35000 -0.50637 0.37470
-0.31521 -0.50245 0.37470
-0.28216 -0.49088 0.37470
-0.25251 -0.47225 0.37470
-0.22775 -0.44749 0.37470
-0.20912 -0.41784 0.37470
-0.19755 -0.38479 0.37470
-0.19363 -0.35000 0.37470
-0.16981 -0.35000 0.33678
-0.17432 -0.30990 0.33678
-0.18765 -0.27182 0.33678
-0.20912 -0.23765 0.33678
-0.23765 -0.20912 0.33678
-0.27182 -0.18765 0.33678
-0.30990 -0.17432 0.33678
-0.35000 -0.16981 0.33678
-0.39010 -0.17432 0.33678
-0.42818 -0.18765 0.33678
-0.46235 -0.20912 0.33678
-0.49088 -0.23765 0.33678
-0.51235 -0.27182 0.33678
-0.52568 -0.30990 0.33678
-0.53019 -0.35000 0.33678
-0.52568 -0.39010 0.33678
-0.51235 -0.42818 0.33678
-0.49088 -0.46235 0.33678
-0.46235 -0.49088 0.33678
-0.42818 -0.51235 0.33678
-0.39010 -0.52568 0.33678
-0.35000 -0.53019 0.33678
-0.30990 -0.52568 0.33678
-0.27182 -0.51235 0.33678
-0.23765 -0.49088 0.33678
-0.20912 -0.46235 0.33678
-0.18765 -0.42818 0.33678
-0.17432 -0.39010 0.33678
-0.16981 -0.35000 0.33678
-0.15501 -0.35000 0.29450
-0.15990 -0.30661 0.29450
-0.17432 -0.26540 0.29450
-0.19755 -0.22843 0.29450
-0.22843 -0.19755 0.29450
-0.26540 -0.17432 0.29450
-0.30661 -0.15990 0.29450
-0.35000 -0.15501 0.29450
-0.39339 -0.15990 0.29450
-0.43460 -0.17432 0.29450
-0.47157 -0.19755 0.29450
-0.50245 -0.22843 0.29450
-0.52568 -0.26540 0.29450
-0.54010 -0.30661 0.29450
-0.54499 -0.35000 0.29450
-0.54010 -0.39339 0.29450
-0.52568 -0.43460 0.29450
-0.50245 -0.47157 0.29450
-0.47157 -0.50245 0.29450
-0.43460 -0.52568 0.29450
-0.39339 -0.54010 0.29450
-0.35000 -0.54499 0.29450
-0.30661 -0.54010 0.29450
-0.26540 -0.52568 0.29450
-0.22843 -0.50245 0.29450
-0.19755 -0.47157 0.29450
-0.17432 -0.43460 0.29450
-0.15990 -0.39339 0.29450
-0.15501 -0.35000 0.29450
-0.15000 -0.35000 0.25000
-0.15501 -0.30550 0.25000
-0.16981 -0.26322 0.25000
-0.19363 -0.22530 0.25000
-0.22530 -0.19363 0.25000
-0.26322 -0.16981 0.25000
-0.30550 -0.15501 0.25000
-0.35000 -0.15000 0.25000
-0.39450 -0.15501 0.25000
-0.43678 -0.16981 0.25000
-0.47470 -0.19363 0.25000
-0.50637 -0.22530 0.25000
-0.53019 -0.26322 0.25000
-0.54499 -0.30550 0.25000
-0.55000 -0.35000 0.25000
-0.54499 -0.39450 0.25000
-0.53019 -0.43678 0.25000
-0.50637 -0.47470 0.25000
-0.47470 -0.50637 0.25000
-0.43678 -0.53019 0.25000
-0.39450 -0.54499 0.25000
-0.35000 -0.55000 0.25000
-0.30550 -0.54499 0.25000
-0.26322 -0.53019 0.25000
-0.22530 -0.50637 0.25000
-0.19363 -0.47470 0.25000
-0.16981 -0.43678 0.25000
-0.15501 -0.39450 0.25000
-0.15000 -0.35000 0.25000
-0.15501 -0.35000 0.20550
-0.15990 -0.30661 0.20550
-0.17432 -0.26540 0.20550
-0.19755 -0.22843 0.20550
-0.22843 -0.19755 0.20550
-0.26540 -0.17432 0.20550
-0.30661 -0.15990 0.20550
-0.35000 -0.15501 0.20550
-0.39339 -0.15990 0.20550
-0.43460 -0.17432 0.20550
-0.47157 -0.19755 0.20550
-0.50245 -0.22843 0.20550
-0.52568 -0.26540 0.20550
-0.54010 -0.30661 0.20550
-0.54499 -0.35000 0.20550
-0.54010 -0.39339 0.20550
-0.52568 -0.43460 0.20550
-0.50245 -0.47157 0.20550
-0.47157 -0.50245 0.20550
-0.43460 -0.52568 0.20550
-0.39339 -0.54010 0.20550
-0.35000 -0.54499 0.20550
-0.30661 -0.54010 0.20550
-0.26540 -0.52568 0.20550
-0.22843 -0.50245 0.20550
-0.19755 -0.47157 0.20550
-0.17432 -0.43460 0.20550
-0.15990 -0.39339 0.20550
-0.15501 -0.35000 0.20550
-0.16981 -0.35000 0.16322
-0.17432 -0.30990 0.16322
-0.18765 -0.27182 0.16322
-0.20912 -0.23765 0.16322
-0.23765 -0.20912 0.16322
-0.27182 -0.18765 0.16322
-0.30990 -0.17432 0.16322
-0.35000 -0.16981 0.16322
-0.39010 -0.17432 0.16322
-0.42818 -0.18765 0.16322
-0.46235 -0.20912 0.16322
-0.49088 -0.23765 0.16322
-0.51235 -0.27182 0.16322
-0.52568 -0.30990 0.16322
-0.53019 -0.35000 0.16322
-0.52568 -0.39010 0.16322
-0.51235 -0.42818 0.16322
-0.49088 -0.46235 0.16322
-0.46235 -0.49088 0.16322
-0.42818 -0.51235 0.16322
-0.39010 -0.52568 0.16322
-0.35000 -0.53019 0.16322
-0.30990 -0.52568 0.16322
-0.27182 -0.51235 0.16322
-0.23765 -0.49088 0.16322
-0.20912 -0.46235 0.16322
-0.18765 -0.42818 0.16322
-0.17432 -0.39010 0.16322
-0.16981 -0.35000 0.16322
-0.19363 -0.35000 0.12530
-0.19755 -0.31521 0.12530
-0.20912 -0.28216 0.12530
-0.22775 -0.25251 0.12530
-0.25251 -0.22775 0.12530
-0.28216 -0.20912 0.12530
-0.31521 -0.19755 0.12530
-0.35000 -0.19363 0.12530
-0.38479 -0.19755 0.12530
-0.41784 -0.20912 0.12530
-0.44749 -0.22775 0.12530
-0.47225 -0.25251 0.12530
-0.49088 -0.28216 0.12530
-0.50245 -0.31521 0.12530
-0.50637 -0.35000 0.12530
-0.50245 -0.38479 0.12530
-0.49088 -0.41784 0.12530
-0.47225 -0.44749 0.12530
-0.44749 -0.47225 0.12530
-0.41784 -0.49088 0.12530
-0.38479 -0.50245 0.12530
-0.35000 -0.50637 0.12530
-0.31521 -0.50245 0.12530
-0.28216 -0.49088 0.12530
-0.25251 -0.47225 0.12530
-0.22775 -0.44749 0.12530
-0.20912 -0.41784 0.12530
-0.19755 -0.38479 0.12530
-0.19363 -0.35000 0.12530
-0.22530 -0.35000 0.09363
-0.22843 -0.32225 0.09363
-0.23765 -0.29590 0.09363
-0.25251 -0.27225 0.09363
-0.27225 -0.25251 0.09363
-0.29590 -0.23765 0.09363
-0.32225 -0.22843 0.09363
-0.35000 -0.22530 0.09363
-0.37775 -0.22843 0.09363
-0.40410 -0.23765 0.09363
-0.42775 -0.25251 0.09363
-0.44749 -0.27225 0.09363
-0.46235 -0.29590 0.09363
-0.47157 -0.32225 0.09363
-0.47470 -0.35000 0.09363
-0.47157 -0.37775 0.09363
-0.46235 -0.40410 0.09363
-0.44749 -0.42775 0.09363
-0.42775 -0.44749 0.09363
-0.40410 -0.46235 0.09363
-0.37775 -0.47157 0.09363
-0.35000 -0.47470 0.09363
-0.32225 -0.47157 0.09363
-0.29590 -0.46235 0.09363
-0.27225 -0.44749 0.09363
-0.25251 -0.42775 0.09363
-0.23765 -0.40410 0.09363
-0.22843 -0.37775 0.09363
-0.22530 -0.35000 0.09363
-0.26322 -0.35000 0.06981
-0.26540 -0.33069 0.06981
-0.27182 -0.31235 0.06981
-0.28216 -0.29590 0.06981
-0.29590 -0.28216 0.06981
-0.31235 -0.27182 0.06981
-0.33069 -0.26540 0.06981
-0.35000 -0.26322 0.06981
-0.36931 -0.26540 0.06981
-0.38765 -0.27182 0.06981
-0.40410 -0.28216 0.06981
-0.41784 -0.29590 0.06981
-0.42818 -0.31235 0.06981
-0.43460 -0.33069 0.06981
-0.43678 -0.35000 0.06981
-0.43460 -0.36931 0.06981
-0.42818 -0.38765 0.06981
-0.41784 -0.40410 0.06981
-0.40410 -0.41784 0.06981
-0.38765 -0.42818 0.06981
-0.36931 -0.43460 0.06981
-0.35000 -0.43678 0.06981
-0.33069 -0.43460 0.06981
-0.31235 -0.42818 0.06981
-0.29590 -0.41784 0.06981
-0.28216 -0.40410 0.06981
-0.27182 -0.38765 0.06981
-0.26540 -0.36931 0.06981
-0.26322 -0.35000 0.06981
-0.30550 -0.35000 0.05501
-0.30661 -0.34010 0.05501
-0.30990 -0.33069 0.05501
-0.31521 -0.32225 0.05501
-0.32225 -0.31521 0.05501
-0.33069 -0.30990 0.05501
-0.34010 -0.30661 0.05501
-0.35000 -0.30550 0.05501
-0.35990 -0.30661 0.05501
-0.36931 -0.30990 0.05501
-0.37775 -0.31521 0.05501
-0.38479 -0.32225 0.05501
-0.39010 -0.33069 0.05501
-0.39339 -0.34010 0.05501
-0.39450 -0.35000 0.05501
-0.39339 -0.35990 0.05501
-0.39010 -0.36931 0.05501
-0.38479 -0.37775 0.05501
-0.37775 -0.38479 0.05501
-0.36931 -0.39010 0.05501
-0.35990 -0.39339 0.05501
-0.35000 -0.39450 0.05501
-0.34010 -0.39339 0.05501
-0.33069 -0.39010 0.05501
-0.32225 -0.38479 0.05501
-0.31521 -0.37775 0.05501
-0.30990 -0.36931 0.05501
-0.30661 -0.35990 0.05501
-0.30550 -0.35000 0.05501
-0.35000 -0.35000 0.05000
-0.35000 -0.35000 0.05000
-0.35000 -0.35000 0.05000
-0.35000 -0.35000 0.05000
-0.35000 -0.35000 0.05000
-0.35000 -0.35000 0.05000
-0.35000 -0.35000 0.05000
-0.35000 -0.35000 0.05000
-0.35000 -0.35000 0.05000
-0.35000 -0.35000 0.05000
-0.35000 -0.35000 0.05000
-0.35000 -0.35000 0.05000
-0.35000 -0.35000 0.05000
-0.35000 -0.35000 0.05000
-0.35000 -0.35000 0.05000
-0.35000 -0.35000 0.05000
-0.35000 -0.35000 0.05000
-0.35000 -0.35000 0.05000
-0.35000 -0.35000 0.05000
-0.35000 -0.35000 0.05000
-0.35000 -0.35000 0.05000
-0.35000 -0.35000 0.05000
-0.35000 -0.35000 0.05000
-0.35000 -0.35000 0.05000
-0.35000 -0.35000 0.05000
-0.35000 -0.35000 0.05000
-0.35000 -0.35000 0.05000
-0.35000 -0.35000 0.05000
-0.35000 -0.35000 0.05000
0.00000 -0.55000 0.45000
0.00000 -0.55000 0.45000
0.00000 -0.55000 0.45000
0.00000 -0.55000 0.45000
0.00000 -0.55000 0.45000
0.00000 -0.55000 0.45000
0.00000 -0.55000 0.45000
0.00000 -0.55000 0.45000
0.00000 -0.55000 0.45000
0.00000 -0.55000 0.45000
0.00000 -0.55000 0.45000
0.00000 -0.55000 0.45000
0.00000 -0.55000 0.45000
0.00000 -0.55000 0.45000
0.00000 -0.55000 0.45000
0.00000 -0.55000 0.45000
0.00000 -0.55000 0.45000
0.00000 -0.55000 0.45000
0.00000 -0.55000 0.45000
0.00000 -0.55000 0.45000
0.00000 -0.55000 0.45000
0.00000 -0.55000 0.45000
0.00000 -0.55000 0.45000
0.00000 -0.55000 0.45000
0.00000 -0.55000 0.45000
0.00000 -0.55000 0.45000
0.00000 -0.55000 0.45000
0.00000 -0.55000 0.45000
0.00000 -0.55000 0.45000
0.04450 -0.55000 0.44499
0.04339 -0.54010 0.44499
0.04010 -0.53069 0.44499
0.03479 -0.52225 0.44499
0.02775 -0.51521 0.44499
0.01931 -0.50990 0.44499
0.00990 -0.50661 0.44499
0.00000 -0.50550 0.44499
-0.00990 -0.50661 0.44499
-0.01931 -0.50990 0.44499
-0.02775 -0.51521 0.44499
-0.03479 -0.52225 0.44499
-0.04010 -0.53069 0.44499
-0.04339 -0.54010 0.44499
-0.04450 -0.55000 0.44499
-0.04339 -0.55990 0.44499
-0.04010 -0.56931 0.44499
-0.03479 -0.57775 0.44499
-0.02775 -0.58479 0.44499
-0.01931 -0.59010 0.44499
-0.00990 -0.59339 0.44499
-0.00000 -0.59450 0.44499
0.00990 -0.59339 0.44499
0.01931 -0.59010 0.44499
0.02775 -0.58479 0.44499
0.03479 -0.57775 0.44499
0.04010 -0.56931 0.44499
0.04339 -0.55990 0.44499
0.04450 -0.55000 0.44499
0.08678 -0.55000 0.43019
0.08460 -0.53069 0.43019
0.07818 -0.51235 0.43019
0.06784 -0.49590 0.43019
0.05410 -0.48216 0.43019
0.03765 -0.47182 0.43019
0.01931 -0.46540 0.43019
0.00000 -0.46322 0.43019
-0.01931 -0.46540 0.43019
-0.03765 -0.47182 0.43019
-0.05410 -0.48216 0.43019
-0.06784 -0.49590 0.43019
-0.07818 -0.51235 0.43019
-0.08460 -0.53069 0.43019
-0.08678 -0.55000 0.43019
-0.08460 -0.56931 0.43019
-0.07818 -0.58765 0.43019
-0.06784 -0.60410 0.43019
-0.05410 -0.61784 0.43019
-0.03765 -0.62818 0.43019
-0.01931 -0.63460 0.43019
-0.00000 -0.63678 0.43019
0.01931 -0.63460 0.43019
0.03765 -0.62818 0.43019
0.05410 -0.61784 0.43019
0.06784 -0.60410 0.43019
0.07818 -0.58765 0.43019
0.08460 -0.56931 0.43019
0.08678 -0.55000 0.43019
0.12470 -0.55000 0.40637
0.12157 -0.52225 0.40637
0.11235 -0.49590 0.40637
0.09749 -0.47225 0.40637
0.07775 -0.45251 0.40637
0.05410 -0.43765 0.40637
0.02775 -0.42843 0.40637
0.00000 -0.42530 0.40637
-0.02775 -0.42843 0.40637
-0.05410 -0.43765 0.40637
-0.07775 -0.45251 0.40637
-0.09749 -0.47225 0.40637
-0.11235 -0.49590 0.40637
-0.12157 -0.52225 0.40637
-0.12470 -0.55000 0.40637
-0.12157 -0.57775 0.40637
-0.11235 -0.60410 0.40637
-0.09749 -0.62775 0.40637
-0.07775 -0.64749 0.40637
-0.05410 -0.66235 0.40637
-0.02775 -0.67157 0.40637
-0.00000 -0.67470 0.40637
0.02775 -0.67157 0.40637
0.05410 -0.66235 0.40637
0.07775 -0.64749 0.40637
0.09749 -0.62775 0.40637
0.11235 -0.60410 0.40637
0.12157 -0.57775 0.40637
0.12470 -0.55000 0.40637
0.15637 -0.55000 0.37470
0.15245 -0.51521 0.37470
0.14088 -0.48216 0.37470
0.12225 -0.45251 0.37470
0.09749 -0.42775 0.37470
0.06784 -0.40912 0.37470
0.03479 -0.39755 0.37470
0.00000 -0.39363 0.37470
-0.03479 -0.39755 0.37470
-0.06784 -0.40912 0.37470
-0.09749 -0.42775 0.37470
-0.12225 -0.45251 0.37470
-0.14088 -0.48216 0.37470
-0.15245 -0.51521 0.37470
-0.15637 -0.55000 0.37470
-0.15245 -0.58479 0.37470
-0.14088 -0.61784 0.37470
-0.12225 -0.64749 0.37470
-0.09749 -0.67225 0.37470
-0.06784 -0.69088 0.37470
-0.03479 -0.70245 0.37470
-0.00000 -0.70637 0.37470
0.03479 -0.70245 0.37470
0.06784 -0.69088 0.37470
0.09749 -0.67225 0.37470
0.12225 -0.64749 0.37470
0.14088 -0.61784 0.37470
0.15245 -0.58479 0.37470
0.15637 -0.55000 0.37470
0.18019 -0.55000 0.33678
0.17568 -0.50990 0.33678
0.16235 -0.47182 0.33678
0.14088 -0.43765 0.33678
0.11235 -0.40912 0.33678
0.07818 -0.38765 0.33678
0.04010 -0.37432 0.33678
0.00000 -0.36981 0.33678
-0.04010 -0.37432 0.33678
-0.07818 -0.38765 0.33678
-0.11235 -0.40912 0.33678
-0.14088 -0.43765 0.33678
-0.16235 -0.47182 0.33678
-0.17568 -0.50990 0.33678
-0.18019 -0.55000 0.33678
-0.17568 -0.59010 0.33678
-0.16235 -0.62818 0.33678
-0.14088 -0.66235 0.33678
-0.11235 -0.69088 0.33678
-0.07818 -0.71235 0.33678
-0.04010 -0.72568 0.33678
-0.00000 -0.73019 0.33678
0.04010 -0.72568 0.33678
0.07818 -0.71235 0.33678
0.11235 -0.69088 0.33678
0.14088 -0.66235 0.33678
0.16235 -0.62818 0.33678
0.17568 -0.59010 0.33678
0.18019 -0.55000 0.33678
0.19499 -0.55000 0.29450
0.19010 -0.50661 0.29450
0.17568 -0.46540 0.29450
0.15245 -0.42843 0.29450
0.12157 -0.39755 0.29450
0.08460 -0.37432 0.29450
0.04339 -0.35990 0.29450
0.00000 -0.35501 0.29450
-0.04339 -0.35990 0.29450
-0.08460 -0.37432 0.29450
-0.12157 -0.39755 0.29450
-0.15245 -0.42843 0.29450
-0.17568 -0.46540 0.29450
-0.19010 -0.50661 0.29450
-0.19499 -0.55000 0.29450
-0.19010 -0.59339 0.29450
-0.17568 -0.63460 0.29450
-0.15245 -0.67157 0.29450
-0.12157 -0.70245 0.29450
-0.08460 -0.72568 0.29450
-0.04339 -0.74010 0.29450
-0.00000 -0.74499 0.29450
0.04339 -0.74010 0.29450
0.08460 -0.72568 0.29450
0.12157 -0.70245 0.29450
0.15245 -0.67157 0.29450
0.17568 -0.63460 0.29450
0.19010 -0.59339 0.29450
0.19499 -0.55000 0.29450
0.20000 -0.55000 0.25000
0.19499 -0.50550 0.25000
0.18019 -0.46322 0.25000
0.15637 -0.42530 0.25000
0.12470 -0.39363 0.25000
0.08678 -0.36981 0.25000
0.04450 -0.35501 0.25000
0.00000 -0.35000 0.25000
-0.04450 -0.35501 0.25000
-0.08678 -0.36981 0.25000
-0.12470 -0.39363 0.25000
-0.15637 -0.42530 0.25000
-0.18019 -0.46322 0.25000
-0.19499 -0.50550 0.25000
-0.20000 -0.55000 0.25000
-0.19499 -0.59450 0.25000
-0.18019 -0.63678 0.25000
-0.15637 -0.67470 0.25000
-0.12470 -0.70637 0.25000
-0.08678 -0.73019 0.25000
-0.04450 -0.74499 0.25000
-0.00000 -0.75000 0.25000
0.04450 -0.74499 0.25000
0.08678 -0.73019 0.25000
0.12470 -0.70637 0.25000
0.15637 -0.67470 0.25000
0.18019 -0.63678 0.25000
0.19499 -0.59450 0.25000
0.20000 -0.55000 0.25000
0.19499 -0.55000 0.20550
0.19010 -0.50661 0.20550
0.17568 -0.46540 0.20550
0.15245 -0.42843 0.20550
0.12157 -0.39755 0.20550
0.08460 -0.37432 0.20550
0.04339 -0.35990 0.20550
0.00000 -0.35501 0.20550
-0.04339 -0.35990 0.20550
-0.08460 -0.37432 0.20550
-0.12157 -0.39755 0.20550
-0.15245 -0.42843 0.20550
-0.17568 -0.46540 0.20550
-0.19010 -0.50661 0.20550
-0.19499 -0.55000 0.20550
-0.19010 -0.59339 0.20550
-0.17568 -0.63460 0.20550
-0.15245 -0.67157 0.20550
-0.12157 -0.70245 0.20550
-0.08460 -0.72568 0.20550
-0.04339 -0.74010 0.20550
-0.00000 -0.74499 0.20550
0.04339 -0.74010 0.20550
0.08460 -0.72568 0.20550
0.12157 -0.70245 0.20550
0.15245 -0.67157 0.20550
0.17568 -0.63460 0.20550
0.19010 -0.59339 0.20550
0.19499 -0.55000 0.20550
0.18019 -0.55000 0.16322
0.17568 -0.50990 0.16322
0.16235 -0.47182 0.16322
0.14088 -0.43765 0.16322
0.11235 -0.40912 0.16322
0.07818 -0.38765 0.16322
0.04010 -0.37432 0.16322
0.00000 -0.36981 0.16322
-0.04010 -0.37432 0.16322
-0.07818 -0.38765 0.16322
-0.11235 -0.40912 0.16322
-0.14088 -0.43765 0.16322
-0.16235 -0.47182 0.16322
-0.17568 -0.50990 0.16322
-0.18019 -0.55000 0.16322
-0.17568 -0.59010 0.16322
-0.16235 -0.62818 0.16322
-0.14088 -0.66235 0.16322
-0.11235 -0.69088 0.16322
-0.07818 -0.71235 0.16322
-0.04010 -0.72568 0.16322
-0.00000 -0.73019 0.16322
0.04010 -0.72568 0.16322
0.07818 -0.71235 0.16322
0.11235 -0.69088 0.16322
0.14088 -0.66235 0.16322
0.16235 -0.62818 0.16322
0.17568 -0.59010 0.16322
0.18019 -0.55000 0.16322
0.15637 -0.55000 0.12530
0.15245 -0.51521 0.12530
0.14088 -0.48216 0.12530
0.12225 -0.45251 0.12530
0.09749 -0.42775 0.12530
0.06784 -0.40912 0.12530
0.03479 -0.39755 0.12530
0.00000 -0.39363 0.12530
-0.03479 -0.39755 0.12530
-0.06784 -0.40912 0.12530
-0.09749 -0.42775 0.12530
-0.12225 -0.45251 0.12530
-0.14088 -0.48216 0.12530
-0.15245 -0.51521 0.12530
-0.15637 -0.55000 0.12530
-0.15245 -0.58479 0.12530
-0.14088 -0.61784 0.12530
-0.12225 -0.64749 0.12530
-0.09749 -0.67225 0.12530
-0.06784 -0.69088 0.12530
-0.03479 -0.70245 0.12530
-0.00000 -0.70637 0.12530
0.03479 -0.70245 0.12530
0.06784 -0.69088 0.12530
0.09749 -0.67225 0.12530
0.12225 -0.64749 0.12530
0.14088 -0.61784 0.12530
0.15245 -0.58479 0.12530
0.15637 -0.55000 0.12530
0.12470 -0.55000 0.09363
0.12157 -0.52225 0.09363
0.11235 -0.49590 0.09363
0.09749 -0.47225 0.09363
0.07775 -0.45251 0.09363
0.05410 -0.43765 0.09363
0.02775 -0.42843 0.09363
0.00000 -0.42530 0.09363
-0.02775 -0.42843 0.09363
-0.05410 -0.43765 0.09363
-0.07775 -0.45251 0.09363
-0.09749 -0.47225 0.09363
-0.11235 -0.49590 0.09363
-0.12157 -0.52225 0.09363
-0.12470 -0.55000 0.09363
-0.12157 -0.57775 0.09363
-0.11235 -0.60410 0.09363
-0.09749 -0.62775 0.09363
-0.07775 -0.64749 0.09363
-0.05410 -0.66235 0.09363
-0.02775 -0.67157 0.09363
-0.00000 -0.67470 0.09363
0.02775 -0.67157 0.09363
0.05410 -0.66235 0.09363
0.07775 -0.64749 0.09363
0.09749 -0.62775 0.09363
0.11235 -0.60410 0.09363
0.12157 -0.57775 0.09363
0.12470 -0.55000 0.09363
0.08678 -0.55000 0.06981
0.08460 -0.53069 0.06981
0.07818 -0.51235 0.06981
0.06784 -0.49590 0.06981
0.05410 -0.48216 0.06981
0.03765 -0.47182 0.06981
0.01931 -0.46540 0.06981
0.00000 -0.46322 0.06981
-0.01931 -0.46540 0.06981
-0.03765 -0.47182 0.06981
-0.05410 -0.48216 0.06981
-0.06784 -0.49590 0.06981
-0.07818 -0.51235 0.06981
-0.08460 -0.53069 0.06981
-0.08678 -0.55000 0.06981
-0.08460 -0.56931 0.06981
-0.07818 -0.58765 0.06981
-0.06784 -0.60410 0.06981
-0.05410 -0.61784 0.06981
-0.03765 -0.62818 0.06981
-0.01931 -0.63460 0.06981
-0.00000 -0.63678 0.06981
0.01931 -0.63460 0.06981
0.03765 -0.62818 0.06981
0.05410 -0.61784 0.06981
0.06784 -0.60410 0.06981
0.07818 -0.58765 0.06981
0.08460 -0.56931 0.06981
0.08678 -0.55000 0.06981
0.04450 -0.55000 0.05501
0.04339 -0.54010 0.05501
0.04010 -0.53069 0.05501
0.03479 -0.52225 0.05501
0.02775 -0.51521 0.05501
0.01931 -0.50990 0.05501
0.00990 -0.50661 0.05501
0.00000 -0.50550 0.05501
-0.00990 -0.50661 0.05501
-0.01931 -0.50990 0.05501
-0.02775 -0.51521 0.05501
-0.03479 -0.52225 0.05501
-0.04010 -0.53069 0.05501
-0.04339 -0.54010 0.05501
-0.04450 -0.55000 0.05501
-0.04339 -0.55990 0.05501
-0.04010 -0.56931 0.05501
-0.03479 -0.57775 0.05501
-0.02775 -0.58479 0.05501
-0.01931 -0.59010 0.05501
-0.00990 -0.59339 0.05501
-0.00000 -0.59450 0.05501
0.00990 -0.59339 0.05501
0.01931 -0.59010 0.05501
0.02775 -0.58479 0.05501
0.03479 -0.57775 0.05501
0.04010 -0.56931 0.05501
0.04339 -0.55990 0.05501
0.04450 -0.55000 0.05501
0.00000 -0.55000 0.05000
0.00000 -0.55000 0.05000
0.00000 -0.55000 0.05000
0.00000 -0.55000 0.05000
0.00000 -0.55000 0.05000
0.00000 -0.55000 0.05000
0.00000 -0.55000 0.05000
0.00000 -0.55000 0.05000
-0.00000 -0.55000 0.05000
-0.00000 -0.55000 0.05000
-0.00000 -0.55000 0.05000
-0.00000 -0.55000 0.05000
-0.00000 -0.55000 0.05000
-0.00000 -0.55000 0.05000
-0.00000 -0.55000 0.05000
-0.00000 -0.55000 0.05000
-0.00000 -0.55000 0.05000
-0.00000 -0.55000 0.05000
-0.00000 -0.55000 0.05000
-0.00000 -0.55000 0.05000
-0.00000 -0.55000 0.05000
-0.00000 -0.55000 0.05000
0.00000 -0.55000 0.05000
0.00000 -0.55000 0.05000
0.00000 -0.55000 0.05000
0.00000 -0.55000 0.05000
0.00000 -0.55000 0.05000
0.00000 -0.55000 0.05000
0.00000 -0.55000 0.05000
0.35000 -0.35000 0.45000
0.35000 -0.35000 0.45000
0.35000 -0.35000 0.45000
0.35000 -0.35000 0.45000
0.35000 -0.35000 0.45000
0.35000 -0.35000 0.45000
0.35000 -0.35000 0.45000
0.35000 -0.35000 0.45000
0.35000 -0.35000 0.45000
0.35000 -0.35000 0.45000
0.35000 -0.35000 0.45000
0.35000 -0.35000 0.45000
0.35000 -0.35000 0.45000
0.35000 -0.35000 0.45000
0.35000 -0.35000 0.45000
0.35000 -0.35000 0.45000
0.35000 -0.35000 0.45000
0.35000 -0.35000 0.45000
0.35000 -0.35000 0.45000
0.35000 -0.35000 0.45000
0.35000 -0.35000 0.45000
0.35000 -0.35000 0.45000
0.35000 -0.35000 0.45000
0.35000 -0.35000 0.45000
0.35000 -0.35000 0.45000
0.35000 -0.35000 0.45000
0.35000 -0.35000 0.45000
0.35000 -0.35000 0.45000
0.35000 -0.35000 0.45000
0.39450 -0.35000 0.44499
0.39339 -0.34010 0.44499
0.39010 -0.33069 0.44499
0.38479 -0.32225 0.44499
0.37775 -0.31521 0.44499
0.36931 -0.30990 0.44499
0.35990 -0.30661 0.44499
0.35000 -0.30550 0.44499
0.34010 -0.30661 0.44499
0.33069 -0.30990 0.44499
0.32225 -0.31521 0.44499
0.31521 -0.32225 0.44499
0.30990 -0.33069 0.44499
0.30661 -0.34010 0.44499
0.30550 -0.35000 0.44499
0.30661 -0.35990 0.44499
0.30990 -0.36931 0.44499
0.31521 -0.37775 0.44499
0.32225 -0.38479 0.44499
0.33069 -0.39010 0.44499
0.34010 -0.39339 0.44499
0.35000 -0.39450 0.44499
0.35990 -0.39339 0.44499
0.36931 -0.39010 0.44499
0.37775 -0.38479 0.44499
0.38479 -0.37775 0.44499
0.39010 -0.36931 0.44499
0.39339 -0.35990 0.44499
0.39450 -0.35000 0.44499
0.43678 -0.35000 0.43019
0.43460 -0.33069 0.43019
0.42818 -0.31235 0.43019
0.41784 -0.29590 0.43019
0.40410 -0.28216 0.43019
0.38765 -0.27182 0.43019
0.36931 -0.26540 0.43019
0.35000 -0.26322 0.43019
0.33069 -0.26540 0.43019
0.31235 -0.27182 0.43019
0.29590 -0.28216 0.43019
0.28216 -0.29590 0.43019
0.27182 -0.31235 0.43019
0.26540 -0.33069 0.43019
0.26322 -0.35000 0.43019
0.26540 -0.36931 0.43019
0.27182 -0.38765 0.43019
0.28216 -0.40410 0.43019
0.29590 -0.41784 0.43019
0.31235 -0.42818 0.43019
0.33069 -0.43460 0.43019
0.35000 -0.43678 0.43019
0.36931 -0.43460 0.43019
0.38765 -0.42818 0.43019
0.40410 -0.41784 0.43019
0.41784 -0.40410 0.43019
0.42818 -0.38765 0.43019
0.43460 -0.36931 0.43019
0.43678 -0.35000 0.43019
0.47470 -0.35000 0.40637
0.47157 -0.32225 0.40637
0.46235 -0.29590 0.40637
0.44749 -0.27225 0.40637
0.42775 -0.25251 0.40637
0.40410 -0.23765 0.40637
0.37775 -0.22843 0.40637
0.35000 -0.22530 0.40637
0.32225 -0.22843 0.40637
0.29590 -0.23765 0.40637
0.27225 -0.25251 0.40637
0.25251 -0.27225 0.40637
0.23765 -0.29590 0.40637
0.22843 -0.32225 0.40637
0.22530 -0.35000 0.40637
0.22843 -0.37775 0.40637
0.23765 -0.40410 0.40637
0.25251 -0.42775 0.40637
0.27225 -0.44749 0.40637
0.29590 -0.46235 0.40637
0.32225 -0.47157 0.40637
0.35000 -0.47470 0.40637
0.37775 -0.47157 0.40637
0.40410 -0.46235 0.40637
0.42775 -0.44749 0.40637
0.44749 -0.42775 0.40637
0.46235 -0.40410 0.40637
0.47157 -0.37775 0.40637
0.47470 -0.35000 0.40637
0.50637 -0.35000 0.37470
0.50245 -0.31521 0.37470
0.49088 -0.28216 0.37470
0.47225 -0.25251 0.37470
0.44749 -0.22775 0.37470
0.41784 -0.20912 0.37470
0.38479 -0.19755 0.37470
0.35000 -0.19363 0.37470
0.31521 -0.19755 0.37470
0.28216 -0.20912 0.37470
0.25251 -0.22775 0.37470
0.22775 -0.25251 0.37470
0.20912 -0.28216 0.37470
0.19755 -0.31521 0.37470
0.19363 -0.35000 0.37470
0.19755 -0.38479 0.37470
0.20912 -0.41784 0.37470
0.22775 -0.44749 0.37470
0.25251 -0.47225 0.37470
0.28216 -0.49088 0.37470
0.31521 -0.50245 0.37470
0.35000 -0.50637 0.37470
0.38479 -0.50245 0.37470
0.41784 -0.49088 0.37470
0.44749 -0.47225 0.37470
0.47225 -0.44749 0.37470
0.49088 -0.41784 0.37470
0.50245 -0.38479 0.37470
0.50637 -0.35000 0.37470
0.53019 -0.35000 0.33678
0.52568 -0.30990 0.33678
0.51235 -0.27182 0.33678
0.49088 -0.23765 0.33678
0.46235 -0.20912 0.33678
0.42818 -0.18765 0.33678
0.39010 -0.17432 0.33678
0.35000 -0.16981 0.33678
0.30990 -0.17432 0.33678
0.27182 -0.18765 0.33678
0.23765 -0.20912 0.33678
0.20912 -0.23765 0.33678
0.18765 -0.27182 0.33678
0.17432 -0.30990 0.33678
0.16981 -0.35000 0.33678
0.17432 -0.39010 0.33678
0.18765 -0.42818 0.33678
0.20912 -0.46235 0.33678
0.23765 -0.49088 0.33678
0.27182 -0.51235 0.33678
0.30990 -0.52568 0.33678
0.35000 -0.53019 0.33678
0.39010 -0.52568 0.33678
0.42818 -0.51235 0.33678
0.46235 -0.49088 0.33678
0.49088 -0.46235 0.33678
0.51235 -0.42818 0.33678
0.52568 -0.39010 0.33678
0.53019 -0.35000 0.33678
0.54499 -0.35000 0.29450
0.54010 -0.30661 0.29450
0.52568 -0.26540 0.29450
0.50245 -0.22843 0.29450
0.47157 -0.19755 0.29450
0.43460 -0.17432 0.29450
0.39339 -0.15990 0.29450
0.35000 -0.15501 0.29450
0.30661 -0.15990 0.29450
0.26540 -0.17432 0.29450
0.22843 -0.19755 0.29450
0.19755 -0.22843 0.29450
0.17432 -0.26540 0.29450
0.15990 -0.30661 0.29450
0.15501 -0.35000 0.29450
0.15990 -0.39339 0.29450
0.17432 -0.43460 0.29450
0.19755 -0.47157 0.29450
0.22843 -0.50245 0.29450
0.26540 -0.52568 0.29450
0.30661 -0.54010 0.29450
0.35000 -0.54499 0.29450
0.39339 -0.54010 0.29450
0.43460 -0.52568 0.29450
0.47157 -0.50245 0.29450
0.50245 -0.47157 0.29450
0.52568 -0.43460 0.29450
0.54010 -0.39339 0.29450
0.54499 -0.35000 0.29450
0.55000 -0.35000 0.25000
0.54499 -0.30550 0.25000
0.53019 -0.26322 0.25000
0.50637 -0.22530 0.25000
0.47470 -0.19363 0.25000
0.43678 -0.16981 0.25000
0.39450 -0.15501 0.25000
0.35000 -0.15000 0.25000
0.30550 -0.15501 0.25000
0.26322 -0.16981 0.25000
0.22530 -0.19363 0.25000
0.19363 -0.22530 0.25000
0.16981 -0.26322 0.25000
0.15501 -0.30550 0.25000
0.15000 -0.35000 0.25000
0.15501 -0.39450 0.25000
0.16981 -0.43678 0.25000
0.19363 -0.47470 0.25000
0.22530 -0.50637 0.25000
0.26322 -0.53019 0.25000
0.30550 -0.54499 0.25000
0.35000 -0.55000 0.25000
0.39450 -0.54499 0.25000
0.43678 -0.53019 0.25000
0.47470 -0.50637 0.25000
0.50637 -0.47470 0.25000
0.53019 -0.43678 0.25000
0.54499 -0.39450 0.25000
0.55000 -0.35000 0.25000
0.54499 -0.35000 0.20550
0.54010 -0.30661 0.20550
0.52568 -0.26540 0.20550
0.50245 -0.22843 0.20550
0.47157 -0.19755 0.20550
0.43460 -0.17432 0.20550
0.39339 -0.15990 0.20550
0.35000 -0.15501 0.20550
0.30661 -0.15990 0.20550
0.26540 -0.17432 0.20550
0.22843 -0.19755 0.20550
0.19755 -0.22843 0.20550
0.17432 -0.26540 0.20550
0.15990 -0.30661 0.20550
0.15501 -0.35000 0.20550
0.15990 -0.39339 0.20550
0.17432 -0.43460 0.20550
0.19755 -0.47157 0.20550
0.22843 -0.50245 0.20550
0.26540 -0.52568 0.20550
0.30661 -0.54010 0.20550
0.35000 -0.54499 0.20550
0.39339 -0.54010 0.20550
0.43460 -0.52568 0.20550
0.47157 -0.50245 0.20550
0.50245 -0.47157 0.20550
0.52568 -0.43460 0.20550
0.54010 -0.39339 0.20550
0.54499 -0.35000 0.20550
0.53019 -0.35000 0.16322
0.52568 -0.30990 0.16322
0.51235 -0.27182 0.16322
0.49088 -0.23765 0.16322
0.46235 -0.20912 0.16322
0.42818 -0.18765 0.16322
0.39010 -0.17432 0.16322
0.35000 -0.16981 0.16322
0.30990 -0.17432 0.16322
0.27182 -0.18765 0.16322
0.23765 -0.20912 0.16322
0.20912 -0.23765 0.16322
0.18765 -0.27182 0.16322
0.17432 -0.30990 0.16322
0.16981 -0.35000 0.16322
0.17432 -0.39010 0.16322
0.18765 -0.42818 0.16322
0.20912 -0.46235 0.16322
0.23765 -0.49088 0.16322
0.27182 -0.51235 0.16322
0.30990 -0.52568 0.16322
0.35000 -0.53019 0.16322
0.39010 -0.52568 0.16322
0.42818 -0.51235 0.16322
0.46235 -0.49088 0.16322
0.49088 -0.46235 0.16322
0.51235 -0.42818 0.16322
0.52568 -0.39010 0.16322
0.53019 -0.35000 0.16322
0.50637 -0.35000 0.12530
0.50245 -0.31521 0.12530
0.49088 -0.28216 0.12530
0.47225 -0.25251 0.12530
0.44749 -0.22775 0.12530
0.41784 -0.20912 0.12530
0.38479 -0.19755 0.12530
0.35000 -0.19363 0.12530
0.31521 -0.19755 0.12530
0.28216 -0.20912 0.12530
0.25251 -0.22775 0.12530
0.22775 -0.25251 0.12530
0.20912 -0.28216 0.12530
0.19755 -0.31521 0.12530
0.19363 -0.35000 0.12530
0.19755 -0.38479 0.12530
0.20912 -0.41784 0.12530
0.22775 -0.44749 0.12530
0.25251 -0.47225 0.12530
0.28216 -0.49088 0.12530
0.31521 -0.50245 0.12530
0.35000 -0.50637 0.12530
0.38479 -0.50245 0.12530
0.41784 -0.49088 0.12530
0.44749 -0.47225 0.12530
0.47225 -0.44749 0.12530
0.49088 -0.41784 0.12530
0.50245 -0.38479 0.12530
0.50637 -0.35000 0.12530
0.47470 -0.35000 0.09363
0.47157 -0.32225 0.09363
0.46235 -0.29590 0.09363
0.44749 -0.27225 0.09363
0.42775 -0.25251 0.09363
0.40410 -0.23765 0.09363
0.37775 -0.22843 0.09363
0.35000 -0.22530 0.09363
0.32225 -0.22843 0.09363
0.29590 -0.23765 0.09363
0.27225 -0.25251 0.09363
0.25251 -0.27225 0.09363
0.23765 -0.29590 0.09363
0.22843 -0.32225 0.09363
0.22530 -0.35000 0.09363
0.22843 -0.37775 0.09363
0.23765 -0.40410 0.09363
0.25251 -0.42775 0.09363
0.27225 -0.44749 0.09363
0.29590 -0.46235 0.09363
0.32225 -0.47157 0.09363
0.35000 -0.47470 0.09363
0.37775 -0.47157 0.09363
0.40410 -0.46235 0.09363
0.42775 -0.44749 0.09363
0.44749 -0.42775 0.09363
0.46235 -0.40410 0.09363
0.47157 -0.37775 0.09363
0.47470 -0.35000 0.09363
0.43678 -0.35000 0.06981
0.43460 -0.33069 0.06981
0.42818 -0.31235 0.06981
0.41784 -0.29590 0.06981
0.40410 -0.28216 0.06981
0.38765 -0.27182 0.06981
0.36931 -0.26540 0.06981
0.35000 -0.26322 0.06981
0.33069 -0.26540 0.06981
0.31235 -0.27182 0.06981
0.29590 -0.28216 0.06981
0.28216 -0.29590 0.06981
0.27182 -0.31235 0.06981
0.26540 -0.33069 0.06981
0.26322 -0.35000 0.06981
0.26540 -0.36931 0.06981
0.27182 -0.38765 0.06981
0.28216 -0.40410 0.06981
0.29590 -0.41784 0.06981
0.31235 -0.42818 0.06981
0.33069 -0.43460 0.06981
0.35000 -0.43678 0.06981
0.36931 -0.43460 0.06981
0.38765 -0.42818 0.06981
0.40410 -0.41784 0.06981
0.41784 -0.40410 0.06981
0.42818 -0.38765 0.06981
0.43460 -0.36931 0.06981
0.43678 -0.35000 0.06981
0.39450 -0.35000 0.05501
0.39339 -0.34010 0.05501
0.39010 -0.33069 0.05501
0.38479 -0.32225 0.05501
0.37775 -0.31521 0.05501
0.36931 -0.30990 0.05501
0.35990 -0.30661 0.05501
0.35000 -0.30550 0.05501
0.34010 -0.30661 0.05501
0.33069 -0.30990 0.05501
0.32225 -0.31521 0.05501
0.31521 -0.32225 0.05501
0.30990 -0.33069 0.05501
0.30661 -0.34010 0.05501
0.30550 -0.35000 0.05501
0.30661 -0.35990 0.05501
0.30990 -0.36931 0.05501
0.31521 -0.37775 0.05501
0.32225 -0.38479 0.05501
0.33069 -0.39010 0.05501
0.34010 -0.39339 0.05501
0.35000 -0.39450 0.05501
0.35990 -0.39339 0.05501
0.36931 -0.39010 0.05501
0.37775 -0.38479 0.05501
0.38479 -0.37775 0.05501
0.39010 -0.36931 0.05501
0.39339 -0.35990 0.05501
0.39450 -0.35000 0.05501
0.35000 -0.35000 0.05000
0.35000 -0.35000 0.05000
0.35000 -0.35000 0.05000
0.35000 -0.35000 0.05000
0.35000 -0.35000 0.05000
0.35000 -0.35000 0.05000
0.35000 -0.35000 0.05000
0.35000 -0.35000 0.05000
0.35000 -0.35000 0.05000
0.35000 -0.35000 0.05000
0.35000 -0.35000 0.05000
0.35000 -0.35000 0.05000
0.35000 -0.35000 0.05000
0.35000 -0.35000 0.05000
0.35000 -0.35000 0.05000
0.35000 -0.35000 0.05000
0.35000 -0.35000 0.05000
0.35000 -0.35000 0.05000
0.35000 -0.35000 0.05000
0.35000 -0.35000 0.05000
0.35000 -0.35000 0.05000
0.35000 -0.35000 0.05000
0.35000 -0.35000 0.05000
0.35000 -0.35000 0.05000
0.35000 -0.35000 0.05000
0.35000 -0.35000 0.05000
0.35000 -0.35000 0.05000
0.35000 -0.35000 0.05000
0.35000 -0.35000 0.05000
0.35000 0.35000 1.00000
0.35000 0.35000 1.00000
0.35000 0.35000 1.00000
0.35000 0.35000 1.00000
0.35000 0.35000 1.00000
0.35000 0.35000 1.00000
0.35000 0.35000 1.00000
0.35000 0.35000 1.00000
0.35000 0.35000 1.00000
0.35000 0.35000 1.00000
0.35000 0.35000 1.00000
0.35000 0.35000 1.00000
0.35000 0.35000 1.00000
0.35000 0.35000 1.00000
0.35000 0.35000 1.00000
0.35000 0.35000 1.00000
0.35000 0.35000 1.00000
0.35000 0.35000 1.00000
0.35000 0.35000 1.00000
0.35000 0.35000 1.00000
0.35000 0.35000 1.00000
0.35000 0.35000 1.00000
0.35000 0.35000 1.00000
0.35000 0.35000 1.00000
0.35000 0.35000 1.00000
0.35000 0.35000 1.00000
0.35000 0.35000 1.00000
0.35000 0.35000 1.00000
0.35000 0.35000 1.00000
0.39450 0.35000 0.99499
0.39339 0.35990 0.99499
0.39010 0.36931 0.99499
0.38479 0.37775 0.99499
0.37775 0.38479 0.99499
0.36931 0.39010 0.99499
0.35990 0.39339 0.99499
0.35000 0.39450 0.99499
0.34010 0.39339 0.99499
0.33069 0.39010 0.99499
0.32225 0.38479 0.99499
0.31521 0.37775 0.99499
0.30990 0.36931 0.99499
0.30661 0.35990 0.99499
0.30550 0.35000 0.99499
0.30661 0.34010 0.99499
0.30990 0.33069 0.99499
0.31521 0.32225 0.99499
0.32225 0.31521 0.99499
0.33069 0.30990 0.99499
0.34010 0.30661 0.99499
0.35000 0.30550 0.99499
0.35990 0.30661 0.99499
0.36931 0.30990 0.99499
0.37775 0.31521 0.99499
0.38479 0.32225 0.99499
0.39010 0.33069 0.99499
0.39339 0.34010 0.99499
0.39450 0.35000 0.99499
0.43678 0.35000 0.98019
0.43460 0.36931 0.98019
0.42818 0.38765 0.98019
0.41784 0.40410 0.98019
0.40410 0.41784 0.98019
0.38765 0.42818 0.98019
0.36931 0.43460 0.98019
0.35000 0.43678 0.98019
0.33069 0.43460 0.98019
0.31235 0.42818 0.98019
0.29590 0.41784 0.98019
0.28216 0.40410 0.98019
0.27182 0.38765 0.98019
0.26540 0.36931 0.98019
0.26322 0.35000 0.98019
0.26540 0.33069 0.98019
0.27182 0.31235 0.98019
0.28216 0.29590 0.98019
0.29590 0.28216 0.98019
0.31235 0.27182 0.98019
0.33069 0.26540 0.98019
0.35000 0.26322 0.98019
0.36931 0.26540 0.98019
0.38765 0.27182 0.98019
0.40410 0.28216 0.98019
0.41784 0.29590 0.98019
0.42818 0.31235 0.98019
0.43460 0.33069 0.98019
0.43678 0.35000 0.98019
0.47470 0.35000 0.95637
0.47157 0.37775 0.95637
0.46235 0.40410 0.95637
0.44749 0.42775 0.95637
0.42775 0.44749 0.95637
0.40410 0.46235 0.95637
0.37775 0.47157 0.95637
0.35000 0.47470 0.95637
0.32225 0.47157 0.95637
0.29590 0.46235 0.95637
0.27225 0.44749 0.95637
0.25251 0.42775 0.95637
0.23765 0.40410 0.95637
0.22843 0.37775 0.95637
0.22530 0.35000 0.95637
0.22843 0.32225 0.95637
0.23765 0.29590 0.95637
0.25251 0.27225 0.95637
0.27225 0.25251 0.95637
0.29590 0.23765 0.95637
0.32225 0.22843 0.95637
0.35000 0.22530 0.95637
0.37775 0.22843 0.95637
0.40410 0.23765 0.95637
0.42775 0.25251 0.95637
0.44749 0.27225 0.95637
0.46235 0.29590 0.95637
0.47157 0.32225 0.95637
0.47470 0.35000 0.95637
0.50637 0.35000 0.92470
0.50245 0.38479 0.92470
0.49088 0.41784 0.92470
0.47225 0.44749 0.92470
0.44749 0.47225 0.92470
0.41784 0.49088 0.92470
0.38479 0.50245 0.92470
0.35000 0.50637 0.92470
0.31521 0.50245 0.92470
0.28216 0.49088 0.92470
0.25251 0.47225 0.92470
0.22775 0.44749 0.92470
0.20912 0.41784 0.92470
0.19755 0.38479 0.92470
0.19363 0.35000 0.92470
0.19755 0.31521 0.92470
0.20912 0.28216 0.92470
0.22775 0.25251 0.92470
0.25251 0.22775 0.92470
0.28216 0.20912 0.92470
0.31521 0.19755 0.92470
0.35000 0.19363 0.92470
0.38479 0.19755 0.92470
0.41784 0.20912 0.92470
0.44749 0.22775 0.92470
0.47225 0.25251 0.92470
0.49088 0.28216 0.92470
0.50245 0.31521 0.92470
0.50637 0.35000 0.92470
0.53019 0.35000 0.88678
0.52568 0.39010 0.88678
0.51235 0.42818 0.88678
0.49088 0.46235 0.88678
0.46235 0.49088 0.88678
0.42818 0.51235 0.88678
0.39010 0.52568 0.88678
0.35000 0.53019 0.88678
0.30990 0.52568 0.88678
0.27182 0.51235 0.88678
0.23765 0.49088 0.88678
0.20912 0.46235 0.88678
0.18765 0.42818 0.88678
0.17432 0.39010 0.88678
0.16981 0.35000 0.88678
0.17432 0.30990 0.88678
0.18765 0.27182 0.88678
0.20912 0.23765 0.88678
0.23765 0.20912 0.88678
0.27182 0.18765 0.88678
0.30990 0.17432 0.88678
0.35000 0.16981 0.88678
0.39010 0.17432 0.88678
0.42818 0.18765 0.88678
0.46235 0.20912 0.88678
0.49088 0.23765 0.88678
0.51235 0.27182 0.88678
0.52568 0.30990 0.88678
0.53019 0.35000 0.88678
0.54499 0.35000 0.84450
0.54010 0.39339 0.84450
0.52568 0.43460 0.84450
0.50245 0.47157 0.84450
0.47157 0.50245 0.84450
0.43460 0.52568 0.84450
0.39339 0.54010 0.84450
0.35000 0.54499 0.84450
0.30661 0.54010 0.84450
0.26540 0.52568 0.84450
0.22843 0.50245 0.84450
0.19755 0.47157 0.84450
0.17432 0.43460 0.84450
0.15990 0.39339 0.84450
0.15501 0.35000 0.84450
0.15990 0.30661 0.84450
0.17432 0.26540 0.84450
0.19755 0.22843 0.84450
0.22843 0.19755 0.84450
0.26540 0.17432 0.84450
0.30661 0.15990 0.84450
0.35000 0.15501 0.84450
0.39339 0.15990 0.84450
0.43460 0.17432 0.84450
0.47157 0.19755 0.84450
0.50245 0.22843 0.84450
0.52568 0.26540 0.84450
0.54010 0.30661 0.84450
0.54499 0.35000 0.84450
0.55000 0.35000 0.80000
0.54499 0.39450 0.80000
0.53019 0.43678 0.80000
0.50637 0.47470 0.80000
0.47470 0.50637 0.80000
0.43678 0.53019 0.80000
0.39450 0.54499 0.80000
0.35000 0.55000 0.80000
0.30550 0.54499 0.80000
0.26322 0.53019 0.80000
0.22530 0.50637 0.80000
0.19363 0.47470 0.80000
0.16981 0.43678 0.80000
0.15501 0.39450 0.80000
0.15000 0.35000 0.80000
0.15501 0.30550 0.80000
0.16981 0.26322 0.80000
0.19363 0.22530 0.80000
0.22530 0.19363 0.80000
0.26322 0.16981 0.80000
0.30550 0.15501 0.80000
0.35000 0.15000 0.80000
0.39450 0.15501 0.80000
0.43678 0.16981 0.80000
0.47470 0.19363 0.80000
0.50637 0.22530 0.80000
0.53019 0.26322 0.80000
0.54499 0.30550 0.80000
0.55000 0.35000 0.80000
0.54499 0.35000 0.75550
0.54010 0.39339 0.75550
0.52568 0.43460 0.75550
0.50245 0.47157 0.75550
0.47157 0.50245 0.75550
0.43460 0.52568 0.75550
0.39339 0.54010 0.75550
0.35000 0.54499 0.75550
0.30661 0.54010 0.75550
0.26540 0.52568 0.75550
0.22843 0.50245 0.75550
0.19755 0.47157 0.75550
0.17432 0.43460 0.75550
0.15990 0.39339 0.75550
0.15501 0.35000 0.75550
0.15990 0.30661 0.75550
0.17432 0.26540 0.75550
0.19755 0.22843 0.75550
0.22843 0.19755 0.75550
0.26540 0.17432 0.75550
0.30661 0.15990 0.75550
0.35000 0.15501 0.75550
0.39339 0.15990 0.75550
0.43460 0.17432 0.75550
0.47157 0.19755 0.75550
0.50245 0.22843 0.75550
0.52568 0.26540 0.75550
0.54010 0.30661 0.75550
0.54499 0.35000 0.75550
0.53019 0.35000 0.71322
0.52568 0.39010 0.71322
0.51235 0.42818 0.71322
0.49088 0.46235 0.71322
0.46235 0.49088 0.71322
0.42818 0.51235 0.71322
0.39010 0.52568 0.71322
0.35000 0.53019 0.71322
0.30990 0.52568 0.71322
0.27182 0.51235 0.71322
0.23765 0.49088 0.71322
0.20912 0.46235 0.71322
0.18765 0.42818 0.71322
0.17432 0.39010 0.71322
0.16981 0.35000 0.71322
0.17432 0.30990 0.71322
0.18765 0.27182 0.71322
0.20912 0.23765 0.71322
0.23765 0.20912 0.71322
0.27182 0.18765 0.71322
0.30990 0.17432 0.71322
0.35000 0.16981 0.71322
0.39010 0.17432 0.71322
0.42818 0.18765 0.71322
0.46235 0.20912 0.71322
0.49088 0.23765 0.71322
0.51235 0.27182 0.71322
0.52568 0.30990 0.71322
0.53019 0.35000 0.71322
0.50637 0.35000 0.67530
0.50245 0.38479 0.67530
0.49088 0.41784 0.67530
0.47225 0.44749 0.67530
0.44749 0.47225 0.67530
0.41784 0.49088 0.67530
0.38479 0.50245 0.67530
0.35000 0.50637 0.67530
0.31521 0.50245 0.67530
0.28216 0.49088 0.67530
0.25251 0.47225 0.67530
0.22775 0.44749 0.67530
0.20912 0.41784 0.67530
0.19755 0.38479 0.67530
0.19363 0.35000 0.67530
0.19755 0.31521 0.67530
0.20912 0.28216 0.67530
0.22775 0.25251 0.67530
0.25251 0.22775 0.67530
0.28216 0.20912 0.67530
0.31521 0.19755 0.67530
0.35000 0.19363 0.67530
0.38479 0.19755 0.67530
0.41784 0.20912 0.67530
0.44749 0.22775 0.67530
0.47225 0.25251 0.67530
0.49088 0.28216 0.67530
0.50245 0.31521 0.67530
0.50637 0.35000 0.67530
0.47470 0.35000 0.64363
0.47157 0.37775 0.64363
0.46235 0.40410 0.64363
0.44749 0.42775 0.64363
0.42775 0.44749 0.64363
0.40410 0.46235 0.64363
0.37775 0.47157 0.64363
0.35000 0.47470 0.64363
0.32225 0.47157 0.64363
0.29590 0.46235 0.64363
0.27225 0.44749 0.64363
0.25251 0.42775 0.64363
0.23765 0.40410 0.64363
0.22843 0.37775 0.64363
0.22530 0.35000 0.64363
0.22843 0.32225 0.64363
0.23765 0.29590 0.64363
0.25251 0.27225 0.64363
0.27225 0.25251 0.64363
0.29590 0.23765 0.64363
0.32225 0.22843 0.64363
0.35000 0.22530 0.64363
0.37775 0.22843 0.64363
0.40410 0.23765 0.64363
0.42775 0.25251 0.64363
0.44749 0.27225 0.64363
0.46235 0.29590 0.64363
0.47157 0.32225 0.64363
0.47470 0.35000 0.64363
0.43678 0.35000 0.61981
0.43460 0.36931 0.61981
0.42818 0.38765 0.61981
0.41784 0.40410 0.61981
0.40410 0.41784 0.61981
0.38765 0.42818 0.61981
0.36931 0.43460 0.61981
0.35000 0.43678 0.61981
0.33069 0.43460 0.61981
0.31235 0.42818 0.61981
0.29590 0.41784 0.61981
0.28216 0.40410 0.61981
0.27182 0.38765 0.61981
0.26540 0.36931 0.61981
0.26322 0.35000 0.61981
0.26540 0.33069 0.61981
0.27182 0.31235 0.61981
0.28216 0.29590 0.61981
0.29590 0.28216 0.61981
0.31235 0.27182 0.61981
0.33069 0.26540 0.61981
0.35000 0.26322 0.61981
0.36931 0.26540 0.61981
0.38765 0.27182 0.61981
0.40410 0.28216 0.61981
0.41784 0.29590 0.61981
0.42818 0.31235 0.61981
0.43460 0.33069 0.61981
0.43678 0.35000 0.61981
0.39450 0.35000 0.60501
0.39339 0.35990 0.60501
0.39010 0.36931 0.60501
0.38479 0.37775 0.60501
0.37775 0.38479 0.60501
0.36931 0.39010 0.60501
0.35990 0.39339 0.60501
0.35000 0.39450 0.60501
0.34010 0.39339 0.60501
0.33069 0.39010 0.60501
0.32225 0.38479 0.60501
0.31521 0.37775 0.60501
0.30990 0.36931 0.60501
0.30661 0.35990 0.60501
0.30550 0.35000 0.60501
0.30661 0.34010 0.60501
0.30990 0.33069 0.60501
0.31521 0.32225 0.60501
0.32225 0.31521 0.60501
0.33069 0.30990 0.60501
0.34010 0.30661 0.60501
0.35000 0.30550 0.60501
0.35990 0.30661 0.60501
0.36931 0.30990 0.60501
0.37775 0.31521 0.60501
0.38479 0.32225 0.60501
0.39010 0.33069 0.60501
0.39339 0.34010 0.60501
0.39450 0.35000 0.60501
0.35000 0.35000 0.60000
0.35000 0.35000 0.60000
0.35000 0.35000 0.60000
0.35000 0.35000 0.60000
0.35000 0.35000 0.60000
0.35000 0.35000 0.60000
0.35000 0.35000 0.60000
0.35000 0.35000 0.60000
0.35000 0.35000 0.60000
0.35000 0.35000 0.60000
0.35000 0.35000 0.60000
0.35000 0.35000 0.60000
0.35000 0.35000 0.60000
0.35000 0.35000 0.60000
0.35000 0.35000 0.60000
0.35000 0.35000 0.60000
0.35000 0.35000 0.60000
0.35000 0.35000 0.60000
0.35000 0.35000 0.60000
0.35000 0.35000 0.60000
0.35000 0.35000 0.60000
0.35000 0.35000 0.60000
0.35000 0.35000 0.60000
0.35000 0.35000 0.60000
0.35000 0.35000 0.60000
0.35000 0.35000 0.60000
0.35000 0.35000 0.60000
0.35000 0.35000 0.60000
0.35000 0.35000 0.60000
0.00000 0.55000 1.00000
0.00000 0.55000 1.00000
0.00000 0.55000 1.00000
0.00000 0.55000 1.00000
0.00000 0.55000 1.00000
0.00000 0.55000 1.00000
0.00000 0.55000 1.00000
0.00000 0.55000 1.00000
0.00000 0.55000 1.00000
0.00000 0.55000 1.00000
0.00000 0.55000 1.00000
0.00000 0.55000 1.00000
0.00000 0.55000 1.00000
0.00000 0.55000 1.00000
0.00000 0.55000 1.00000
0.00000 0.55000 1.00000
0.00000 0.55000 1.00000
0.00000 0.55000 1.00000
0.00000 0.55000 1.00000
0.00000 0.55000 1.00000
0.00000 0.55000 1.00000
0.00000 0.55000 1.00000
0.00000 0.55000 1.00000
0.00000 0.55000 1.00000
0.00000 0.55000 1.00000
0.00000 0.55000 1.00000
0.00000 0.55000 1.00000
0.00000 0.55000 1.00000
0.00000 0.55000 1.00000
0.04450 0.55000 0.99499
0.04339 0.55990 0.99499
0.04010 0.56931 0.99499
0.03479 0.57775 0.99499
0.02775 0.58479 0.99499
0.01931 0.59010 0.99499
0.00990 0.59339 0.99499
0.00000 0.59450 0.99499
-0.00990 0.59339 0.99499
-0.01931 0.59010 0.99499
-0.02775 0.58479 0.99499
-0.03479 0.57775 0.99499
-0.04010 0.56931 0.99499
-0.04339 0.55990 0.99499
-0.04450 0.55000 0.99499
-0.04339 0.54010 0.99499
-0.04010 0.53069 0.99499
-0.03479 0.52225 0.99499
-0.02775 0.51521 0.99499
-0.01931 0.50990 0.99499
-0.00990 0.50661 0.99499
-0.00000 0.50550 0.99499
0.00990 0.50661 0.99499
0.01931 0.50990 0.99499
0.02775 0.51521 0.99499
0.03479 0.52225 0.99499
0.04010 0.53069 0.99499
0.04339 0.54010 0.99499
0.04450 0.55000 0.99499
0.08678 0.55000 0.98019
0.08460 0.56931 0.98019
0.07818 0.58765 0.98019
0.06784 0.60410 0.98019
0.05410 0.61784 0.98019
0.03765 0.62818 0.98019
0.01931 0.63460 0.98019
0.00000 0.63678 0.98019
-0.01931 0.63460 0.98019
-0.03765 0.62818 0.98019
-0.05410 0.61784 0.98019
-0.06784 0.60410 0.98019
-0.07818 0.58765 0.98019
-0.08460 0.56931 0.98019
-0.08678 0.55000 0.98019
-0.08460 0.53069 0.98019
-0.07818 0.51235 0.98019
-0.06784 0.49590 0.98019
-0.05410 0.48216 0.98019
-0.03765 0.47182 0.98019
-0.01931 0.46540 0.98019
-0.00000 0.46322 0.98019
0.01931 0.46540 0.98019
0.03765 0.47182 0.98019
0.05410 0.48216 0.98019
0.06784 0.49590 0.98019
0.07818 0.51235 0.98019
0.08460 0.53069 0.98019
0.08678 0.55000 0.98019
0.12470 0.55000 0.95637
0.12157 0.57775 0.95637
0.11235 0.60410 0.95637
0.09749 0.62775 0.95637
0.07775 0.64749 0.95637
0.05410 0.66235 0.95637
0.02775 0.67157 0.95637
0.00000 0.67470 0.95637
-0.02775 0.67157 0.95637
-0.05410 0.66235 0.95637
-0.07775 0.64749 0.95637
-0.09749 0.62775 0.95637
-0.11235 0.60410 0.95637
-0.12157 0.57775 0.95637
-0.12470 0.55000 0.95637
-0.12157 0.52225 0.95637
-0.11235 0.49590 0.95637
-0.09749 0.47225 0.95637
-0.07775 0.45251 0.95637
-0.05410 0.43765 0.95637
-0.02775 0.42843 0.95637
-0.00000 0.42530 0.95637
0.02775 0.42843 0.95637
0.05410 0.43765 0.95637
0.07775 0.45251 0.95637
0.09749 0.47225 0.95637
0.11235 0.49590 0.95637
0.12157 0.52225 0.95637
0.12470 0.55000 0.95637
0.15637 0.55000 0.92470
0.15245 0.58479 0.92470
0.14088 0.61784 0.92470
0.12225 0.64749 0.92470
0.09749 0.67225 0.92470
0.06784 0.69088 0.92470
0.03479 0.70245 0.92470
0.00000 0.70637 0.92470
-0.03479 0.70245 0.92470
-0.06784 0.69088 0.92470
-0.09749 0.67225 0.92470
-0.12225 0.64749 0.92470
-0.14088 0.61784 0.92470
-0.15245 0.58479 0.92470
-0.15637 0.55000 0.92470
-0.15245 0.51521 0.92470
-0.14088 0.48216 0.92470
-0.12225 0.45251 0.92470
-0.09749 0.42775 0.92470
-0.06784 0.40912 0.92470
-0.03479 0.39755 0.92470
-0.00000 0.39363 0.92470
0.03479 0.39755 0.92470
0.06784 0.40912 0.92470
0.09749 0.42775 0.92470
0.12225 0.45251 0.92470
0.14088 0.48216 0.92470
0.15245 0.51521 0.92470
0.15637 0.55000 0.92470
0.18019 0.55000 0.88678
0.17568 0.59010 0.88678
0.16235 0.62818 0.88678
0.14088 0.66235 0.88678
0.11235 0.69088 0.88678
0.07818 0.71235 0.88678
0.04010 0.72568 0.88678
0.00000 0.73019 0.88678
-0.04010 0.72568 0.88678
-0.07818 0.71235 0.88678
-0.11235 0.69088 0.88678
-0.14088 0.66235 0.88678
-0.16235 0.62818 0.88678
-0.17568 0.59010 0.88678
-0.18019 0.55000 0.88678
-0.17568 0.50990 0.88678
-0.16235 0.47182 0.88678
-0.14088 0.43765 0.88678
-0.11235 0.40912 0.88678
-0.07818 0.38765 0.88678
-0.04010 0.37432 0.88678
-0.00000 0.36981 0.88678
0.04010 0.37432 0.88678
0.07818 0.38765 0.88678
0.11235 0.40912 0.88678
0.14088 0.43765 0.88678
0.16235 0.47182 0.88678
0.17568 0.50990 0.88678
0.18019 0.55000 0.88678
0.19499 0.55000 0.84450
0.19010 0.59339 0.84450
0.17568 0.63460 0.84450
0.15245 0.67157 0.84450
0.12157 0.70245 0.84450
0.08460 0.72568 0.84450
0.04339 0.74010 0.84450
0.00000 0.74499 0.84450
-0.04339 0.74010 0.84450
-0.08460 0.72568 0.84450
-0.12157 0.70245 0.84450
-0.15245 0.67157 0.84450
-0.17568 0.63460 0.84450
-0.19010 0.59339 0.84450
-0.19499 0.55000 0.84450
-0.19010 0.50661 0.84450
-0.17568 0.46540 0.84450
-0.15245 0.42843 0.84450
-0.12157 0.39755 0.84450
-0.08460 0.37432 0.84450
-0.04339 0.35990 0.84450
-0.00000 0.35501 0.84450
0.04339 0.35990 0.84450
0.08460 0.37432 0.84450
0.12157 0.39755 0.84450
0.15245 0.42843 0.84450
0.17568 0.46540 0.84450
0.19010 0.50661 0.84450
0.19499 0.55000 0.84450
0.20000 0.55000 0.80000
0.19499 0.59450 0.80000
0.18019 0.63678 0.80000
0.15637 0.67470 0.80000
0.12470 0.70637 0.80000
0.08678 0.73019 0.80000
0.04450 0.74499 0.80000
0.00000 0.75000 0.80000
-0.04450 0.74499 0.80000
-0.08678 0.73019 0.80000
-0.12470 0.70637 0.80000
-0.15637 0.67470 0.80000
-0.18019 0.63678 0.80000
-0.19499 0.59450 0.80000
-0.20000 0.55000 0.80000
-0.19499 0.50550 0.80000
-0.18019 0.46322 0.80000
-0.15637 0.42530 0.80000
-0.12470 0.39363 0.80000
-0.08678 0.36981 0.80000
-0.04450 0.35501 0.80000
-0.00000 0.35000 0.80000
0.04450 0.35501 0.80000
0.08678 0.36981 0.80000
0.12470 0.39363 0.80000
0.15637 0.42530 0.80000
0.18019 0.46322 0.80000
0.19499 0.50550 0.80000
0.20000 0.55000 0.80000
0.19499 0.55000 0.75550
0.19010 0.59339 0.75550
0.17568 0.63460 0.75550
0.15245 0.67157 0.75550
0.12157 0.70245 0.75550
0.08460 0.72568 0.75550
0.04339 0.74010 0.75550
0.00000 0.74499 0.75550
-0.04339 0.74010 0.75550
-0.08460 0.72568 0.75550
-0.12157 0.70245 0.75550
-0.15245 0.67157 0.75550
-0.17568 0.63460 0.75550
-0.19010 0.59339 0.75550
-0.19499 0.55000 0.75550
-0.19010 0.50661 0.75550
-0.17568 0.46540 0.75550
-0.15245 0.42843 0.75550
-0.12157 0.39755 0.75550
-0.08460 0.37432 0.75550
-0.04339 0.35990 0.75550
-0.00000 0.35501 0.75550
0.04339 0.35990 0.75550
0.08460 0.37432 0.75550
0.12157 0.39755 0.75550
0.15245 0.42843 0.75550
0.17568 0.46540 0.75550
0.19010 0.50661 0.75550
0.19499 0.55000 0.75550
0.18019 0.55000 0.71322
0.17568 0.59010 0.71322
0.16235 0.62818 0.71322
0.14088 0.66235 0.71322
0.11235 0.69088 0.71322
0.07818 0.71235 0.71322
0.04010 0.72568 0.71322
0.00000 0.73019 0.71322
-0.04010 0.72568 0.71322
-0.07818 0.71235 0.71322
-0.11235 0.69088 0.71322
-0.14088 0.66235 0.71322
-0.16235 0.62818 0.71322
-0.17568 0.59010 0.71322
-0.18019 0.55000 0.71322
-0.17568 0.50990 0.71322
-0.16235 0.47182 0.71322
-0.14088 0.43765 0.71322
-0.11235 0.40912 0.71322
-0.07818 0.38765 0.71322
-0.04010 0.37432 0.71322
-0.00000 0.36981 0.71322
0.04010 0.37432 0.71322
0.07818 0.38765 0.71322
0.11235 0.40912 0.71322
0.14088 0.43765 0.71322
0.16235 0.47182 0.71322
0.17568 0.50990 0.71322
0.18019 0.55000 0.71322
0.15637 0.55000 0.67530
0.15245 0.58479 0.67530
0.14088 0.61784 0.67530
0.12225 0.64749 0.67530
0.09749 0.67225 0.67530
0.06784 0.69088 0.67530
0.03479 0.70245 0.67530
0.00000 0.70637 0.67530
-0.03479 0.70245 0.67530
-0.06784 0.69088 0.67530
-0.09749 0.67225 0.67530
-0.12225 0.64749 0.67530
-0.14088 0.61784 0.67530
-0.15245 0.58479 0.67530
-0.15637 0.55000 0.67530
-0.15245 0.51521 0.67530
-0.14088 0.48216 0.67530
-0.12225 0.45251 0.67530
-0.09749 0.42775 0.67530
-0.06784 0.40912 0.67530
-0.03479 0.39755 0.67530
-0.00000 0.39363 0.67530
0.03479 0.39755 0.67530
0.06784 0.40912 0.67530
0.09749 0.42775 0.67530
0.12225 0.45251 0.67530
0.14088 0.48216 0.67530
0.15245 0.51521 0.67530
0.15637 0.55000 0.67530
0.12470 0.55000 0.64363
0.12157 0.57775 0.64363
0.11235 0.60410 0.64363
0.09749 0.62775 0.64363
0.07775 0.64749 0.64363
0.05410 0.66235 0.64363
0.02775 0.67157 0.64363
0.00000 0.67470 0.64363
-0.02775 0.67157 0.64363
-0.05410 0.66235 0.64363
-0.07775 0.64749 0.64363
-0.09749 0.62775 0.64363
-0.11235 0.60410 0.64363
-0.12157 0.57775 0.64363
-0.12470 0.55000 0.64363
-0.12157 0.52225 0.64363
-0.11235 0.49590 0.64363
-0.09749 0.47225 0.64363
-0.07775 0.45251 0.64363
-0.05410 0.43765 0.64363
-0.02775 0.42843 0.64363
-0.00000 0.42530 0.64363
0.02775 0.42843 0.64363
0.05410 0.43765 0.64363
0.07775 0.45251 0.64363
0.09749 0.47225 0.64363
0.11235 0.49590 0.64363
0.12157 0.52225 0.64363
0.12470 0.55000 0.64363
0.08678 0.55000 0.61981
0.08460 0.56931 0.61981
0.07818 0.58765 0.61981
0.06784 0.60410 0.61981
0.05410 0.61784 0.61981
0.03765 0.62818 0.61981
0.01931 0.63460 0.61981
0.00000 0.63678 0.61981
-0.01931 0.63460 0.61981
-0.03765 0.62818 0.61981
-0.05410 0.61784 0.61981
-0.06784 0.60410 0.61981
-0.07818 0.58765 0.61981
-0.08460 0.56931 0.61981
-0.08678 0.55000 0.61981
-0.08460 0.53069 0.61981
-0.07818 0.51235 0.61981
-0.06784 0.49590 0.61981
-0.05410 0.48216 0.61981
-0.03765 0.47182 0.61981
-0.01931 0.46540 0.61981
-0.00000 0.46322 0.61981
0.01931 0.46540 0.61981
0.03765 0.47182 0.61981
0.05410 0.48216 0.61981
0.06784 0.49590 0.61981
0.07818 0.51235 0.61981
0.08460 0.53069 0.61981
0.08678 0.55000 0.61981
0.04450 0.55000 0.60501
0.04339 0.55990 0.60501
0.04010 0.56931 0.60501
0.03479 0.57775 0.60501
0.02775 0.58479 0.60501
0.01931 0.59010 0.60501
0.00990 0.59339 0.60501
0.00000 0.59450 0.60501
-0.00990 0.59339 0.60501
-0.01931 0.59010 0.60501
-0.02775 0.58479 0.60501
-0.03479 0.57775 0.60501
-0.04010 0.56931 0.60501
-0.04339 0.55990 0.60501
-0.04450 0.55000 0.60501
-0.04339 0.54010 0.60501
-0.04010 0.53069 0.60501
-0.03479 0.52225 0.60501
-0.02775 0.51521 0.60501
-0.01931 0.50990 0.60501
-0.00990 0.50661 0.60501
-0.00000 0.50550 0.60501
0.00990 0.50661 0.60501
0.01931 0.50990 0.60501
0.02775 0.51521 0.60501
0.03479 0.52225 0.60501
0.04010 0.53069 0.60501
0.04339 0.54010 0.60501
0.04450 0.55000 0.60501
0.00000 0.55000 0.60000
0.00000 0.55000 0.60000
0.00000 0.55000 0.60000
0.00000 0.55000 0.60000
0.00000 0.55000 0.60000
0.00000 0.55000 0.60000
0.00000 0.55000 0.60000
0.00000 0.55000 0.60000
-0.00000 0.55000 0.60000
-0.00000 0.55000 0.60000
-0.00000 0.55000 0.60000
-0.00000 0.55000 0.60000
-0.00000 0.55000 0.60000
-0.00000 0.55000 0.60000
-0.00000 0.55000 0.60000
-0.00000 0.55000 0.60000
-0.00000 0.55000 0.60000
-0.00000 0.55000 0.60000
-0.00000 0.55000 0.60000
-0.00000 0.55000 0.60000
-0.00000 0.55000 0.60000
-0.00000 0.55000 0.60000
0.00000 0.55000 0.60000
0.00000 0.55000 0.60000
0.00000 0.55000 0.60000
0.00000 0.55000 0.60000
0.00000 0.55000 0.60000
0.00000 0.55000 0.60000
0.00000 0.55000 0.60000
-0.35000 0.35000 1.00000
-0.35000 0.35000 1.00000
-0.35000 0.35000 1.00000
-0.35000 0.35000 1.00000
-0.35000 0.35000 1.00000
-0.35000 0.35000 1.00000
-0.35000 0.35000 1.00000
-0.35000 0.35000 1.00000
-0.35000 0.35000 1.00000
-0.35000 0.35000 1.00000
-0.35000 0.35000 1.00000
-0.35000 0.35000 1.00000
-0.35000 0.35000 1.00000
-0.35000 0.35000 1.00000
-0.35000 0.35000 1.00000
-0.35000 0.35000 1.00000
-0.35000 0.35000 1.00000
-0.35000 0.35000 1.00000
-0.35000 0.35000 1.00000
-0.35000 0.35000 1.00000
-0.35000 0.35000 1.00000
-0.35000 0.35000 1.00000
-0.35000 0.35000 1.00000
-0.35000 0.35000 1.00000
-0.35000 0.35000 1.00000
-0.35000 0.35000 1.00000
-0.35000 0.35000 1.00000
-0.35000 0.35000 1.00000
-0.35000 0.35000 1.00000
-0.30550 0.35000 0.99499
-0.30661 0.35990 0.99499
-0.30990 0.36931 0.99499
-0.31521 0.37775 0.99499
-0.32225 0.38479 0.99499
-0.33069 0.39010 0.99499
-0.34010 0.39339 0.99499
-0.35000 0.39450 0.99499
-0.35990 0.39339 0.99499
-0.36931 0.39010 0.99499
-0.37775 0.38479 0.99499
-0.38479 0.37775 0.99499
-0.39010 0.36931 0.99499
-0.39339 0.35990 0.99499
-0.39450 0.35000 0.99499
-0.39339 0.34010 0.99499
-0.39010 0.33069 0.99499
-0.38479 0.32225 0.99499
-0.37775 0.31521 0.99499
-0.36931 0.30990 0.99499
-0.35990 0.30661 0.99499
-0.35000 0.30550 0.99499
-0.34010 0.30661 0.99499
-0.33069 0.30990 0.99499
-0.32225 0.31521 0.99499
-0.31521 0.32225 0.99499
-0.30990 0.33069 0.99499
-0.30661 0.34010 0.99499
-0.30550 0.35000 0.99499
-0.26322 0.35000 0.98019
-0.26540 0.36931 0.98019
-0.27182 0.38765 0.98019
-0.28216 0.40410 0.98019
-0.29590 0.41784 0.98019
-0.31235 0.42818 0.98019
-0.33069 0.43460 0.98019
-0.35000 0.43678 0.98019
-0.36931 0.43460 0.98019
-0.38765 0.42818 0.98019
-0.40410 0.41784 0.98019
-0.41784 0.40410 0.98019
-0.42818 0.38765 0.98019
-0.43460 0.36931 0.98019
-0.43678 0.35000 0.98019
-0.43460 0.33069 0.98019
-0.42818 0.31235 0.98019
-0.41784 0.29590 0.98019
-0.40410 0.28216 0.98019
-0.38765 0.27182 0.98019
-0.36931 0.26540 0.98019
-0.35000 0.26322 0.98019
-0.33069 0.26540 0.98019
-0.31235 0.27182 0.98019
-0.29590 0.28216 0.98019
-0.28216 0.29590 0.98019
-0.27182 0.31235 0.98019
-0.26540 0.33069 0.98019
-0.26322 0.35000 0.98019
-0.22530 0.35000 0.95637
-0.22843 0.37775 0.95637
-0.23765 0.40410 0.95637
-0.25251 0.42775 0.95637
-0.27225 0.44749 0.95637
-0.29590 0.46235 0.95637
-0.32225 0.47157 0.95637
-0.35000 0.47470 0.95637
-0.37775 0.47157 0.95637
-0.40410 0.46235 0.95637
-0.42775 0.44749 0.95637
-0.44749 0.42775 0.95637
-0.46235 0.40410 0.95637
-0.47157 0.37775 0.95637
-0.47470 0.35000 0.95637
-0.47157 0.32225 0.95637
-0.46235 0.29590 0.95637
-0.44749 0.27225 0.95637
-0.42775 0.25251 0.95637
-0.40410 0.23765 0.95637
-0.37775 0.22843 0.95637
-0.35000 0.22530 0.95637
-0.32225 0.22843 0.95637
-0.29590 0.23765 0.95637
-0.27225 0.25251 0.95637
-0.25251 0.27225 0.95637
-0.23765 0.29590 0.95637
-0.22843 0.32225 0.95637
-0.22530 0.35000 0.95637
-0.19363 0.35000 0.92470
-0.19755 0.38479 0.92470
-0.20912 0.41784 0.92470
-0.22775 0.44749 0.92470
-0.25251 0.47225 0.92470
-0.28216 0.49088 0.92470
-0.31521 0.50245 0.92470
-0.35000 0.50637 0.92470
-0.38479 0.50245 0.92470
-0.41784 0.49088 0.92470
-0.44749 0.47225 0.92470
-0.47225 0.44749 0.92470
-0.49088 0.41784 0.92470
-0.50245 0.38479 0.92470
-0.50637 0.35000 0.92470
-0.50245 0.31521 0.92470
-0.49088 0.28216 0.92470
-0.47225 0.25251 0.92470
-0.44749 0.22775 0.92470
-0.41784 0.20912 0.92470
-0.38479 0.19755 0.92470
-0.35000 0.19363 0.92470
-0.31521 0.19755 0.92470
-0.28216 0.20912 0.92470
-0.25251 0.22775 0.92470
-0.22775 0.25251 0.92470
-0.20912 0.28216 0.92470
-0.19755 0.31521 0.92470
-0.19363 0.35000 0.92470
-0.16981 0.35000 0.88678
-0.17432 0.39010 0.88678
-0.18765 0.42818 0.88678
-0.20912 0.46235 0.88678
-0.23765 0.49088 0.88678
-0.27182 0.51235 0.88678
-0.30990 0.52568 0.88678
-0.35000 0.53019 0.88678
-0.39010 0.52568 0.88678
-0.42818 0.51235 0.88678
-0.46235 0.49088 0.88678
-0.49088 0.46235 0.88678
-0.51235 0.42818 0.88678
-0.52568 0.39010 0.88678
-0.53019 0.35000 0.88678
-0.52568 0.30990 0.88678
-0.51235 0.27182 0.88678
-0.49088 0.23765 0.88678
-0.46235 0.20912 0.88678
-0.42818 0.18765 0.88678
-0.39010 0.17432 0.88678
-0.35000 0.16981 0.88678
-0.30990 0.17432 0.88678
-0.27182 0.18765 0.88678
-0.23765 0.20912 0.88678
-0.20912 0.23765 0.88678
-0.18765 0.27182 0.88678
-0.17432 0.30990 0.88678
-0.16981 0.35000 0.88678
-0.15501 0.35000 0.84450
-0.15990 0.39339 0.84450
-0.17432 0.43460 0.84450
-0.19755 0.47157 0.84450
-0.22843 0.50245 0.84450
-0.26540 0.52568 0.84450
-0.30661 0.54010 0.84450
-0.35000 0.54499 0.84450
-0.39339 0.54010 0.84450
-0.43460 0.52568 0.84450
-0.47157 0.50245 0.84450
-0.50245 0.47157 0.84450
-0.52568 0.43460 0.84450
-0.54010 0.39339 0.84450
-0.54499 0.35000 0.84450
-0.54010 0.30661 0.84450
-0.52568 0.26540 0.84450
-0.50245 0.22843 0.84450
-0.47157 0.19755 0.84450
-0.43460 0.17432 0.84450
-0.39339 0.15990 0.84450
-0.35000 0.15501 0.84450
-0.30661 0.15990 0.84450
-0.26540 0.17432 0.84450
-0.22843 0.19755 0.84450
-0.19755 0.22843 0.84450
-0.17432 0.26540 0.84450
-0.15990 0.30661 0.84450
-0.15501 0.35000 0.84450
-0.15000 0.35000 0.80000
-0.15501 0.39450 0.80000
-0.16981 0.43678 0.80000
-0.19363 0.47470 0.80000
-0.22530 0.50637 0.80000
-0.26322 0.53019 0.80000
-0.30550 0.54499 0.80000
-0.35000 0.55000 0.80000
-0.39450 0.54499 0.80000
-0.43678 0.53019 0.80000
-0.47470 0.50637 0.80000
-0.50637 0.47470 0.80000
-0.53019 0.43678 0.80000
-0.54499 0.39450 0.80000
-0.55000 0.35000 0.80000
-0.54499 0.30550 0.80000
-0.53019 0.26322 0.80000
-0.50637 0.22530 0.80000
-0.47470 0.19363 0.80000
-0.43678 0.16981 0.80000
-0.39450 0.15501 0.80000
-0.35000 0.15000 0.80000
-0.30550 0.15501 0.80000
-0.26322 0.16981 0.80000
-0.22530 0.19363 0.80000
-0.19363 0.22530 0.80000
-0.16981 0.26322 0.80000
-0.15501 0.30550 0.80000
-0.15000 0.35000 0.80000
-0.15501 0.35000 0.75550
-0.15990 0.39339 0.75550
-0.17432 0.43460 0.75550
-0.19755 0.47157 0.75550
-0.22843 0.50245 0.75550
-0.26540 0.52568 0.75550
-0.30661 0.54010 0.75550
-0.35000 0.54499 0.75550
-0.39339 0.54010 0.75550
-0.43460 0.52568 0.75550
-0.47157 0.50245 0.75550
-0.50245 0.47157 0.75550
-0.52568 0.43460 0.75550
-0.54010 0.39339 0.75550
-0.54499 0.35000 0.75550
-0.54010 0.30661 0.75550
-0.52568 0.26540 0.75550
-0.50245 0.22843 0.75550
-0.47157 0.19755 0.75550
-0.43460 0.17432 0.75550
-0.39339 0.15990 0.75550
-0.35000 0.15501 0.75550
-0.30661 0.15990 0.75550
-0.26540 0.17432 0.75550
-0.22843 0.19755 0.75550
-0.19755 0.22843 0.75550
-0.17432 0.26540 0.75550
-0.15990 0.30661 0.75550
-0.15501 0.35000 0.75550
-0.16981 0.35000 0.71322
-0.17432 0.39010 0.71322
-0.18765 0.42818 0.71322
-0.20912 0.46235 0.71322
-0.23765 0.49088 0.71322
-0.27182 0.51235 0.71322
-0.30990 0.52568 0.71322
-0.35000 0.53019 0.71322
-0.39010 0.52568 0.71322
-0.42818 0.51235 0.71322
-0.46235 0.49088 0.71322
-0.49088 0.46235 0.71322
-0.51235 0.42818 0.71322
-0.52568 0.39010 0.71322
-0.53019 0.35000 0.71322
-0.52568 0.30990 0.71322
-0.51235 0.27182 0.71322
-0.49088 0.23765 0.71322
-0.46235 0.20912 0.71322
-0.42818 0.18765 0.71322
-0.39010 0.17432 0.71322
-0.35000 0.16981 0.71322
-0.30990 0.17432 0.71322
-0.27182 0.18765 0.71322
-0.23765 0.20912 0.71322
-0.20912 0.23765 0.71322
-0.18765 0.27182 0.71322
-0.17432 0.30990 0.71322
-0.16981 0.35000 0.71322
-0.19363 0.35000 0.67530
-0.19755 0.38479 0.67530
-0.20912 0.41784 0.67530
-0.22775 0.44749 0.67530
-0.25251 0.47225 0.67530
-0.28216 0.49088 0.67530
-0.31521 0.50245 0.67530
-0.35000 0.50637 0.67530
-0.38479 0.50245 0.67530
-0.41784 0.49088 0.67530
-0.44749 0.47225 0.67530
-0.47225 0.44749 0.67530
-0.49088 0.41784 0.67530
-0.50245 0.38479 0.67530
-0.50637 0.35000 0.67530
-0.50245 0.31521 0.67530
-0.49088 0.28216 0.67530
-0.47225 0.25251 0.67530
-0.44749 0.22775 0.67530
-0.41784 0.20912 0.67530
-0.38479 0.19755 0.67530
-0.35000 0.19363 0.67530
-0.31521 0.19755 0.67530
-0.28216 0.20912 0.67530
-0.25251 0.22775 0.67530
-0.22775 0.25251 0.67530
-0.20912 0.28216 0.67530
-0.19755 0.31521 0.67530
-0.19363 0.35000 0.67530
-0.22530 0.35000 0.64363
-0.22843 0.37775 0.64363
-0.23765 0.40410 0.64363
-0.25251 0.42775 0.64363
-0.27225 0.44749 0.64363
-0.29590 0.46235 0.64363
-0.32225 0.47157 0.64363
-0.35000 0.47470 0.64363
-0.37775 0.47157 0.64363
-0.40410 0.46235 0.64363
-0.42775 0.44749 0.64363
-0.44749 0.42775 0.64363
-0.46235 0.40410 0.64363
-0.47157 0.37775 0.64363
-0.47470 0.35000 0.64363
-0.47157 0.32225 0.64363
-0.46235 0.29590 0.64363
-0.44749 0.27225 0.64363
-0.42775 0.25251 0.64363
-0.40410 0.23765 0.64363
-0.37775 0.22843 0.64363
-0.35000 0.22530 0.64363
-0.32225 0.22843 0.64363
-0.29590 0.23765 0.64363
-0.27225 0.25251 0.64363
-0.25251 0.27225 0.64363
-0.23765 0.29590 0.64363
-0.22843 0.32225 0.64363
-0.22530 0.35000 0.64363
-0.26322 0.35000 0.61981
-0.26540 0.36931 0.61981
-0.27182 0.38765 0.61981
-0.28216 0.40410 0.61981
-0.29590 0.41784 0.61981
-0.31235 0.42818 0.61981
-0.33069 0.43460 0.61981
-0.35000 0.43678 0.61981
-0.36931 0.43460 0.61981
-0.38765 0.42818 0.61981
-0.40410 0.41784 0.61981
-0.41784 0.40410 0.61981
-0.42818 0.38765 0.61981
-0.43460 0.36931 0.61981
-0.43678 0.35000 0.61981
-0.43460 0.33069 0.61981
-0.42818 0.31235 0.61981
-0.41784 0.29590 0.61981
-0.40410 0.28216 0.61981
-0.38765 0.27182 0.61981
-0.36931 0.26540 0.61981
-0.35000 0.26322 0.61981
-0.33069 0.26540 0.61981
-0.31235 0.27182 0.61981
-0.29590 0.28216 0.61981
-0.28216 0.29590 0.61981
-0.27182 0.31235 0.61981
-0.26540 0.33069 0.61981
-0.26322 0.35000 0.61981
-0.30550 0.35000 0.60501
-0.30661 0.35990 0.60501
-0.30990 0.36931 0.60501
-0.31521 0.37775 0.60501
-0.32225 0.38479 0.60501
-0.33069 0.39010 0.60501
-0.34010 0.39339 0.60501
-0.35000 0.39450 0.60501
-0.35990 0.39339 0.60501
-0.36931 0.39010 0.60501
-0.37775 0.38479 0.60501
-0.38479 0.37775 0.60501
-0.39010 0.36931 0.60501
-0.39339 0.35990 0.60501
-0.39450 0.35000 0.60501
-0.39339 0.34010 0.60501
-0.39010 0.33069 0.60501
-0.38479 0.32225 0.60501
-0.37775 0.31521 0.60501
-0.36931 0.30990 0.60501
-0.35990 0.30661 0.60501
-0.35000 0.30550 0.60501
-0.34010 0.30661 0.60501
-0.33069 0.30990 0.60501
-0.32225 0.31521 0.60501
-0.31521 0.32225 0.60501
-0.30990 0.33069 0.60501
-0.30661 0.34010 0.60501
-0.30550 0.35000 0.60501
-0.35000 0.35000 0.60000
-0.35000 0.35000 0.60000
-0.35000 0.35000 0.60000
-0.35000 0.35000 0.60000
-0.35000 0.35000 0.60000
-0.35000 0.35000 0.60000
-0.35000 0.35000 0.60000
-0.35000 0.35000 0.60000
-0.35000 0.35000 0.60000
-0.35000 0.35000 0.60000
-0.35000 0.35000 0.60000
-0.35000 0.35000 0.60000
-0.35000 0.35000 0.60000
-0.35000 0.35000 0.60000
-0.35000 0.35000 0.60000
-0.35000 0.35000 0.60000
-0.35000 0.35000 0.60000
-0.35000 0.35000 0.60000
-0.35000 0.35000 0.60000
-0.35000 0.35000 0.60000
-0.35000 0.35000 0.60000
-0.35000 0.35000 0.60000
-0.35000 0.35000 0.60000
-0.35000 0.35000 0.60000
-0.35000 0.35000 0.60000
-0.35000 0.35000 0.60000
-0.35000 0.35000 0.60000
-0.35000 0.35000 0.60000
-0.35000 0.35000 0.60000
-0.55000 0.00000 1.00000
-0.55000 0.00000 1.00000
-0.55000 0.00000 1.00000
-0.55000 0.00000 1.00000
-0.55000 0.00000 1.00000
-0.55000 0.00000 1.00000
-0.55000 0.00000 1.00000
-0.55000 0.00000 1.00000
-0.55000 0.00000 1.00000
-0.55000 0.00000 1.00000
-0.55000 0.00000 1.00000
-0.55000 0.00000 1.00000
-0.55000 0.00000 1.00000
-0.55000 0.00000 1.00000
-0.55000 0.00000 1.00000
-0.55000 0.00000 1.00000
-0.55000 0.00000 1.00000
-0.55000 0.00000 1.00000
-0.55000 0.00000 1.00000
-0.55000 0.00000 1.00000
-0.55000 0.00000 1.00000
-0.55000 0.00000 1.00000
-0.55000 0.00000 1.00000
-0.55000 0.00000 1.00000
-0.55000 0.00000 1.00000
-0.55000 0.00000 1.00000
-0.55000 0.00000 1.00000
-0.55000 0.00000 1.00000
-0.55000 0.00000 1.00000
-0.50550 0.00000 0.99499
-0.50661 0.00990 0.99499
-0.50990 0.01931 0.99499
-0.51521 0.02775 0.99499
-0.52225 0.03479 0.99499
-0.53069 0.04010 0.99499
-0.54010 0.04339 0.99499
-0.55000 0.04450 0.99499
-0.55990 0.04339 0.99499
-0.56931 0.04010 0.99499
-0.57775 0.03479 0.99499
-0.58479 0.02775 0.99499
-0.59010 0.01931 0.99499
-0.59339 0.00990 0.99499
-0.59450 0.00000 0.99499
-0.59339 -0.00990 0.99499
-0.59010 -0.01931 0.99499
-0.58479 -0.02775 0.99499
-0.57775 -0.03479 0.99499
-0.56931 -0.04010 0.99499
-0.55990 -0.04339 0.99499
-0.55000 -0.04450 0.99499
-0.54010 -0.04339 0.99499
-0.53069 -0.04010 0.99499
-0.52225 -0.03479 0.99499
-0.51521 -0.02775 0.99499
-0.50990 -0.01931 0.99499
-0.50661 -0.00990 0.99499
-0.50550 -0.00000 0.99499
-0.46322 0.00000 0.98019
-0.46540 0.01931 0.98019
-0.47182 0.03765 0.98019
-0.48216 0.05410 0.98019
-0.49590 0.06784 0.98019
-0.51235 0.07818 0.98019
-0.53069 0.08460 0.98019
-0.55000 0.08678 0.98019
-0.56931 0.08460 0.98019
-0.58765 0.07818 0.98019
-0.60410 0.06784 0.98019
-0.61784 0.05410 0.98019
-0.62818 0.03765 0.98019
-0.63460 0.01931 0.98019
-0.63678 0.00000 0.98019
-0.63460 -0.01931 0.98019
-0.62818 -0.03765 0.98019
-0.61784 -0.05410 0.98019
-0.60410 -0.06784 0.98019
-0.58765 -0.07818 0.98019
-0.56931 -0.08460 0.98019
-0.55000 -0.08678 0.98019
-0.53069 -0.08460 0.98019
-0.51235 -0.07818 0.98019
-0.49590 -0.06784 0.98019
-0.48216 -0.05410 0.98019
-0.47182 -0.03765 0.98019
-0.46540 -0.01931 0.98019
-0.46322 -0.00000 0.98019
-0.42530 0.00000 0.95637
-0.42843 0.02775 0.95637
-0.43765 0.05410 0.95637
-0.45251 0.07775 0.95637
-0.47225 0.09749 0.95637
-0.49590 0.11235 0.95637
-0.52225 0.12157 0.95637
-0.55000 0.12470 0.95637
-0.57775 0.12157 0.95637
-0.60410 0.11235 0.95637
-0.62775 0.09749 0.95637
-0.64749 0.07775 0.95637
-0.66235 0.05410 0.95637
-0.67157 0.02775 0.95637
-0.67470 0.00000 0.95637
-0.67157 -0.02775 0.95637
-0.66235 -0.05410 0.95637
-0.64749 -0.07775 0.95637
-0.62775 -0.09749 0.95637
-0.60410 -0.11235 0.95637
-0.57775 -0.12157 0.95637
-0.55000 -0.12470 0.95637
-0.52225 -0.12157 0.95637
-0.49590 -0.11235 0.95637
-0.47225 -0.09749 0.95637
-0.45251 -0.07775 0.95637
-0.43765 -0.05410 0.95637
-0.42843 -0.02775 0.95637
-0.42530 -0.00000 0.95637
-0.39363 0.00000 0.92470
-0.39755 0.03479 0.92470
-0.40912 0.06784 0.92470
-0.42775 0.09749 0.92470
-0.45251 0.12225 0.92470
-0.48216 0.14088 0.92470
-0.51521 0.15245 0.92470
-0.55000 0.15637 0.92470
-0.58479 0.15245 0.92470
-0.61784 0.14088 0.92470
-0.64749 0.12225 0.92470
-0.67225 0.09749 0.92470
-0.69088 0.06784 0.92470
-0.70245 0.03479 0.92470
-0.70637 0.00000 0.92470
-0.70245 -0.03479 0.92470
-0.69088 -0.06784 0.92470
-0.67225 -0.09749 0.92470
-0.64749 -0.12225 0.92470
-0.61784 -0.14088 0.92470
-0.58479 -0.15245 0.92470
-0.55000 -0.15637 0.92470
-0.51521 -0.15245 0.92470
-0.48216 -0.14088 0.92470
-0.45251 -0.12225 0.92470
-0.42775 -0.09749 0.92470
-0.40912 -0.06784 0.92470
-0.39755 -0.03479 0.92470
-0.39363 -0.00000 0.92470
-0.36981 0.00000 0.88678
-0.37432 0.04010 0.88678
-0.38765 0.07818 0.88678
-0.40912 0.11235 0.88678
-0.43765 0.14088 0.88678
-0.47182 0.16235 0.88678
-0.50990 0.17568 0.88678
-0.55000 0.18019 0.88678
-0.59010 0.17568 0.88678
-0.62818 0.16235 0.88678
-0.66235 0.14088 0.88678
-0.69088 0.11235 0.88678
-0.71235 0.07818 0.88678
-0.72568 0.04010 0.88678
-0.73019 0.00000 0.88678
-0.72568 -0.04010 0.88678
-0.71235 -0.07818 0.88678
-0.69088 -0.11235 0.88678
-0.66235 -0.14088 0.88678
-0.62818 -0.16235 0.88678
-0.59010 -0.17568 0.88678
-0.55000 -0.18019 0.88678
-0.50990 -0.17568 0.88678
-0.47182 -0.16235 0.88678
-0.43765 -0.14088 0.88678
-0.40912 -0.11235 0.88678
-0.38765 -0.07818 0.88678
-0.37432 -0.04010 0.88678
-0.36981 -0.00000 0.88678
-0.35501 0.00000 0.84450
-0.35990 0.04339 0.84450
-0.37432 0.08460 0.84450
-0.39755 0.12157 0.84450
-0.42843 0.15245 0.84450
-0.46540 0.17568 0.84450
-0.50661 0.19010 0.84450
-0.55000 0.19499 0.84450
-0.59339 0.19010 0.84450
-0.63460 0.17568 0.84450
-0.67157 0.15245 0.84450
-0.70245 0.12157 0.84450
-0.72568 0.08460 0.84450
-0.74010 0.04339 0.84450
-0.74499 0.00000 0.84450
-0.74010 -0.04339 0.84450
-0.72568 -0.08460 0.84450
-0.70245 -0.12157 0.84450
-0.67157 -0.15245 0.84450
-0.63460 -0.17568 0.84450
-0.59339 -0.19010 0.84450
-0.55000 -0.19499 0.84450
-0.50661 -0.19010 0.84450
-0.46540 -0.17568 0.84450
-0.42843 -0.15245 0.84450
-0.39755 -0.12157 0.84450
-0.37432 -0.08460 0.84450
-0.35990 -0.04339 0.84450
-0.35501 -0.00000 0.84450
-0.35000 0.00000 0.80000
-0.35501 0.04450 0.80000
-0.36981 0.08678 0.80000
-0.39363 0.12470 0.80000
-0.42530 0.15637 0.80000
-0.46322 0.18019 0.80000
-0.50550 0.19499 0.80000
-0.55000 0.20000 0.80000
-0.59450 0.19499 0.80000
-0.63678 0.18019 0.80000
-0.67470 0.15637 0.80000
-0.70637 0.12470 0.80000
-0.73019 0.08678 0.80000
-0.74499 0.04450 0.80000
-0.75000 0.00000 0.80000
-0.74499 -0.04450 0.80000
-0.73019 -0.08678 0.80000
-0.70637 -0.12470 0.80000
-0.67470 -0.15637 0.80000
-0.63678 -0.18019 0.80000
-0.59450 -0.19499 0.80000
-0.55000 -0.20000 0.80000
-0.50550 -0.19499 0.80000
-0.46322 -0.18019 0.80000
-0.42530 -0.15637 0.80000
-0.39363 -0.12470 0.80000
-0.36981 -0.08678 0.80000
-0.35501 -0.04450 0.80000
-0.35000 -0.00000 0.80000
-0.35501 0.00000 0.75550
-0.35990 0.04339 0.75550
-0.37432 0.08460 0.75550
-0.39755 0.12157 0.75550
-0.42843 0.15245 0.75550
-0.46540 0.17568 0.75550
-0.50661 0.19010 0.75550
-0.55000 0.19499 0.75550
-0.59339 0.19010 0.75550
-0.63460 0.17568 0.75550
-0.67157 0.15245 0.75550
-0.70245 0.12157 0.75550
-0.72568 0.08460 0.75550
-0.74010 0.04339 0.75550
-0.74499 0.00000 0.75550
-0.74010 -0.04339 0.75550
-0.72568 -0.08460 0.75550
-0.70245 -0.12157 0.75550
-0.67157 -0.15245 0.75550
-0.63460 -0.17568 0.75550
-0.59339 -0.19010 0.75550
-0.55000 -0.19499 0.75550
-0.50661 -0.19010 0.75550
-0.46540 -0.17568 0.75550
-0.42843 -0.15245 0.75550
-0.39755 -0.12157 0.75550
-0.37432 -0.08460 0.75550
-0.35990 -0.04339 0.75550
-0.35501 -0.00000 0.75550
-0.36981 0.00000 0.71322
-0.37432 0.04010 0.71322
-0.38765 0.07818 0.71322
-0.40912 0.11235 0.71322
-0.43765 0.14088 0.71322
-0.47182 0.16235 0.71322
-0.50990 0.17568 0.71322
-0.55000 0.18019 0.71322
-0.59010 0.17568 0.71322
-0.62818 0.16235 0.71322
-0.66235 0.14088 0.71322
-0.69088 0.11235 0.71322
-0.71235 0.07818 0.71322
-0.72568 0.04010 0.71322
-0.73019 0.00000 0.71322
-0.72568 -0.04010 0.71322
-0.71235 -0.07818 0.71322
-0.69088 -0.11235 0.71322
-0.66235 -0.14088 0.71322
-0.62818 -0.16235 0.71322
-0.59010 -0.17568 0.71322
-0.55000 -0.18019 0.71322
-0.50990 -0.17568 0.71322
-0.47182 -0.16235 0.71322
-0.43765 -0.14088 0.71322
-0.40912 -0.11235 0.71322
-0.38765 -0.07818 0.71322
-0.37432 -0.04010 0.71322
-0.36981 -0.00000 0.71322
-0.39363 0.00000 0.67530
-0.39755 0.03479 0.67530
-0.40912 0.06784 0.67530
-0.42775 0.09749 0.67530
-0.45251 0.12225 0.67530
-0.48216 0.14088 0.67530
-0.51521 0.15245 0.67530
-0.55000 0.15637 0.67530
-0.58479 0.15245 0.67530
-0.61784 0.14088 0.67530
-0.64749 0.12225 0.67530
-0.67225 0.09749 0.67530
-0.69088 0.06784 0.67530
-0.70245 0.03479 0.67530
-0.70637 0.00000 0.67530
-0.70245 -0.03479 0.67530
-0.69088 -0.06784 0.67530
-0.67225 -0.09749 0.67530
-0.64749 -0.12225 0.67530
-0.61784 -0.14088 0.67530
-0.58479 -0.15245 0.67530
-0.55000 -0.15637 0.67530
-0.51521 -0.15245 0.67530
-0.48216 -0.14088 0.67530
-0.45251 -0.12225 0.67530
-0.42775 -0.09749 0.67530
-0.40912 -0.06784 0.67530
-0.39755 -0.03479 0.67530
-0.39363 -0.00000 0.67530
-0.42530 0.00000 0.64363
-0.42843 0.02775 0.64363
-0.43765 0.05410 0.64363
-0.45251 0.07775 0.64363
-0.47225 0.09749 0.64363
-0.49590 0.11235 0.64363
-0.52225 0.12157 0.64363
-0.55000 0.12470 0.64363
-0.57775 0.12157 0.64363
-0.60410 0.11235 0.64363
-0.62775 0.09749 0.64363
-0.64749 0.07775 0.64363
-0.66235 0.05410 0.64363
-0.67157 0.02775 0.64363
-0.67470 0.00000 0.64363
-0.67157 -0.02775 0.64363
-0.66235 -0.05410 0.64363
-0.64749 -0.07775 0.64363
-0.62775 -0.09749 0.64363
-0.60410 -0.11235 0.64363
-0.57775 -0.12157 0.64363
-0.55000 -0.12470 0.64363
-0.52225 -0.12157 0.64363
-0.49590 -0.11235 0.64363
-0.47225 -0.09749 0.64363
-0.45251 -0.07775 0.64363
-0.43765 -0.05410 0.64363
-0.42843 -0.02775 0.64363
-0.42530 -0.00000 0.64363
-0.46322 0.00000 0.61981
-0.46540 0.01931 0.61981
-0.47182 0.03765 0.61981
-0.48216 0.05410 0.61981
-0.49590 0.06784 0.61981
-0.51235 0.07818 0.61981
-0.53069 0.08460 0.61981
-0.55000 0.08678 0.61981
-0.56931 0.08460 0.61981
-0.58765 0.07818 0.61981
-0.60410 0.06784 0.61981
-0.61784 0.05410 0.61981
-0.62818 0.03765 0.61981
-0.63460 0.01931 0.61981
-0.63678 0.00000 0.61981
-0.63460 -0.01931 0.61981
-0.62818 -0.03765 0.61981
-0.61784 -0.05410 0.61981
-0.60410 -0.06784 0.61981
-0.58765 -0.07818 0.61981
-0.56931 -0.08460 0.61981
-0.55000 -0.08678 0.61981
-0.53069 -0.08460 0.61981
-0.51235 -0.07818 0.61981
-0.49590 -0.06784 0.61981
-0.48216 -0.05410 0.61981
-0.47182 -0.03765 0.61981
-0.46540 -0.01931 0.61981
-0.46322 -0.00000 0.61981
-0.50550 0.00000 0.60501
-0.50661 0.00990 0.60501
-0.50990 0.01931 0.60501
-0.51521 0.02775 0.60501
-0.52225 0.03479 0.60501
-0.53069 0.04010 0.60501
-0.54010 0.04339 0.60501
-0.55000 0.04450 0.60501
-0.55990 0.04339 0.60501
-0.56931 0.04010 0.60501
-0.57775 0.03479 0.60501
-0.58479 0.02775 0.60501
-0.59010 0.01931 0.60501
-0.59339 0.00990 0.60501
-0.59450 0.00000 0.60501
-0.59339 -0.00990 0.60501
-0.59010 -0.01931 0.60501
-0.58479 -0.02775 0.60501
-0.57775 -0.03479 0.60501
-0.56931 -0.04010 0.60501
-0.55990 -0.04339 0.60501
-0.55000 -0.04450 0.60501
-0.54010 -0.04339 0.60501
-0.53069 -0.04010 0.60501
-0.52225 -0.03479 0.60501
-0.51521 -0.02775 0.60501
-0.50990 -0.01931 0.60501
-0.50661 -0.00990 0.60501
-0.50550 -0.00000 0.60501
-0.55000 0.00000 0.60000
-0.55000 0.00000 0.60000
-0.55000 0.00000 0.60000
-0.55000 0.00000 0.60000
-0.55000 0.00000 0.60000
-0.55000 0.00000 0.60000
-0.55000 0.00000 0.60000
-0.55000 0.00000 0.60000
-0.55000 0.00000 0.60000
-0.55000 0.00000 0.60000
-0.55000 0.00000 0.60000
-0.55000 0.00000 0.60000
-0.55000 0.00000 0.60000
-0.55000 0.00000 0.60000
-0.55000 0.00000 0.60000
-0.55000 -0.00000 0.60000
-0.55000 -0.00000 0.60000
-0.55000 -0.00000 0.60000
-0.55000 -0.00000 0.60000
-0.55000 -0.00000 0.60000
-0.55000 -0.00000 0.60000
-0.55000 -0.00000 0.60000
-0.55000 -0.00000 0.60000
-0.55000 -0.00000 0.60000
-0.55000 -0.00000 0.60000
-0.55000 -0.00000 0.60000
-0.55000 -0.00000 0.60000
-0.55000 -0.00000 0.60000
-0.55000 -0.00000 0.60000
-0.35000 -0.35000 1.00000
-0.35000 -0.35000 1.00000
-0.35000 -0.35000 1.00000
-0.35000 -0.35000 1.00000
-0.35000 -0.35000 1.00000
-0.35000 -0.35000 1.00000
-0.35000 -0.35000 1.00000
-0.35000 -0.35000 1.00000
-0.35000 -0.35000 1.00000
-0.35000 -0.35000 1.00000
-0.35000 -0.35000 1.00000
-0.35000 -0.35000 1.00000
-0.35000 -0.35000 1.00000
-0.35000 -0.35000 1.00000
-0.35000 -0.35000 1.00000
-0.35000 -0.35000 1.00000
-0.35000 -0.35000 1.00000
-0.35000 -0.35000 1.00000
-0.35000 -0.35000 1.00000
-0.35000 -0.35000 1.00000
-0.35000 -0.35000 1.00000
-0.35000 -0.35000 1.00000
-0.35000 -0.35000 1.00000
-0.35000 -0.35000 1.00000
-0.35000 -0.35000 1.00000
-0.35000 -0.35000 1.00000
-0.35000 -0.35000 1.00000
-0.35000 -0.35000 1.00000
-0.35000 -0.35000 1.00000
-0.30550 -0.35000 0.99499
-0.30661 -0.34010 0.99499
-0.30990 -0.33069 0.99499
-0.31521 -0.32225 0.99499
-0.32225 -0.31521 0.99499
-0.33069 -0.30990 0.99499
-0.34010 -0.30661 0.99499
-0.35000 -0.30550 0.99499
-0.35990 -0.30661 0.99499
-0.36931 -0.30990 0.99499
-0.37775 -0.31521 0.99499
-0.38479 -0.32225 0.99499
-0.39010 -0.33069 0.99499
-0.39339 -0.34010 0.99499
-0.39450 -0.35000 0.99499
-0.39339 -0.35990 0.99499
-0.39010 -0.36931 0.99499
-0.38479 -0.37775 0.99499
-0.37775 -0.38479 0.99499
-0.36931 -0.39010 0.99499
-0.35990 -0.39339 0.99499
-0.35000 -0.39450 0.99499
-0.34010 -0.39339 0.99499
-0.33069 -0.39010 0.99499
-0.32225 -0.38479 0.99499
-0.31521 -0.37775 0.99499
-0.30990 -0.36931 0.99499
-0.30661 -0.35990 0.99499
-0.30550 -0.35000 0.99499
-0.26322 -0.35000 0.98019
-0.26540 -0.33069 0.98019
-0.27182 -0.31235 0.98019
-0.28216 -0.29590 0.98019
-0.29590 -0.28216 0.98019
-0.31235 -0.27182 0.98019
-0.33069 -0.26540 0.98019
-0.35000 -0.26322 0.98019
-0.36931 -0.26540 0.98019
-0.38765 -0.27182 0.98019
-0.40410 -0.28216 0.98019
-0.41784 -0.29590 0.98019
-0.42818 -0.31235 0.98019
-0.43460 -0.33069 0.98019
-0.43678 -0.35000 0.98019
-0.43460 -0.36931 0.98019
-0.42818 -0.38765 0.98019
-0.41784 -0.40410 0.98019
-0.40410 -0.41784 0.98019
-0.38765 -0.42818 0.98019
-0.36931 -0.43460 0.98019
-0.35000 -0.43678 0.98019
-0.33069 -0.43460 0.98019
-0.31235 -0.42818 0.98019
-0.29590 -0.41784 0.98019
-0.28216 -0.40410 0.98019
-0.27182 -0.38765 0.98019
-0.26540 -0.36931 0.98019
-0.26322 -0.35000 0.98019
-0.22530 -0.35000 0.95637
-0.22843 -0.32225 0.95637
-0.23765 -0.29590 0.95637
-0.25251 -0.27225 0.95637
-0.27225 -0.25251 0.95637
-0.29590 -0.23765 0.95637
-0.32225 -0.22843 0.95637
-0.35000 -0.22530 0.95637
-0.37775 -0.22843 0.95637
-0.40410 -0.23765 0.95637
-0.42775 -0.25251 0.95637
-0.44749 -0.27225 0.95637
-0.46235 -0.29590 0.95637
-0.47157 -0.32225 0.95637
-0.47470 -0.35000 0.95637
-0.47157 -0.37775 0.95637
-0.46235 -0.40410 0.95637
-0.44749 -0.42775 0.95637
-0.42775 -0.44749 0.95637
-0.40410 -0.46235 0.95637
-0.37775 -0.47157 0.95637
-0.35000 -0.47470 0.95637
-0.32225 -0.47157 0.95637
-0.29590 -0.46235 0.95637
-0.27225 -0.44749 0.95637
-0.25251 -0.42775 0.95637
-0.23765 -0.40410 0.95637
-0.22843 -0.37775 0.95637
-0.22530 -0.35000 0.95637
-0.19363 -0.35000 0.92470
-0.19755 -0.31521 0.92470
-0.20912 -0.28216 0.92470
-0.22775 -0.25251 0.92470
-0.25251 -0.22775 0.92470
-0.28216 -0.20912 0.92470
-0.31521 -0.19755 0.92470
-0.35000 -0.19363 0.92470
-0.38479 -0.19755 0.92470
-0.41784 -0.20912 0.92470
-0.44749 -0.22775 0.92470
-0.47225 -0.25251 0.92470
-0.49088 -0.28216 0.92470
-0.50245 -0.31521 0.92470
-0.50637 -0.35000 0.92470
-0.50245 -0.38479 0.92470
-0.49088 -0.41784 0.92470
-0.47225 -0.44749 0.92470
-0.44749 -0.47225 0.92470
-0.41784 -0.49088 0.92470
-0.38479 -0.50245 0.92470
-0.35000 -0.50637 0.92470
-0.31521 -0.50245 0.92470
-0.28216 -0.49088 0.92470
-0.25251 -0.47225 0.92470
-0.22775 -0.44749 0.92470
-0.20912 -0.41784 0.92470
-0.19755 -0.38479 0.92470
-0.19363 -0.35000 0.92470
-0.16981 -0.35000 0.88678
-0.17432 -0.30990 0.88678
-0.18765 -0.27182 0.88678
-0.20912 -0.23765 0.88678
-0.23765 -0.20912 0.88678
-0.27182 -0.18765 0.88678
-0.30990 -0.17432 0.88678
-0.35000 -0.16981 0.88678
-0.39010 -0.17432 0.88678
-0.42818 -0.18765 0.88678
-0.46235 -0.20912 0.88678
-0.49088 -0.23765 0.88678
-0.51235 -0.27182 0.88678
-0.52568 -0.30990 0.88678
-0.53019 -0.35000 0.88678
-0.52568 -0.39010 0.88678
-0.51235 -0.42818 0.88678
-0.49088 -0.46235 0.88678
-0.46235 -0.49088 0.88678
-0.42818 -0.51235 0.88678
-0.39010 -0.52568 0.88678
-0.35000 -0.53019 0.88678
-0.30990 -0.52568 0.88678
-0.27182 -0.51235 0.88678
-0.23765 -0.49088 0.88678
-0.20912 -0.46235 0.88678
-0.18765 -0.42818 0.88678
-0.17432 -0.39010 0.88678
-0.16981 -0.35000 0.88678
-0.15501 -0.35000 0.84450
-0.15990 -0.30661 0.84450
-0.17432 -0.26540 0.84450
-0.19755 -0.22843 0.84450
-0.22843 -0.19755 0.84450
-0.26540 -0.17432 0.84450
-0.30661 -0.15990 0.84450
-0.35000 -0.15501 0.84450
-0.39339 -0.15990 0.84450
-0.43460 -0.17432 0.84450
-0.47157 -0.19755 0.84450
-0.50245 -0.22843 0.84450
-0.52568 -0.26540 0.84450
-0.54010 -0.30661 0.84450
-0.54499 -0.35000 0.84450
-0.54010 -0.39339 0.84450
-0.52568 -0.43460 0.84450
-0.50245 -0.47157 0.84450
-0.47157 -0.50245 0.84450
-0.43460 -0.52568 0.84450
-0.39339 -0.54010 0.84450
-0.35000 -0.54499 0.84450
-0.30661 -0.54010 0.84450
-0.26540 -0.52568 0.84450
-0.22843 -0.50245 0.84450
-0.19755 -0.47157 0.84450
-0.17432 -0.43460 0.84450
-0.15990 -0.39339 0.84450
-0.15501 -0.35000 0.84450
-0.15000 -0.35000 0.80000
-0.15501 -0.30550 0.80000
-0.16981 -0.26322 0.80000
-0.19363 -0.22530 0.80000
-0.22530 -0.19363 0.80000
-0.26322 -0.16981 0.80000
-0.30550 -0.15501 0.80000
-0.35000 -0.15000 0.80000
-0.39450 -0.15501 0.80000
-0.43678 -0.16981 0.80000
-0.47470 -0.19363 0.80000
-0.50637 -0.22530 0.80000
-0.53019 -0.26322 0.80000
-0.54499 -0.30550 0.80000
-0.55000 -0.35000 0.80000
-0.54499 -0.39450 0.80000
-0.53019 -0.43678 0.80000
-0.50637 -0.47470 0.80000
-0.47470 -0.50637 0.80000
-0.43678 -0.53019 0.80000
-0.39450 -0.54499 0.80000
-0.35000 -0.55000 0.80000
-0.30550 -0.54499 0.80000
-0.26322 -0.53019 0.80000
-0.22530 -0.50637 0.80000
-0.19363 -0.47470 0.80000
-0.16981 -0.43678 0.80000
-0.15501 -0.39450 0.80000
-0.15000 -0.35000 0.80000
-0.15501 -0.35000 0.75550
-0.15990 -0.30661 0.75550
-0.17432 -0.26540 0.75550
-0.19755 -0.22843 0.75550
-0.22843 -0.19755 0.75550
-0.26540 -0.17432 0.75550
-0.30661 -0.15990 0.75550
-0.35000 -0.15501 0.75550
-0.39339 -0.15990 0.75550
-0.43460 -0.17432 0.75550
-0.47157 -0.19755 0.75550
-0.50245 -0.22843 0.75550
-0.52568 -0.26540 0.75550
-0.54010 -0.30661 0.75550
-0.54499 -0.35000 0.75550
-0.54010 -0.39339 0.75550
-0.52568 -0.43460 0.75550
-0.50245 -0.47157 0.75550
-0.47157 -0.50245 0.75550
-0.43460 -0.52568 0.75550
-0.39339 -0.54010 0.75550
-0.35000 -0.54499 0.75550
-0.30661 -0.54010 0.75550
-0.26540 -0.52568 0.75550
-0.22843 -0.50245 0.75550
-0.19755 -0.47157 0.75550
-0.17432 -0.43460 0.75550
-0.15990 -0.39339 0.75550
-0.15501 -0.35000 0.75550
-0.16981 -0.35000 0.71322
-0.17432 -0.30990 0.71322
-0.18765 -0.27182 0.71322
-0.20912 -0.23765 0.71322
-0.23765 -0.20912 0.71322
-0.27182 -0.18765 0.71322
-0.30990 -0.17432 0.71322
-0.35000 -0.16981 0.71322
-0.39010 -0.17432 0.71322
-0.42818 -0.18765 0.71322
-0.46235 -0.20912 0.71322
-0.49088 -0.23765 0.71322
-0.51235 -0.27182 0.71322
-0.52568 -0.30990 0.71322
-0.53019 -0.35000 0.71322
-0.52568 -0.39010 0.71322
-0.51235 -0.42818 0.71322
-0.49088 -0.46235 0.71322
-0.46235 -0.49088 0.71322
-0.42818 -0.51235 0.71322
-0.39010 -0.52568 0.71322
-0.35000 -0.53019 0.71322
-0.30990 -0.52568 0.71322
-0.27182 -0.51235 0.71322
-0.23765 -0.49088 0.71322
-0.20912 -0.46235 0.71322
-0.18765 -0.42818 0.71322
-0.17432 -0.39010 0.71322
-0.16981 -0.35000 0.71322
-0.19363 -0.35000 0.67530
-0.19755 -0.31521 0.67530
-0.20912 -0.28216 0.67530
-0.22775 -0.25251 0.67530
-0.25251 -0.22775 0.67530
-0.28216 -0.20912 0.67530
-0.31521 -0.19755 0.67530
-0.35000 -0.19363 0.67530
-0.38479 -0.19755 0.67530
-0.41784 -0.20912 0.67530
-0.44749 -0.22775 0.67530
-0.47225 -0.25251 0.67530
-0.49088 -0.28216 0.67530
-0.50245 -0.31521 0.67530
-0.50637 -0.35000 0.67530
-0.50245 -0.38479 0.67530
-0.49088 -0.41784 0.67530
-0.47225 -0.44749 0.67530
-0.44749 -0.47225 0.67530
-0.41784 -0.49088 0.67530
-0.38479 -0.50245 0.67530
-0.35000 -0.50637 0.67530
-0.31521 -0.50245 0.67530
-0.28216 -0.49088 0.67530
-0.25251 -0.47225 0.67530
-0.22775 -0.44749 0.67530
-0.20912 -0.41784 0.67530
-0.19755 -0.38479 0.67530
-0.19363 -0.35000 0.67530
-0.22530 -0.35000 0.64363
-0.22843 -0.32225 0.64363
-0.23765 -0.29590 0.64363
-0.25251 -0.27225 0.64363
-0.27225 -0.25251 0.64363
-0.29590 -0.23765 0.64363
-0.32225 -0.22843 0.64363
-0.35000 -0.22530 0.64363
-0.37775 -0.22843 0.64363
-0.40410 -0.23765 0.64363
-0.42775 -0.25251 0.64363
-0.44749 -0.27225 0.64363
-0.46235 -0.29590 0.64363
-0.47157 -0.32225 0.64363
-0.47470 -0.35000 0.64363
-0.47157 -0.37775 0.64363
-0.46235 -0.40410 0.64363
-0.44749 -0.42775 0.64363
-0.42775 -0.44749 0.64363
-0.40410 -0.46235 0.64363
-0.37775 -0.47157 0.64363
-0.35000 -0.47470 0.64363
-0.32225 -0.47157 0.64363
-0.29590 -0.46235 0.64363
-0.27225 -0.44749 0.64363
-0.25251 -0.42775 0.64363
-0.23765 -0.40410 0.64363
-0.22843 -0.37775 0.64363
-0.22530 -0.35000 0.64363
-0.26322 -0.35000 0.61981
-0.26540 -0.33069 0.61981
-0.27182 -0.31235 0.61981
-0.28216 -0.29590 0.61981
-0.29590 -0.28216 0.61981
-0.31235 -0.27182 0.61981
-0.33069 -0.26540 0.61981
-0.35000 -0.26322 0.61981
-0.36931 -0.26540 0.61981
-0.38765 -0.27182 0.61981
-0.40410 -0.28216 0.61981
-0.41784 -0.29590 0.61981
-0.42818 -0.31235 0.61981
-0.43460 -0.33069 0.61981
-0.43678 -0.35000 0.61981
-0.43460 -0.36931 0.61981
-0.42818 -0.38765 0.61981
-0.41784 -0.40410 0.61981
-0.40410 -0.41784 0.61981
-0.38765 -0.42818 0.61981
-0.36931 -0.43460 0.61981
-0.35000 -0.43678 0.61981
-0.33069 -0.43460 0.61981
-0.31235 -0.42818 0.61981
-0.29590 -0.41784 0.61981
-0.28216 -0.40410 0.61981
-0.27182 -0.38765 0.61981
-0.26540 -0.36931 0.61981
-0.26322 -0.35000 0.61981
-0.30550 -0.35000 0.60501
-0.30661 -0.34010 0.60501
-0.30990 -0.33069 0.60501
-0.31521 -0.32225 0.60501
-0.32225 -0.31521 0.60501
-0.33069 -0.30990 0.60501
-0.34010 -0.30661 0.60501
-0.35000 -0.30550 0.60501
-0.35990 -0.30661 0.60501
-0.36931 -0.30990 0.60501
-0.37775 -0.31521 0.60501
-0.38479 -0.32225 0.60501
-0.39010 -0.33069 0.60501
-0.39339 -0.34010 0.60501
-0.39450 -0.35000 0.60501
-0.39339 -0.35990 0.60501
-0.39010 -0.36931 0.60501
-0.38479 -0.37775 0.60501
-0.37775 -0.38479 0.60501
-0.36931 -0.39010 0.60501
-0.35990 -0.39339 0.60501
-0.35000 -0.39450 0.60501
-0.34010 -0.39339 0.60501
-0.33069 -0.39010 0.60501
-0.32225 -0.38479 0.60501
-0.31521 -0.37775 0.60501
-0.30990 -0.36931 0.60501
-0.30661 -0.35990 0.60501
-0.30550 -0.35000 0.60501
-0.35000 -0.35000 0.60000
-0.35000 -0.35000 0.60000
-0.35000 -0.35000 0.60000
-0.35000 -0.35000 0.60000
-0.35000 -0.35000 0.60000
-0.35000 -0.35000 0.60000
-0.35000 -0.35000 0.60000
-0.35000 -0.35000 0.60000
-0.35000 -0.35000 0.60000
-0.35000 -0.35000 0.60000
-0.35000 -0.35000 0.60000
-0.35000 -0.35000 0.60000
-0.35000 -0.35000 0.60000
-0.35000 -0.35000 0.60000
-0.35000 -0.35000 0.60000
-0.35000 -0.35000 0.60000
-0.35000 -0.35000 0.60000
-0.35000 -0.35000 0.60000
-0.35000 -0.35000 0.60000
-0.35000 -0.35000 0.60000
-0.35000 -0.35000 0.60000
-0.35000 -0.35000 0.60000
-0.35000 -0.35000 0.60000
-0.35000 -0.35000 0.60000
-0.35000 -0.35000 0.60000
-0.35000 -0.35000 0.60000
-0.35000 -0.35000 0.60000
-0.35000 -0.35000 0.60000
-0.35000 -0.35000 0.60000
0.00000 -0.55000 1.00000
0.00000 -0.55000 1.00000
0.00000 -0.55000 1.00000
0.00000 -0.55000 1.00000
0.00000 -0.55000 1.00000
0.00000 -0.55000 1.00000
0.00000 -0.55000 1.00000
0.00000 -0.55000 1.00000
0.00000 -0.55000 1.00000
0.00000 -0.55000 1.00000
0.00000 -0.55000 1.00000
0.00000 -0.55000 1.00000
0.00000 -0.55000 1.00000
0.00000 -0.55000 1.00000
0.00000 -0.55000 1.00000
0.00000 -0.55000 1.00000
0.00000 -0.55000 1.00000
0.00000 -0.55000 1.00000
0.00000 -0.55000 1.00000
0.00000 -0.55000 1.00000
0.00000 -0.55000 1.00000
0.00000 -0.55000 1.00000
0.00000 -0.55000 1.00000
0.00000 -0.55000 1.00000
0.00000 -0.55000 1.00000
0.00000 -0.55000 1.00000
0.00000 -0.55000 1.00000
0.00000 -0.55000 1.00000
0.00000 -0.55000 1.00000
0.04450 -0.55000 0.99499
0.04339 -0.54010 0.99499
0.04010 -0.53069 0.99499
0.03479 -0.52225 0.99499
0.02775 -0.51521 0.99499
0.01931 -0.50990 0.99499
0.00990 -0.50661 0.99499
0.00000 -0.50550 0.99499
-0.00990 -0.50661 0.99499
-0.01931 -0.50990 0.99499
-0.02775 -0.51521 0.99499
-0.03479 -0.52225 0.99499
-0.04010 -0.53069 0.99499
-0.04339 -0.54010 0.99499
-0.04450 -0.55000 0.99499
-0.04339 -0.55990 0.99499
-0.04010 -0.56931 0.99499
-0.03479 -0.57775 0.99499
-0.02775 -0.58479 0.99499
-0.01931 -0.59010 0.99499
-0.00990 -0.59339 0.99499
-0.00000 -0.59450 0.99499
0.00990 -0.59339 0.99499
0.01931 -0.59010 0.99499
0.02775 -0.58479 0.99499
0.03479 -0.57775 0.99499
0.04010 -0.56931 0.99499
0.04339 -0.55990 0.99499
0.04450 -0.55000 0.99499
0.08678 -0.55000 0.98019
0.08460 -0.53069 0.98019
0.07818 -0.51235 0.98019
0.06784 -0.49590 0.98019
0.05410 -0.48216 0.98019
0.03765 -0.47182 0.98019
0.01931 -0.46540 0.98019
0.00000 -0.46322 0.98019
-0.01931 -0.46540 0.98019
-0.03765 -0.47182 0.98019
-0.05410 -0.48216 0.98019
-0.06784 -0.49590 0.98019
-0.07818 -0.51235 0.98019
-0.08460 -0.53069 0.98019
-0.08678 -0.55000 0.98019
-0.08460 -0.56931 0.98019
-0.07818 -0.58765 0.98019
-0.06784 -0.60410 0.98019
-0.05410 -0.61784 0.98019
-0.03765 -0.62818 0.98019
-0.01931 -0.63460 0.98019
-0.00000 -0.63678 0.98019
0.01931 -0.63460 0.98019
0.03765 -0.62818 0.98019
0.05410 -0.61784 0.98019
0.06784 -0.60410 0.98019
0.07818 -0.58765 0.98019
0.08460 -0.56931 0.98019
0.08678 -0.55000 0.98019
0.12470 -0.55000 0.95637
0.12157 -0.52225 0.95637
0.11235 -0.49590 0.95637
0.09749 -0.47225 0.95637
0.07775 -0.45251 0.95637
0.05410 -0.43765 0.95637
0.02775 -0.42843 0.95637
0.00000 -0.42530 0.95637
-0.02775 -0.42843 0.95637
-0.05410 -0.43765 0.95637
-0.07775 -0.45251 0.95637
-0.09749 -0.47225 0.95637
-0.11235 -0.49590 0.95637
-0.12157 -0.52225 0.95637
-0.12470 -0.55000 0.95637
-0.12157 -0.57775 0.95637
-0.11235 -0.60410 0.95637
-0.09749 -0.62775 0.95637
-0.07775 -0.64749 0.95637
-0.05410 -0.66235 0.95637
-0.02775 -0.67157 0.95637
-0.00000 -0.67470 0.95637
0.02775 -0.67157 0.95637
0.05410 -0.66235 0.95637
0.07775 -0.64749 0.95637
0.09749 -0.62775 0.95637
0.11235 -0.60410 0.95637
0.12157 -0.57775 0.95637
0.12470 -0.55000 0.95637
0.15637 -0.55000 0.92470
0.15245 -0.51521 0.92470
0.14088 -0.48216 0.92470
0.12225 -0.45251 0.92470
0.09749 -0.42775 0.92470
0.06784 -0.40912 0.92470
0.03479 -0.39755 0.92470
0.00000 -0.39363 0.92470
-0.03479 -0.39755 0.92470
-0.06784 -0.40912 0.92470
-0.09749 -0.42775 0.92470
-0.12225 -0.45251 0.92470
-0.14088 -0.48216 0.92470
-0.15245 -0.51521 0.92470
-0.15637 -0.55000 0.92470
-0.15245 -0.58479 0.92470
-0.14088 -0.61784 0.92470
-0.12225 -0.64749 0.92470
-0.09749 -0.67225 0.92470
-0.06784 -0.69088 0.92470
-0.03479 -0.70245 0.92470
-0.00000 -0.70637 0.92470
0.03479 -0.70245 0.92470
0.06784 -0.69088 0.92470
0.09749 -0.67225 0.92470
0.12225 -0.64749 0.92470
0.14088 -0.61784 0.92470
0.15245 -0.58479 0.92470
0.15637 -0.55000 0.92470
0.18019 -0.55000 0.88678
0.17568 -0.50990 0.88678
0.16235 -0.47182 0.88678
0.14088 -0.43765 0.88678
0.11235 -0.40912 0.88678
0.07818 -0.38765 0.88678
0.04010 -0.37432 0.88678
0.00000 -0.36981 0.88678
-0.04010 -0.37432 0.88678
-0.07818 -0.38765 0.88678
-0.11235 -0.40912 0.88678
-0.14088 -0.43765 0.88678
-0.16235 -0.47182 0.88678
-0.17568 -0.50990 0.88678
-0.18019 -0.55000 0.88678
-0.17568 -0.59010 0.88678
-0.16235 -0.62818 0.88678
-0.14088 -0.66235 0.88678
-0.11235 -0.69088 0.88678
-0.07818 -0.71235 0.88678
-0.04010 -0.72568 0.88678
-0.00000 -0.73019 0.88678
0.04010 -0.72568 0.88678
0.07818 -0.71235 0.88678
0.11235 -0.69088 0.88678
0.14088 -0.66235 0.88678
0.16235 -0.62818 0.88678
0.17568 -0.59010 0.88678
0.18019 -0.55000 0.88678
0.19499 -0.55000 0.84450
0.19010 -0.50661 0.84450
0.17568 -0.46540 0.84450
0.15245 -0.42843 0.84450
0.12157 -0.39755 0.84450
0.08460 -0.37432 0.84450
0.04339 -0.35990 0.84450
0.00000 -0.35501 0.84450
-0.04339 -0.35990 0.84450
-0.08460 -0.37432 0.84450
-0.12157 -0.39755 0.84450
-0.15245 -0.42843 0.84450
-0.17568 -0.46540 0.84450
-0.19010 -0.50661 0.84450
-0.19499 -0.55000 0.84450
-0.19010 -0.59339 0.84450
-0.17568 -0.63460 0.84450
-0.15245 -0.67157 0.84450
-0.12157 -0.70245 0.84450
-0.08460 -0.72568 0.84450
-0.04339 -0.74010 0.84450
-0.00000 -0.74499 0.84450
0.04339 -0.74010 0.84450
0.08460 -0.72568 0.84450
0.12157 -0.70245 0.84450
0.15245 -0.67157 0.84450
0.17568 -0.63460 0.84450
0.19010 -0.59339 0.84450
0.19499 -0.55000 0.84450
0.20000 -0.55000 0.80000
0.19499 -0.50550 0.80000
0.18019 -0.46322 0.80000
0.15637 -0.42530 0.80000
0.12470 -0.39363 0.80000
0.08678 -0.36981 0.80000
0.04450 -0.35501 0.80000
0.00000 -0.35000 0.80000
-0.04450 -0.35501 0.80000
-0.08678 -0.36981 0.80000
-0.12470 -0.39363 0.80000
-0.15637 -0.42530 0.80000
-0.18019 -0.46322 0.80000
-0.19499 -0.50550 0.80000
-0.20000 -0.55000 0.80000
-0.19499 -0.59450 0.80000
-0.18019 -0.63678 0.80000
-0.15637 -0.67470 0.80000
-0.12470 -0.70637 0.80000
-0.08678 -0.73019 0.80000
-0.04450 -0.74499 0.80000
-0.00000 -0.75000 0.80000
0.04450 -0.74499 0.80000
0.08678 -0.73019 0.80000
0.12470 -0.70637 0.80000
0.15637 -0.67470 0.80000
0.18019 -0.63678 0.80000
0.19499 -0.59450 0.80000
0.20000 -0.55000 0.80000
0.19499 -0.55000 0.75550
0.19010 -0.50661 0.75550
0.17568 -0.46540 0.75550
0.15245 -0.42843 0.75550
0.12157 -0.39755 0.75550
0.08460 -0.37432 0.75550
0.04339 -0.35990 0.75550
0.00000 -0.35501 0.75550
-0.04339 -0.35990 0.75550
-0.08460 -0.37432 0.75550
-0.12157 -0.39755 0.75550
-0.15245 -0.42843 0.75550
-0.17568 -0.46540 0.75550
-0.19010 -0.50661 0.75550
-0.19499 -0.55000 0.75550
-0.19010 -0.59339 0.75550
-0.17568 -0.63460 0.75550
-0.15245 -0.67157 0.75550
-0.12157 -0.70245 0.75550
-0.08460 -0.72568 0.75550
-0.04339 -0.74010 0.75550
-0.00000 -0.74499 0.75550
0.04339 -0.74010 0.75550
0.08460 -0.72568 0.75550
0.12157 -0.70245 0.75550
0.15245 -0.67157 0.75550
0.17568 -0.63460 0.75550
0.19010 -0.59339 0.75550
0.19499 -0.55000 0.75550
0.18019 -0.55000 0.71322
0.17568 -0.50990 0.71322
0.16235 -0.47182 0.71322
0.14088 -0.43765 0.71322
0.11235 -0.40912 0.71322
0.07818 -0.38765 0.71322
0.04010 -0.37432 0.71322
0.00000 -0.36981 0.71322
-0.04010 -0.37432 0.71322
-0.07818 -0.38765 0.71322
-0.11235 -0.40912 0.71322
-0.14088 -0.43765 0.71322
-0.16235 -0.47182 0.71322
-0.17568 -0.50990 0.71322
-0.18019 -0.55000 0.71322
-0.17568 -0.59010 0.71322
-0.16235 -0.62818 0.71322
-0.14088 -0.66235 0.71322
-0.11235 -0.69088 0.71322
-0.07818 -0.71235 0.71322
-0.04010 -0.72568 0.71322
-0.00000 -0.73019 0.71322
0.04010 -0.72568 0.71322
0.07818 -0.71235 0.71322
0.11235 -0.69088 0.71322
0.14088 -0.66235 0.71322
0.16235 -0.62818 0.71322
0.17568 -0.59010 0.71322
0.18019 -0.55000 0.71322
0.15637 -0.55000 0.67530
0.15245 -0.51521 0.67530
0.14088 -0.48216 0.67530
0.12225 -0.45251 0.67530
0.09749 -0.42775 0.67530
0.06784 -0.40912 0.67530
0.03479 -0.39755 0.67530
0.00000 -0.39363 0.67530
-0.03479 -0.39755 0.67530
-0.06784 -0.40912 0.67530
-0.09749 -0.42775 0.67530
-0.12225 -0.45251 0.67530
-0.14088 -0.48216 0.67530
-0.15245 -0.51521 0.67530
-0.15637 -0.55000 0.67530
-0.15245 -0.58479 0.67530
-0.14088 -0.61784 0.67530
-0.12225 -0.64749 0.67530
-0.09749 -0.67225 0.67530
-0.06784 -0.69088 0.67530
-0.03479 -0.70245 0.67530
-0.00000 -0.70637 0.67530
0.03479 -0.70245 0.67530
0.06784 -0.69088 0.67530
0.09749 -0.67225 0.67530
0.12225 -0.64749 0.67530
0.14088 -0.61784 0.67530
0.15245 -0.58479 0.67530
0.15637 -0.55000 0.67530
0.12470 -0.55000 0.64363
0.12157 -0.52225 0.64363
0.11235 -0.49590 0.64363
0.09749 -0.47225 0.64363
0.07775 -0.45251 0.64363
0.05410 -0.43765 0.64363
0.02775 -0.42843 0.64363
0.00000 -0.42530 0.64363
-0.02775 -0.42843 0.64363
-0.05410 -0.43765 0.64363
-0.07775 -0.45251 0.64363
-0.09749 -0.47225 0.64363
-0.11235 -0.49590 0.64363
-0.12157 -0.52225 0.64363
-0.12470 -0.55000 0.64363
-0.12157 -0.57775 0.64363
-0.11235 -0.60410 0.64363
-0.09749 -0.62775 0.64363
-0.07775 -0.64749 0.64363
-0.05410 -0.66235 0.64363
-0.02775 -0.67157 0.64363
-0.00000 -0.67470 0.64363
0.02775 -0.67157 0.64363
0.05410 -0.66235 0.64363
0.07775 -0.64749 0.64363
0.09749 -0.62775 0.64363
0.11235 -0.60410 0.64363
0.12157 -0.57775 0.64363
0.12470 -0.55000 0.64363
0.08678 -0.55000 0.61981
0.08460 -0.53069 0.61981
0.07818 -0.51235 0.61981
0.06784 -0.49590 0.61981
0.05410 -0.48216 0.61981
0.03765 -0.47182 0.61981
0.01931 -0.46540 0.61981
0.00000 -0.46322 0.61981
-0.01931 -0.46540 0.61981
-0.03765 -0.47182 0.61981
-0.05410 -0.48216 0.61981
-0.06784 -0.49590 0.61981
-0.07818 -0.51235 0.61981
-0.08460 -0.53069 0.61981
-0.08678 -0.55000 0.61981
-0.08460 -0.56931 0.61981
-0.07818 -0.58765 0.61981
-0.06784 -0.60410 0.61981
-0.05410 -0.61784 0.61981
-0.03765 -0.62818 0.61981
-0.01931 -0.63460 0.61981
-0.00000 -0.63678 0.61981
0.01931 -0.63460 0.61981
0.03765 -0.62818 0.61981
0.05410 -0.61784 0.61981
0.06784 -0.60410 0.61981
0.07818 -0.58765 0.61981
0.08460 -0.56931 0.61981
0.08678 -0.55000 0.61981
0.04450 -0.55000 0.60501
0.04339 -0.54010 0.60501
0.04010 -0.53069 0.60501
0.03479 -0.52225 0.60501
0.02775 -0.51521 0.60501
0.01931 -0.50990 0.60501
0.00990 -0.50661 0.60501
0.00000 -0.50550 0.60501
-0.00990 -0.50661 0.60501
-0.01931 -0.50990 0.60501
-0.02775 -0.51521 0.60501
-0.03479 -0.52225 0.60501
-0.04010 -0.53069 0.60501
-0.04339 -0.54010 0.60501
-0.04450 -0.55000 0.60501
-0.04339 -0.55990 0.60501
-0.04010 -0.56931 0.60501
-0.03479 -0.57775 0.60501
-0.02775 -0.58479 0.60501
-0.01931 -0.59010 0.60501
-0.00990 -0.59339 0.60501
-0.00000 -0.59450 0.60501
0.00990 -0.59339 0.60501
0.01931 -0.59010 0.60501
0.02775 -0.58479 0.60501
0.03479 -0.57775 0.60501
0.04010 -0.56931 0.60501
0.04339 -0.55990 0.60501
0.04450 -0.55000 0.60501
0.00000 -0.55000 0.60000
0.00000 -0.55000 0.60000
0.00000 -0.55000 0.60000
0.00000 -0.55000 0.60000
0.00000 -0.55000 0.60000
0.00000 -0.55000 0.60000
0.00000 -0.55000 0.60000
0.00000 -0.55000 0.60000
-0.00000 -0.55000 0.60000
-0.00000 -0.55000 0.60000
-0.00000 -0.55000 0.60000
-0.00000 -0.55000 0.60000
-0.00000 -0.55000 0.60000
-0.00000 -0.55000 0.60000
-0.00000 -0.55000 0.60000
-0.00000 -0.55000 0.60000
-0.00000 -0.55000 0.60000
-0.00000 -0.55000 0.60000
-0.00000 -0.55000 0.60000
-0.00000 -0.55000 0.60000
-0.00000 -0.55000 0.60000
-0.00000 -0.55000 0.60000
0.00000 -0.55000 0.60000
0.00000 -0.55000 0.60000
0.00000 -0.55000 0.60000
0.00000 -0.55000 0.60000
0.00000 -0.55000 0.60000
0.00000 -0.55000 0.60000
0.00000 -0.55000 0.60000
0.35000 -0.35000 1.00000
0.35000 -0.35000 1.00000
0.35000 -0.35000 1.00000
0.35000 -0.35000 1.00000
0.35000 -0.35000 1.00000
0.35000 -0.35000 1.00000
0.35000 -0.35000 1.00000
0.35000 -0.35000 1.00000
0.35000 -0.35000 1.00000
0.35000 -0.35000 1.00000
0.35000 -0.35000 1.00000
0.35000 -0.35000 1.00000
0.35000 -0.35000 1.00000
0.35000 -0.35000 1.00000
0.35000 -0.35000 1.00000
0.35000 -0.35000 1.00000
0.35000 -0.35000 1.00000
0.35000 -0.35000 1.00000
0.35000 -0.35000 1.00000
0.35000 -0.35000 1.00000
0.35000 -0.35000 1.00000
0.35000 -0.35000 1.00000
0.35000 -0.35000 1.00000
0.35000 -0.35000 1.00000
0.35000 -0.35000 1.00000
0.35000 -0.35000 1.00000
0.35000 -0.35000 1.00000
0.35000 -0.35000 1.00000
0.35000 -0.35000 1.00000
0.39450 -0.35000 0.99499
0.39339 -0.34010 0.99499
0.39010 -0.33069 0.99499
0.38479 -0.32225 0.99499
0.37775 -0.31521 0.99499
0.36931 -0.30990 0.99499
0.35990 -0.30661 0.99499
0.35000 -0.30550 0.99499
0.34010 -0.30661 0.99499
0.33069 -0.30990 0.99499
0.32225 -0.31521 0.99499
0.31521 -0.32225 0.99499
0.30990 -0.33069 0.99499
0.30661 -0.34010 0.99499
0.30550 -0.35000 0.99499
0.30661 -0.35990 0.99499
0.30990 -0.36931 0.99499
0.31521 -0.37775 0.99499
0.32225 -0.38479 0.99499
0.33069 -0.39010 0.99499
0.34010 -0.39339 0.99499
0.35000 -0.39450 0.99499
0.35990 -0.39339 0.99499
0.36931 -0.39010 0.99499
0.37775 -0.38479 0.99499
0.38479 -0.37775 0.99499
0.39010 -0.36931 0.99499
0.39339 -0.35990 0.99499
0.39450 -0.35000 0.99499
0.43678 -0.35000 0.98019
0.43460 -0.33069 0.98019
0.42818 -0.31235 0.98019
0.41784 -0.29590 0.98019
0.40410 -0.28216 0.98019
0.38765 -0.27182 0.98019
0.36931 -0.26540 0.98019
0.35000 -0.26322 0.98019
0.33069 -0.26540 0.98019
0.31235 -0.27182 0.98019
0.29590 -0.28216 0.98019
0.28216 -0.29590 0.98019
0.27182 -0.31235 0.98019
0.26540 -0.33069 0.98019
0.26322 -0.35000 0.98019
0.26540 -0.36931 0.98019
0.27182 -0.38765 0.98019
0.28216 -0.40410 0.98019
0.29590 -0.41784 0.98019
0.31235 -0.42818 0.98019
0.33069 -0.43460 0.98019
0.35000 -0.43678 0.98019
0.36931 -0.43460 0.98019
0.38765 -0.42818 0.98019
0.40410 -0.41784 0.98019
0.41784 -0.40410 0.98019
0.42818 -0.38765 0.98019
0.43460 -0.36931 0.98019
0.43678 -0.35000 0.98019
0.47470 -0.35000 0.95637
0.47157 -0.32225 0.95637
0.46235 -0.29590 0.95637
0.44749 -0.27225 0.95637
0.42775 -0.25251 0.95637
0.40410 -0.23765 0.95637
0.37775 -0.22843 0.95637
0.35000 -0.22530 0.95637
0.32225 -0.22843 0.95637
0.29590 -0.23765 0.95637
0.27225 -0.25251 0.95637
0.25251 -0.27225 0.95637
0.23765 -0.29590 0.95637
0.22843 -0.32225 0.95637
0.22530 -0.35000 0.95637
0.22843 -0.37775 0.95637
0.23765 -0.40410 0.95637
0.25251 -0.42775 0.95637
0.27225 -0.44749 0.95637
0.29590 -0.46235 0.95637
0.32225 -0.47157 0.95637
0.35000 -0.47470 0.95637
0.37775 -0.47157 0.95637
0.40410 -0.46235 0.95637
0.42775 -0.44749 0.95637
0.44749 -0.42775 0.95637
0.46235 -0.40410 0.95637
0.47157 -0.37775 0.95637
0.47470 -0.35000 0.95637
0.50637 -0.35000 0.92470
0.50245 -0.31521 0.92470
0.49088 -0.28216 0.92470
0.47225 -0.25251 0.92470
0.44749 -0.22775 0.92470
0.41784 -0.20912 0.92470
0.38479 -0.19755 0.92470
0.35000 -0.19363 0.92470
0.31521 -0.19755 0.92470
0.28216 -0.20912 0.92470
0.25251 -0.22775 0.92470
0.22775 -0.25251 0.92470
0.20912 -0.28216 0.92470
0.19755 -0.31521 0.92470
0.19363 -0.35000 0.92470
0.19755 -0.38479 0.92470
0.20912 -0.41784 0.92470
0.22775 -0.44749 0.92470
0.25251 -0.47225 0.92470
0.28216 -0.49088 0.92470
0.31521 -0.50245 0.92470
0.35000 -0.50637 0.92470
0.38479 -0.50245 0.92470
0.41784 -0.49088 0.92470
0.44749 -0.47225 0.92470
0.47225 -0.44749 0.92470
0.49088 -0.41784 0.92470
0.50245 -0.38479 0.92470
0.50637 -0.35000 0.92470
0.53019 -0.35000 0.88678
0.52568 -0.30990 0.88678
0.51235 -0.27182 0.88678
0.49088 -0.23765 0.88678
0.46235 -0.20912 0.88678
0.42818 -0.18765 0.88678
0.39010 -0.17432 0.88678
0.35000 -0.16981 0.88678
0.30990 -0.17432 0.88678
0.27182 -0.18765 0.88678
0.23765 -0.20912 0.88678
0.20912 -0.23765 0.88678
0.18765 -0.27182 0.88678
0.17432 -0.30990 0.88678
0.16981 -0.35000 0.88678
0.17432 -0.39010 0.88678
0.18765 -0.42818 0.88678
0.20912 -0.46235 0.88678
0.23765 -0.49088 0.88678
0.27182 -0.51235 0.88678
0.30990 -0.52568 0.88678
0.35000 -0.53019 0.88678
0.39010 -0.52568 0.88678
0.42818 -0.51235 0.88678
0.46235 -0.49088 0.88678
0.49088 -0.46235 0.88678
0.51235 -0.42818 0.88678
0.52568 -0.39010 0.88678
0.53019 -0.35000 0.88678
0.54499 -0.35000 0.84450
0.54010 -0.30661 0.84450
0.52568 -0.26540 0.84450
0.50245 -0.22843 0.84450
0.47157 -0.19755 0.84450
0.43460 -0.17432 0.84450
0.39339 -0.15990 0.84450
0.35000 -0.15501 0.84450
0.30661 -0.15990 0.84450
0.26540 -0.17432 0.84450
0.22843 -0.19755 0.84450
0.19755 -0.22843 0.84450
0.17432 -0.26540 0.84450
0.15990 -0.30661 0.84450
0.15501 -0.35000 0.84450
0.15990 -0.39339 0.84450
0.17432 -0.43460 0.84450
0.19755 -0.47157 0.84450
0.22843 -0.50245 0.84450
0.26540 -0.52568 0.84450
0.30661 -0.54010 0.84450
0.35000 -0.54499 0.84450
0.39339 -0.54010 0.84450
0.43460 -0.52568 0.84450
0.47157 -0.50245 0.84450
0.50245 -0.47157 0.84450
0.52568 -0.43460 0.84450
0.54010 -0.39339 0.84450
0.54499 -0.35000 0.84450
0.55000 -0.35000 0.80000
0.54499 -0.30550 0.80000
0.53019 -0.26322 0.80000
0.50637 -0.22530 0.80000
0.47470 -0.19363 0.80000
0.43678 -0.16981 0.80000
0.39450 -0.15501 0.80000
0.35000 -0.15000 0.80000
0.30550 -0.15501 0.80000
0.26322 -0.16981 0.80000
0.22530 -0.19363 0.80000
0.19363 -0.22530 0.80000
0.16981 -0.26322 0.80000
0.15501 -0.30550 0.80000
0.15000 -0.35000 0.80000
0.15501 -0.39450 0.80000
0.16981 -0.43678 0.80000
0.19363 -0.47470 0.80000
0.22530 -0.50637 0.80000
0.26322 -0.53019 0.80000
0.30550 -0.54499 0.80000
0.35000 -0.55000 0.80000
0.39450 -0.54499 0.80000
0.43678 -0.53019 0.80000
0.47470 -0.50637 0.80000
0.50637 -0.47470 0.80000
0.53019 -0.43678 0.80000
0.54499 -0.39450 0.80000
0.55000 -0.35000 0.80000
0.54499 -0.35000 0.75550
0.54010 -0.30661 0.75550
0.52568 -0.26540 0.75550
0.50245 -0.22843 0.75550
0.47157 -0.19755 0.75550
0.43460 -0.17432 0.75550
0.39339 -0.15990 0.75550
0.35000 -0.15501 0.75550
0.30661 -0.15990 0.75550
0.26540 -0.17432 0.75550
0.22843 -0.19755 0.75550
0.19755 -0.22843 0.75550
0.17432 -0.26540 0.75550
0.15990 -0.30661 0.75550
0.15501 -0.35000 0.75550
0.15990 -0.39339 0.75550
0.17432 -0.43460 0.75550
0.19755 -0.47157 0.75550
0.22843 -0.50245 0.75550
0.26540 -0.52568 0.75550
0.30661 -0.54010 0.75550
0.35000 -0.54499 0.75550
0.39339 -0.54010 0.75550
0.43460 -0.52568 0.75550
0.47157 -0.50245 0.75550
0.50245 -0.47157 0.75550
0.52568 -0.43460 0.75550
0.54010 -0.39339 0.75550
0.54499 -0.35000 0.75550
0.53019 -0.35000 0.71322
0.52568 -0.30990 0.71322
0.51235 -0.27182 0.71322
0.49088 -0.23765 0.71322
0.46235 -0.20912 0.71322
0.42818 -0.18765 0.71322
0.39010 -0.17432 0.71322
0.35000 -0.16981 0.71322
0.30990 -0.17432 0.71322
0.27182 -0.18765 0.71322
0.23765 -0.20912 0.71322
0.20912 -0.23765 0.71322
0.18765 -0.27182 0.71322
0.17432 -0.30990 0.71322
0.16981 -0.35000 0.71322
0.17432 -0.39010 0.71322
0.18765 -0.42818 0.71322
0.20912 -0.46235 0.71322
0.23765 -0.49088 0.71322
0.27182 -0.51235 0.71322
0.30990 -0.52568 0.71322
0.35000 -0.53019 0.71322
0.39010 -0.52568 0.71322
0.42818 -0.51235 0.71322
0.46235 -0.49088 0.71322
0.49088 -0.46235 0.71322
0.51235 -0.42818 0.71322
0.52568 -0.39010 0.71322
0.53019 -0.35000 0.71322
0.50637 -0.35000 0.67530
0.50245 -0.31521 0.67530
0.49088 -0.28216 0.67530
0.47225 -0.25251 0.67530
0.44749 -0.22775 0.67530
0.41784 -0.20912 0.67530
0.38479 -0.19755 0.67530
0.35000 -0.19363 0.67530
0.31521 -0.19755 0.67530
0.28216 -0.20912 0.67530
0.25251 -0.22775 0.67530
0.22775 -0.25251 0.67530
0.20912 -0.28216 0.67530
0.19755 -0.31521 0.67530
0.19363 -0.35000 0.67530
0.19755 -0.38479 0.67530
0.20912 -0.41784 0.67530
0.22775 -0.44749 0.67530
0.25251 -0.47225 0.67530
0.28216 -0.49088 0.67530
0.31521 -0.50245 0.67530
0.35000 -0.50637 0.67530
0.38479 -0.50245 0.67530
0.41784 -0.49088 0.67530
0.44749 -0.47225 0.67530
0.47225 -0.44749 0.67530
0.49088 -0.41784 0.67530
0.50245 -0.38479 0.67530
0.50637 -0.35000 0.67530
0.47470 -0.35000 0.64363
0.47157 -0.32225 0.64363
0.46235 -0.29590 0.64363
0.44749 -0.27225 0.64363
0.42775 -0.25251 0.64363
0.40410 -0.23765 0.64363
0.37775 -0.22843 0.64363
0.35000 -0.22530 0.64363
0.32225 -0.22843 0.64363
0.29590 -0.23765 0.64363
0.27225 -0.25251 0.64363
0.25251 -0.27225 0.64363
0.23765 -0.29590 0.64363
0.22843 -0.32225 0.64363
0.22530 -0.35000 0.64363
0.22843 -0.37775 0.64363
0.23765 -0.40410 0.64363
0.25251 -0.42775 0.64363
0.27225 -0.44749 0.64363
0.29590 -0.46235 0.64363
0.32225 -0.47157 0.64363
0.35000 -0.47470 0.64363
0.37775 -0.47157 0.64363
0.40410 -0.46235 0.64363
0.42775 -0.44749 0.64363
0.44749 -0.42775 0.64363
0.46235 -0.40410 0.64363
0.47157 -0.37775 0.64363
0.47470 -0.35000 0.64363
0.43678 -0.35000 0.61981
0.43460 -0.33069 0.61981
0.42818 -0.31235 0.61981
0.41784 -0.29590 0.61981
0.40410 -0.28216 0.61981
0.38765 -0.27182 0.61981
0.36931 -0.26540 0.61981
0.35000 -0.26322 0.61981
0.33069 -0.26540 0.61981
0.31235 -0.27182 0.61981
0.29590 -0.28216 0.61981
0.28216 -0.29590 0.61981
0.27182 -0.31235 0.61981
0.26540 -0.33069 0.61981
0.26322 -0.35000 0.61981
0.26540 -0.36931 0.61981
0.27182 -0.38765 0.61981
0.28216 -0.40410 0.61981
0.29590 -0.41784 0.61981
0.31235 -0.42818 0.61981
0.33069 -0.43460 0.61981
0.35000 -0.43678 0.61981
0.36931 -0.43460 0.61981
0.38765 -0.42818 0.61981
0.40410 -0.41784 0.61981
0.41784 -0.40410 0.61981
0.42818 -0.38765 0.61981
0.43460 -0.36931 0.61981
0.43678 -0.35000 0.61981
0.39450 -0.35000 0.60501
0.39339 -0.34010 0.60501
0.39010 -0.33069 0.60501
0.38479 -0.32225 0.60501
0.37775 -0.31521 0.60501
0.36931 -0.30990 0.60501
0.35990 -0.30661 0.60501
0.35000 -0.30550 0.60501
0.34010 -0.30661 0.60501
0.33069 -0.30990 0.60501
0.32225 -0.31521 0.60501
0.31521 -0.32225 0.60501
0.30990 -0.33069 0.60501
0.30661 -0.34010 0.60501
0.30550 -0.35000 0.60501
0.30661 -0.35990 0.60501
0.30990 -0.36931 0.60501
0.31521 -0.37775 0.60501
0.32225 -0.38479 0.60501
0.33069 -0.39010 0.60501
0.34010 -0.39339 0.60501
0.35000 -0.39450 0.60501
0.35990 -0.39339 0.60501
0.36931 -0.39010 0.60501
0.37775 -0.38479 0.60501
0.38479 -0.37775 0.60501
0.39010 -0.36931 0.60501
0.39339 -0.35990 0.60501
0.39450 -0.35000 0.60501
0.35000 -0.35000 0.60000
0.35000 -0.35000 0.60000
0.35000 -0.35000 0.60000
0.35000 -0.35000 0.60000
0.35000 -0.35000 0.60000
0.35000 -0.35000 0.60000
0.35000 -0.35000 0.60000
0.35000 -0.35000 0.60000
0.35000 -0.35000 0.60000
0.35000 -0.35000 0.60000
0.35000 -0.35000 0.60000
0.35000 -0.35000 0.60000
0.35000 -0.35000 0.60000
0.35000 -0.35000 0.60000
0.35000 -0.35000 0.60000
0.35000 -0.35000 0.60000
0.35000 -0.35000 0.60000
0.35000 -0.35000 0.60000
0.35000 -0.35000 0.60000
0.35000 -0.35000 0.60000
0.35000 -0.35000 0.60000
0.35000 -0.35000 0.60000
0.35000 -0.35000 0.60000
0.35000 -0.35000 0.60000
0.35000 -0.35000 0.60000
0.35000 -0.35000 0.60000
0.35000 -0.35000 0.60000
0.35000 -0.35000 0.60000
0.35000 -0.35000 0.60000
0.60000 0.60000 0.05000
0.60000 0.60000 0.95000
0.60000 0.90000 0.05000
0.60000 0.90000 0.95000
0.90000 0.60000 0.05000
0.90000 0.60000 0.95000
0.90000 0.90000 0.05000
0.90000 0.90000 0.95000
3 0 29 1
3 1 29 30
3 1 30 2
3 2 30 31
3 2 31 3
3 3 31 32
3 3 32 4
3 4 32 33
3 4 33 5
3 5 33 34
3 5 34 6
3 6 34 35
3 6 35 7
3 7 35 36
3 7 36 8
3 8 36 37
3 8 37 9
3 9 37 38
3 9 38 10
3 10 38 39
3 10 39 11
3 11 39 40
3 11 40 12
3 12 40 41
3 12 41 13
3 13 41 42
3 13 42 14
3 14 42 43
3 14 43 15
3 15 43 44
3 15 44 16
3 16 44 45
3 16 45 17
3 17 45 46
3 17 46 18
3 18 46 47
3 18 47 19
3 19 47 48
3 19 48 20
3 20 48 49
3 20 49 21
3 21 49 50
3 21 50 22
3 22 50 51
3 22 51 23
3 23 51 52
3 23 52 24
3 24 52 53
3 24 53 25
3 25 53 54
3 25 54 26
3 26 54 55
3 26 55 27
3 27 55 56
3 27 56 28
3 28 56 57
3 29 58 30
3 30 58 59
3 30 59 31
3 31 59 60
3 31 60 32
3 32 60 61
3 32 61 33
3 33 61 62
3 33 62 34
3 34 62 63
3 34 63 35
3 35 63 64
3 35 64 36
3 36 64 65
3 36 65 37
3 37 65 66
3 37 66 38
3 38 66 67
3 38 67 39
3 39 67 68
3 39 68 40
3 40 68 69
3 40 69 41
3 41 69 70
3 41 70 42
3 42 70 71
3 42 71 43
3 43 71 72
3 43 72 44
3 44 72 73
3 44 73 45
3 45 73 74
3 45 74 46
3 46 74 75
3 46 75 47
3 47 75 76
3 47 76 48
3 48 76 77
3 48 77 49
3 49 77 78
3 49 78 50
3 50 78 79
3 50 79 51
3 51 79 80
3 51 80 52
3 52 80 81
3 52 81 53
3 53 81 82
3 53 82 54
3 54 82 83
3 54 83 55
3 55 83 84
3 55 84 56
3 56 84 85
3 56 85 57
3 57 85 86
3 58 87 59
3 59 87 88
3 59 88 60
3 60 88 89
3 60 89 61
3 61 89 90
3 61 90 62
3 62 90 91
3 62 91 63
3 63 91 92
3 63 92 64
3 64 92 93
3 64 93 65
3 65 93 94
3 65 94 66
3 66 94 95
3 66 95 67
3 67 95 96
3 67 96 68
3 68 96 97
3 68 97 69
3 69 97 98
3 69 98 70
3 70 98 99
3 70 99 71
3 71 99 100
3 71 100 72
3 72 100 101
3 72 101 73
3 73 101 102
3 73 102 74
3 74 102 103
3 74 103 75
3 75 103 104
3 75 104 76
3 76 104 105
3 76 105 77
3 77 105 106
3 77 106 78
3 78 106 107
3 78 107 79
3 79 107 108
3 79 108 80
3 80 108 109
3 80 109 81
3 81 109 110
3 81 110 82
3 82 110 111
3 82 111 83
3 83 111 112
3 83 112 84
3 84 112 113
3 84 113 85
3 85 113 114
3 85 114 86
3 86 114 115
3 87 116 88
3 88 116 117
3 88 117 89
3 89 117 118
3 89 118 90
3 90 118 119
3 90 119 91
3 91 119 120
3 91 120 92
3 92 120 121
3 92 121 93
3 93 121 122
3 93 122 94
3 94 122 123
3 94 123 95
3 95 123 124
3 95 124 96
3 96 124 125
3 96 125 97
3 97 125 126
3 97 126 98
3 98 126 127
3 98 127 99
3 99 127 128
3 99 128 100
3 100 128 129
3 100 129 101
3 101 129 130
3 101 130 102
3 102 130 131
3 102 131 103
3 103 131 132
3 103 132 104
3 104 132 133
3 104 133 105
3 105 133 134
3 105 134 106
3 106 134 135
3 106 135 107
3 107 135 136
3 107 136 108
3 108 136 137
3 108 137 109
3 109 137 138
3 109 138 110
3 110 138 139
3 110 139 111
3 111 139 140
3 111 140 112
3 112 140 141
3 112 141 113
3 113 141 142
3 113 142 114
3 114 142 143
3 114 143 115
3 115 143 144
3 116 145 117
3 117 145 146
3 117 146 118
3 118 146 147
3 118 147 119
3 119 147 148
3 119 148 120
3 120 148 149
3 120 149 121
3 121 149 150
3 121 150 122
3 122 150 151
3 122 151 123
3 123 151 152
3 123 152 124
3 124 152 153
3 124 153 125
3 125 153 154
3 125 154 126
3 126 154 155
3 126 155 127
3 127 155 156
3 127 156 128
3 128 156 157
3 128 157 129
3 129 157 158
3 129 158 130
3 130 158 159
3 130 159 131
3 131 159 160
3 131 160 132
3 132 160 161
3 132 161 133
3 133 161 162
3 133 162 134
3 134 162 163
3 134 163 135
3 135 163 164
3 135 164 136
3 136 164 165
3 136 165 137
3 137 165 166
3 137 166 138
3 138 166 167
3 138 167 139
3 139 167 168
3 139 168 140
3 140 168 169
3 140 169 141
3 141 169 170
3 141 170 142
3 142 170 171
3 142 171 143
3 143 171 172
3 143 172 144
3 144 172 173
3 145 174 146
3 146 174 175
3 146 175 147
3 147 175 176
3 147 176 148
3 148 176 177
3 148 177 149
3 149 177 178
3 149 178 150
3 150 178 179
3 150 179 151
3 151 179 180
3 151 180 152
3 152 180 181
3 152 181 153
3 153 181 182
3 153 182 154
3 154 182 183
3 154 183 155
3 155 183 184
3 155 184 156
3 156 184 185
3 156 185 157
3 157 185 186
3 157 186 158
3 158 186 187
3 158 187 159
3 159 187 188
3 159 188 160
3 160 188 189
3 160 189 161
3 161 189 190
3 161 190 162
3 162 190 191
3 162 191 163
3 163 191 192
3 163 192 164
3 164 192 193
3 164 193 165
3 165 193 194
3 165 194 166
3 166 194 195
3 166 195 167
3 167 195 196
3 167 196 168
3 168 196 197
3 168 197 169
3 169 197 198
3 169 198 170
3 170 198 199
3 170 199 171
3 171 199 200
3 171 200 172
3 172 200 201
3 172 201 173
3 173 201 202
3 174 203 175
3 175 203 204
3 175 204 176
3 176 204 205
3 176 205 177
3 177 205 206
3 177 206 178
3 178 206 207
3 178 207 179
3 179 207 208
3 179 208 180
3 180 208 209
3 180 209 181
3 181 209 210
3 181 210 182
3 182 210 211
3 182 211 183
3 183 211 212
3 183 212 184
3 184 212 213
3 184 213 185
3 185 213 214
3 185 214 186
3 186 214 215
3 186 215 187
3 187 215 216
3 187 216 188
3 188 216 217
3 188 217 189
3 189 217 218
3 189 218 190
3 190 218 219
3 190 219 191
3 191 219 220
3 191 220 192
3 192 220 221
3 192 221 193
3 193 221 222
3 193 222 194
3 194 222 223
3 194 223 195
3 195 223 224
3 195 224 196
3 196 224 225
3 196 225 197
3 197 225 226
3 197 226 198
3 198 226 227
3 198 227 199
3 199 227 228
3 199 228 200
3 200 228 229
3 200 229 201
3 201 229 230
3 201 230 202
3 202 230 231
3 203 232 204
3 204 232 233
3 204 233 205
3 205 233 234
3 205 234 206
3 206 234 235
3 206 235 207
3 207 235 236
3 207 236 208
3 208 236 237
3 208 237 209
3 209 237 238
3 209 238 210
3 210 238 239
3 210 239 211
3 211 239 240
3 211 240 212
3 212 240 241
3 212 241 213
3 213 241 242
3 213 242 214
3 214 242 243
3 214 243 215
3 215 243 244
3 215 244 216
3 216 244 245
3 216 245 217
3 217 245 246
3 217 246 218
3 218 246 247
3 218 247 219
3 219 247 248
3 219 248 220
3 220 248 249
3 220 249 221
3 221 249 250
3 221 250 222
3 222 250 251
3 222 251 223
3 223 251 252
3 223 252 224
3 224 252 253
3 224 253 225
3 225 253 254
3 225 254 226
3 226 254 255
3 226 255 227
3 227 255 256
3 227 256 228
3 228 256 257
3 228 257 229
3 229 257 258
3 229 258 230
3 230 258 259
3 230 259 231
3 231 259 260
3 232 261 233
3 233 261 262
3 233 262 234
3 234 262 263
3 234 263 235
3 235 263 264
3 235 264 236
3 236 264 265
3 236 265 237
3 237 265 266
3 237 266 238
3 238 266 267
3 238 267 239
3 239 267 268
3 239 268 240
3 240 268 269
3 240 269 241
3 241 269 270
3 241 270 242
3 242 270 271
3 242 271 243
3 243 271 272
3 243 272 244
3 244 272 273
3 244 273 245
3 245 273 274
3 245 274 246
3 246 274 275
3 246 275 247
3 247 275 276
3 247 276 248
3 248 276 277
3 248 277 249
3 249 277 278
3 249 278 250
3 250 278 279
3 250 279 251
3 251 279 280
3 251 280 252
3 252 280 281
3 252 281 253
3 253 281 282
3 253 282 254
3 254 282 283
3 254 283 255
3 255 283 284
3 255 284 256
3 256 284 285
3 256 285 257
3 257 285 286
3 257 286 258
3 258 286 287
3 258 287 259
3 259 287 288
3 259 288 260
3 260 288 289
3 261 290 262
3 262 290 291
3 262 291 263
3 263 291 292
3 263 292 264
3 264 292 293
3 264 293 265
3 265 293 294
3 265 294 266
3 266 294 295
3 266 295 267
3 267 295 296
3 267 296 268
3 268 296 297
3 268 297 269
3 269 297 298
3 269 298 270
3 270 298 299
3 270 299 271
3 271 299 300
3 271 300 272
3 272 300 301
3 272 301 273
3 273 301 302
3 273 302 274
3 274 302 303
3 274 303 275
3 275 303 304
3 275 304 276
3 276 304 305
3 276 305 277
3 277 305 306
3 277 306 278
3 278 306 307
3 278 307 279
3 279 307 308
3 279 308 280
3 280 308 309
3 280 309 281
3 281 309 310
3 281 310 282
3 282 310 311
3 282 311 283
3 283 311 312
3 283 312 284
3 284 312 313
3 284 313 285
3 285 313 314
3 285 314 286
3 286 314 315
3 286 315 287
3 287 315 316
3 287 316 288
3 288 316 317
3 288 317 289
3 289 317 318
3 290 319 291
3 291 319 320
3 291 320 292
3 292 320 321
3 292 321 293
3 293 321 322
3 293 322 294
3 294 322 323
3 294 323 295
3 295 323 324
3 295 324 296
3 296 324 325
3 296 325 297
3 297 325 326
3 297 326 298
3 298 326 327
3 298 327 299
3 299 327 328
3 299 328 300
3 300 328 329
3 300 329 301
3 301 329 330
3 301 330 302
3 302 330 331
3 302 331 303
3 303 331 332
3 303 332 304
3 304 332 333
3 304 333 305
3 305 333 334
3 305 334 306
3 306 334 335
3 306 335 307
3 307 335 336
3 307 336 308
3 308 336 337
3 308 337 309
3 309 337 338
3 309 338 310
3 310 338 339
3 310 339 311
3 311 339 340
3 311 340 312
3 312 340 341
3 312 341 313
3 313 341 342
3 313 342 314
3 314 342 343
3 314 343 315
3 315 343 344
3 315 344 316
3 316 344 345
3 316 345 317
3 317 345 346
3 317 346 318
3 318 346 347
3 319 348 320
3 320 348 349
3 320 349 321
3 321 349 350
3 321 350 322
3 322 350 351
3 322 351 323
3 323 351 352
3 323 352 324
3 324 352 353
3 324 353 325
3 325 353 354
3 325 354 326
3 326 354 355
3 326 355 327
3 327 355 356
3 327 356 328
3 328 356 357
3 328 357 329
3 329 357 358
3 329 358 330
3 330 358 359
3 330 359 331
3 331 359 360
3 331 360 332
3 332 360 361
3 332 361 333
3 333 361 362
3 333 362 334
3 334 362 363
3 334 363 335
3 335 363 364
3 335 364 336
3 336 364 365
3 336 365 337
3 337 365 366
3 337 366 338
3 338 366 367
3 338 367 339
3 339 367 368
3 339 368 340
3 340 368 369
3 340 369 341
3 341 369 370
3 341 370 342
3 342 370 371
3 342 371 343
3 343 371 372
3 343 372 344
3 344 372 373
3 344 373 345
3 345 373 374
3 345 374 346
3 346 374 375
3 346 375 347
3 347 375 376
3 348 377 349
3 349 377 378
3 349 378 350
3 350 378 379
3 350 379 351
3 351 379 380
3 351 380 352
3 352 380 381
3 352 381 353
3 353 381 382
3 353 382 354
3 354 382 383
3 354 383 355
3 355 383 384
3 355 384 356
3 356 384 385
3 356 385 357
3 357 385 386
3 357 386 358
3 358 386 387
3 358 387 359
3 359 387 388
3 359 388 360
3 360 388 389
3 360 389 361
3 361 389 390
3 361 390 362
3 362 390 391
3 362 391 363
3 363 391 392
3 363 392 364
3 364 392 393
3 364 393 365
3 365 393 394
3 365 394 366
3 366 394 395
3 366 395 367
3 367 395 396
3 367 396 368
3 368 396 397
3 368 397 369
3 369 397 398
3 369 398 370
3 370 398 399
3 370 399 371
3 371 399 400
3 371 400 372
3 372 400 401
3 372 401 373
3 373 401 402
3 373 402 374
3 374 402 403
3 374 403 375
3 375 403 404
3 375 404 376
3 376 404 405
3 377 406 378
3 378 406 407
3 378 407 379
3 379 407 408
3 379 408 380
3 380 408 409
3 380 409 381
3 381 409 410
3 381 410 382
3 382 410 411
3 382 411 383
3 383 411 412
3 383 412 384
3 384 412 413
3 384 413 385
3 385 413 414
3 385 414 386
3 386 414 415
3 386 415 387
3 387 415 416
3 387 416 388
3 388 416 417
3 388 417 389
3 389 417 418
3 389 418 390
3 390 418 419
3 390 419 391
3 391 419 420
3 391 420 392
3 392 420 421
3 392 421 393
3 393 421 422
3 393 422 394
3 394 422 423
3 394 423 395
3 395 423 424
3 395 424 396
3 396 424 425
3 396 425 397
3 397 425 426
3 397 426 398
3 398 426 427
3 398 427 399
3 399 427 428
3 399 428 400
3 400 428 429
3 400 429 401
3 401 429 430
3 401 430 402
3 402 430 431
3 402 431 403
3 403 431 432
3 403 432 404
3 404 432 433
3 404 433 405
3 405 433 434
3 435 464 436
3 436 464 465
3 436 465 437
3 437 465 466
3 437 466 438
3 438 466 467
3 438 467 439
3 439 467 468
3 439 468 440
3 440 468 469
3 440 469 441
3 441 469 470
3 441 470 442
3 442 470 471
3 442 471 443
3 443 471 472
3 443 472 444
3 444 472 473
3 444 473 445
3 445 473 474
3 445 474 446
3 446 474 475
3 446 475 447
3 447 475 476
3 447 476 448
3 448 476 477
3 448 477 449
3 449 477 478
3 449 478 450
3 450 478 479
3 450 479 451
3 451 479 480
3 451 480 452
3 452 480 481
3 452 481 453
3 453 481 482
3 453 482 454
3 454 482 483
3 454 483 455
3 455 483 484
3 455 484 456
3 456 484 485
3 456 485 457
3 457 485 486
3 457 486 458
3 458 486 487
3 458 487 459
3 459 487 488
3 459 488 460
3 460 488 489
3 460 489 461
3 461 489 490
3 461 490 462
3 462 490 491
3 462 491 463
3 463 491 492
3 464 493 465
3 465 493 494
3 465 494 466
3 466 494 495
3 466 495 467
3 467 495 496
3 467 496 468
3 468 496 497
3 468 497 469
3 469 497 498
3 469 498 470
3 470 498 499
3 470 499 471
3 471 499 500
3 471 500 472
3 472 500 501
3 472 501 473
3 473 501 502
3 473 502 474
3 474 502 503
3 474 503 475
3 475 503 504
3 475 504 476
3 476 504 505
3 476 505 477
3 477 505 506
3 477 506 478
3 478 506 507
3 478 507 479
3 479 507 508
3 479 508 480
3 480 508 509
3 480 509 481
3 481 509 510
3 481 510 482
3 482 510 511
3 482 511 483
3 483 511 512
3 483 512 484
3 484 512 513
3 484 513 485
3 485 513 514
3 485 514 486
3 486 514 515
3 486 515 487
3 487 515 516
3 487 516 488
3 488 516 517
3 488 517 489
3 489 517 518
3 489 518 490
3 490 518 519
3 490 519 491
3 491 519 520
3 491 520 492
3 492 520 521
3 493 522 494
3 494 522 523
3 494 523 495
3 495 523 524
3 495 524 496
3 496 524 525
3 496 525 497
3 497 525 526
3 497 526 498
3 498 526 527
3 498 527 499
3 499 527 528
3 499 528 500
3 500 528 529
3 500 529 501
3 501 529 530
3 501 530 502
3 502 530 531
3 502 531 503
3 503 531 532
3 503 532 504
3 504 532 533
3 504 533 505
3 505 533 534
3 505 534 506
3 506 534 535
3 506 535 507
3 507 535 536
3 507 536 508
3 508 536 537
3 508 537 509
3 509 537 538
3 509 538 510
3 510 538 539
3 510 539 511
3 511 539 540
3 511 540 512
3 512 540 541
3 512 541 513
3 513 541 542
3 513 542 514
3 514 542 543
3 514 543 515
3 515 543 544
3 515 544 516
3 516 544 545
3 516 545 517
3 517 545 546
3 517 546 518
3 518 546 547
3 518 547 519
3 519 547 548
3 519 548 520
3 520 548 549
3 520 549 521
3 521 549 550
3 522 551 523
3 523 551 552
3 523 552 524
3 524 552 553
3 524 553 525
3 525 553 554
3 525 554 526
3 526 554 555
3 526 555 527
3 527 555 556
3 527 556 528
3 528 556 557
3 528 557 529
3 529 557 558
3 529 558 530
3 530 558 559
3 530 559 531
3 531 559 560
3 531 560 532
3 532 560 561
3 532 561 533
3 533 561 562
3 533 562 534
3 534 562 563
3 534 563 535
3 535 563 564
3 535 564 536
3 536 564 565
3 536 565 537
3 537 565 566
3 537 566 538
3 538 566 567
3 538 567 539
3 539 567 568
3 539 568 540
3 540 568 569
3 540 569 541
3 541 569 570
3 541 570 542
3 542 570 571
3 542 571 543
3 543 571 572
3 543 572 544
3 544 572 573
3 544 573 545
3 545 573 574
3 545 574 546
3 546 574 575
3 546 575 547
3 547 575 576
3 547 576 548
3 548 576 577
3 548 577 549
3 549 577 578
3 549 578 550
3 550 578 579
3 551 580 552
3 552 580 581
3 552 581 553
3 553 581 582
3 553 582 554
3 554 582 583
3 554 583 555
3 555 583 584
3 555 584 556
3 556 584 585
3 556 585 557
3 557 585 586
3 557 586 558
3 558 586 587
3 558 587 559
3 559 587 588
3 559 588 560
3 560 588 589
3 560 589 561
3 561 589 590
3 561 590 562
3 562 590 591
3 562 591 563
3 563 591 592
3 563 592 564
3 564 592 593
3 564 593 565
3 565 593 594
3 565 594 566
3 566 594 595
3 566 595 567
3 567 595 596
3 567 596 568
3 568 596 597
3 568 597 569
3 569 597 598
3 569 598 570
3 570 598 599
3 570 599 571
3 571 599 600
3 571 600 572
3 572 600 601
3 572 601 573
3 573 601 602
3 573 602 574
3 574 602 603
3 574 603 575
3 575 603 604
3 575 604 576
3 576 604 605
3 576 605 577
3 577 605 606
3 577 606 578
3 578 606 607
3 578 607 579
3 579 607 608
3 580 609 581
3 581 609 610
3 581 610 582
3 582 610 611
3 582 611 583
3 583 611 612
3 583 612 584
3 584 612 613
3 584 613 585
3 585 613 614
3 585 614 586
3 586 614 615
3 586 615 587
3 587 615 616
3 587 616 588
3 588 616 617
3 588 617 589
3 589 617 618
3 589 618 590
3 590 618 619
3 590 619 591
3 591 619 620
3 591 620 592
3 592 620 621
3 592 621 593
3 593 621 622
3 593 622 594
3 594 622 623
3 594 623 595
3 595 623 624
3 595 624 596
3 596 624 625
3 596 625 597
3 597 625 626
3 597 626 598
3 598 626 627
3 598 627 599
3 599 627 628
3 599 628 600
3 600 628 629
3 600 629 601
3 601 629 630
3 601 630 602
3 602 630 631
3 602 631 603
3 603 631 632
3 603 632 604
3 604 632 633
3 604 633 605
3 605 633 634
3 605 634 606
3 606 634 635
3 606 635 607
3 607 635 636
3 607 636 608
3 608 636 637
3 609 638 610
3 610 638 639
3 610 639 611
3 611 639 640
3 611 640 612
3 612 640 641
3 612 641 613
3 613 641 642
3 613 642 614
3 614 642 643
3 614 643 615
3 615 643 644
3 615 644 616
3 616 644 645
3 616 645 617
3 617 645 646
3 617 646 618
3 618 646 647
3 618 647 619
3 619 647 648
3 619 648 620
3 620 648 649
3 620 649 621
3 621 649 650
3 621 650 622
3 622 650 651
3 622 651 623
3 623 651 652
3 623 652 624
3 624 652 653
3 624 653 625
3 625 653 654
3 625 654 626
3 626 654 655
3 626 655 627
3 627 655 656
3 627 656 628
3 628 656 657
3 628 657 629
3 629 657 658
3 629 658 630
3 630 658 659
3 630 659 631
3 631 659 660
3 631 660 632
3 632 660 661
3 632 661 633
3 633 661 662
3 633 662 634
3 634 662 663
3 634 663 635
3 635 663 664
3 635 664 636
3 636 664 665
3 636 665 637
3 637 665 666
3 638 667 639
3 639 667 668
3 639 668 640
3 640 668 669
3 640 669 641
3 641 669 670
3 641 670 642
3 642 670 671
3 642 671 643
3 643 671 672
3 643 672 644
3 644 672 673
3 644 673 645
3 645 673 674
3 645 674 646
3 646 674 675
3 646 675 647
3 647 675 676
3 647 676 648
3 648 676 677
3 648 677 649
3 649 677 678
3 649 678 650
3 650 678 679
3 650 679 651
3 651 679 680
3 651 680 652
3 652 680 681
3 652 681 653
3 653 681 682
3 653 682 654
3 654 682 683
3 654 683 655
3 655 683 684
3 655 684 656
3 656 684 685
3 656 685 657
3 657 685 686
3 657 686 658
3 658 686 687
3 658 687 659
3 659 687 688
3 659 688 660
3 660 688 689
3 660 689 661
3 661 689 690
3 661 690 662
3 662 690 691
3 662 691 663
3 663 691 692
3 663 692 664
3 664 692 693
3 664 693 665
3 665 693 694
3 665 694 666
3 666 694 695
3 667 696 668
3 668 696 697
3 668 697 669
3 669 697 698
3 669 698 670
3 670 698 699
3 670 699 671
3 671 699 700
3 671 700 672
3 672 700 701
3 672 701 673
3 673 701 702
3 673 702 674
3 674 702 703
3 674 703 675
3 675 703 704
3 675 704 676
3 676 704 705
3 676 705 677
3 677 705 706
3 677 706 678
3 678 706 707
3 678 707 679
3 679 707 708
3 679 708 680
3 680 708 709
3 680 709 681
3 681 709 710
3 681 710 682
3 682 710 711
3 682 711 683
3 683 711 712
3 683 712 684
3 684 712 713
3 684 713 685
3 685 713 714
3 685 714 686
3 686 714 715
3 686 715 687
3 687 715 716
3 687 716 688
3 688 716 717
3 688 717 689
3 689 717 718
3 689 718 690
3 690 718 719
3 690 719 691
3 691 719 720
3 691 720 692
3 692 720 721
3 692 721 693
3 693 721 722
3 693 722 694
3 694 722 723
3 694 723 695
3 695 723 724
3 696 725 697
3 697 725 726
3 697 726 698
3 698 726 727
3 698 727 699
3 699 727 728
3 699 728 700
3 700 728 729
3 700 729 701
3 701 729 730
3 701 730 702
3 702 730 731
3 702 731 703
3 703 731 732
3 703 732 704
3 704 732 733
3 704 733 705
3 705 733 734
3 705 734 706
3 706 734 735
3 706 735 707
3 707 735 736
3 707 736 708
3 708 736 737
3 708 737 709
3 709 737 738
3 709 738 710
3 710 738 739
3 710 739 711
3 711 739 740
3 711 740 712
3 712 740 741
3 712 741 713
3 713 741 742
3 713 742 714
3 714 742 743
3 714 743 715
3 715 743 744
3 715 744 716
3 716 744 745
3 716 745 717
3 717 745 746
3 717 746 718
3 718 746 747
3 718 747 719
3 719 747 748
3 719 748 720
3 720 748 749
3 720 749 721
3 721 749 750
3 721 750 722
3 722 750 751
3 722 751 723
3 723 751 752
3 723 752 724
3 724 752 753
3 725 754 726
3 726 754 755
3 726 755 727
3 727 755 756
3 727 756 728
3 728 756 757
3 728 757 729
3 729 757 758
3 729 758 730
3 730 758 759
3 730 759 731
3 731 759 760
3 731 760 732
3 732 760 761
3 732 761 733
3 733 761 762
3 733 762 734
3 734 762 763
3 734 763 735
3 735 763 764
3 735 764 736
3 736 764 765
3 736 765 737
3 737 765 766
3 737 766 738
3 738 766 767
3 738 767 739
3 739 767 768
3 739 768 740
3 740 768 769
3 740 769 741
3 741 769 770
3 741 770 742
3 742 770 771
3 742 771 743
3 743 771 772
3 743 772 744
3 744 772 773
3 744 773 745
3 745 773 774
3 745 774 746
3 746 774 775
3 746 775 747
3 747 775 776
3 747 776 748
3 748 776 777
3 748 777 749
3 749 777 778
3 749 778 750
3 750 778 779
3 750 779 751
3 751 779 780
3 751 780 752
3 752 780 781
3 752 781 753
3 753 781 782
3 754 783 755
3 755 783 784
3 755 784 756
3 756 784 785
3 756 785 757
3 757 785 786
3 757 786 758
3 758 786 787
3 758 787 759
3 759 787 788
3 759 788 760
3 760 788 789
3 760 789 761
3 761 789 790
3 761 790 762
3 762 790 791
3 762 791 763
3 763 791 792
3 763 792 764
3 764 792 793
3 764 793 765
3 765 793 794
3 765 794 766
3 766 794 795
3 766 795 767
3 767 795 796
3 767 796 768
3 768 796 797
3 768 797 769
3 769 797 798
3 769 798 770
3 770 798 799
3 770 799 771
3 771 799 800
3 771 800 772
3 772 800 801
3 772 801 773
3 773 801 802
3 773 802 774
3 774 802 803
3 774 803 775
3 775 803 804
3 775 804 776
3 776 804 805
3 776 805 777
3 777 805 806
3 777 806 778
3 778 806 807
3 778 807 779
3 779 807 808
3 779 808 780
3 780 808 809
3 780 809 781
3 781 809 810
3 781 810 782
3 782 810 811
3 783 812 784
3 784 812 813
3 784 813 785
3 785 813 814
3 785 814 786
3 786 814 815
3 786 815 787
3 787 815 816
3 787 816 788
3 788 816 817
3 788 817 789
3 789 817 818
3 789 818 790
3 790 818 819
3 790 819 791
3 791 819 820
3 791 820 792
3 792 820 821
3 792 821 793
3 793 821 822
3 793 822 794
3 794 822 823
3 794 823 795
3 795 823 824
3 795 824 796
3 796 824 825
3 796 825 797
3 797 825 826
3 797 826 798
3 798 826 827
3 798 827 799
3 799 827 828
3 799 828 800
3 800 828 829
3 800 829 801
3 801 829 830
3 801 830 802
3 802 830 831
3 802 831 803
3 803 831 832
3 803 832 804
3 804 832 833
3 804 833 805
3 805 833 834
3 805 834 806
3 806 834 835
3 806 835 807
3 807 835 836
3 807 836 808
3 808 836 837
3 808 837 809
3 809 837 838
3 809 838 810
3 810 838 839
3 810 839 811
3 811 839 840
3 812 841 813
3 813 841 842
3 813 842 814
3 814 842 843
3 814 843 815
3 815 843 844
3 815 844 816
3 816 844 845
3 816 845 817
3 817 845 846
3 817 846 818
3 818 846 847
3 818 847 819
3 819 847 848
3 819 848 820
3 820 848 849
3 820 849 821
3 821 849 850
3 821 850 822
3 822 850 851
3 822 851 823
3 823 851 852
3 823 852 824
3 824 852 853
3 824 853 825
3 825 853 854
3 825 854 826
3 826 854 855
3 826 855 827
3 827 855 856
3 827 856 828
3 828 856 857
3 828 857 829
3 829 857 858
3 829 858 830
3 830 858 859
3 830 859 831
3 831 859 860
3 831 860 832
3 832 860 861
3 832 861 833
3 833 861 862
3 833 862 834
3 834 862 863
3 834 863 835
3 835 863 864
3 835 864 836
3 836 864 865
3 836 865 837
3 837 865 866
3 837 866 838
3 838 866 867
3 838 867 839
3 839 867 868
3 839 868 840
3 840 868 869
3 870 899 871
3 871 899 900
3 871 900 872
3 872 900 901
3 872 901 873
3 873 901 902
3 873 902 874
3 874 902 903
3 874 903 875
3 875 903 904
3 875 904 876
3 876 904 905
3 876 905 877
3 877 905 906
3 877 906 878
3 878 906 907
3 878 907 879
3 879 907 908
3 879 908 880
3 880 908 909
3 880 909 881
3 881 909 910
3 881 910 882
3 882 910 911
3 882 911 883
3 883 911 912
3 883 912 884
3 884 912 913
3 884 913 885
3 885 913 914
3 885 914 886
3 886 914 915
3 886 915 887
3 887 915 916
3 887 916 888
3 888 916 917
3 888 917 889
3 889 917 918
3 889 918 890
3 890 918 919
3 890 919 891
3 891 919 920
3 891 920 892
3 892 920 921
3 892 921 893
3 893 921 922
3 893 922 894
3 894 922 923
3 894 923 895
3 895 923 924
3 895 924 896
3 896 924 925
3 896 925 897
3 897 925 926
3 897 926 898
3 898 926 927
3 899 928 900
3 900 928 929
3 900 929 901
3 901 929 930
3 901 930 902
3 902 930 931
3 902 931 903
3 903 931 932
3 903 932 904
3 904 932 933
3 904 933 905
3 905 933 934
3 905 934 906
3 906 934 935
3 906 935 907
3 907 935 936
3 907 936 908
3 908 936 937
3 908 937 909
3 909 937 938
3 909 938 910
3 910 938 939
3 910 939 911
3 911 939 940
3 911 940 912
3 912 940 941
3 912 941 913
3 913 941 942
3 913 942 914
3 914 942 943
3 914 943 915
3 915 943 944
3 915 944 916
3 916 944 945
3 916 945 917
3 917 945 946
3 917 946 918
3 918 946 947
3 918 947 919
3 919 947 948
3 919 948 920
3 920 948 949
3 920 949 921
3 921 949 950
3 921 950 922
3 922 950 951
3 922 951 923
3 923 951 952
3 923 952 924
3 924 952 953
3 924 953 925
3 925 953 954
3 925 954 926
3 926 954 955
3 926 955 927
3 927 955 956
3 928 957 929
3 929 957 958
3 929 958 930
3 930 958 959
3 930 959 931
3 931 959 960
3 931 960 932
3 932 960 961
3 932 961 933
3 933 961 962
3 933 962 934
3 934 962 963
3 934 963 935
3 935 963 964
3 935 964 936
3 936 964 965
3 936 965 937
3 937 965 966
3 937 966 938
3 938 966 967
3 938 967 939
3 939 967 968
3 939 968 940
3 940 968 969
3 940 969 941
3 941 969 970
3 941 970 942
3 942 970 971
3 942 971 943
3 943 971 972
3 943 972 944
3 944 972 973
3 944 973 945
3 945 973 974
3 945 974 946
3 946 974 975
3 946 975 947
3 947 975 976
3 947 976 948
3 948 976 977
3 948 977 949
3 949 977 978
3 949 978 950
3 950 978 979
3 950 979 951
3 951 979 980
3 951 980 952
3 952 980 981
3 952 981 953
3 953 981 982
3 953 982 954
3 954 982 983
3 954 983 955
3 955 983 984
3 955 984 956
3 956 984 985
3 957 986 958
3 958 986 987
3 958 987 959
3 959 987 988
3 959 988 960
3 960 988 989
3 960 989 961
3 961 989 990
3 961 990 962
3 962 990 991
3 962 991 963
3 963 991 992
3 963 992 964
3 964 992 993
3 964 993 965
3 965 993 994
3 965 994 966
3 966 994 995
3 966 995 967
3 967 995 996
3 967 996 968
3 968 996 997
3 968 997 969
3 969 997 998
3 969 998 970
3 970 998 999
3 970 999 971
3 971 999 1000
3 971 1000 972
3 972 1000 1001
3 972 1001 973
3 973 1001 1002
3 973 1002 974
3 974 1002 1003
3 974 1003 975
3 975 1003 1004
3 975 1004 976
3 976 1004 1005
3 976 1005 977
3 977 1005 1006
3 977 1006 978
3 978 1006 1007
3 978 1007 979
3 979 1007 1008
3 979 1008 980
3 980 1008 1009
3 980 1009 981
3 981 1009 1010
3 981 1010 982
3 982 1010 1011
3 982 1011 983
3 983 1011 1012
3 983 1012 984
3 984 1012 1013
3 984 1013 985
3 985 1013 1014
3 986 1015 987
3 987 1015 1016
3 987 1016 988
3 988 1016 1017
3 988 1017 989
3 989 1017 1018
3 989 1018 990
3 990 1018 1019
3 990 1019 991
3 991 1019 1020
3 991 1020 992
3 992 1020 1021
3 992 1021 993
3 993 1021 1022
3 993 1022 994
3 994 1022 1023
3 994 1023 995
3 995 1023 1024
3 995 1024 996
3 996 1024 1025
3 996 1025 997
3 997 1025 1026
3 997 1026 998
3 998 1026 1027
3 998 1027 999
3 999 1027 1028
3 999 1028 1000
3 1000 1028 1029
3 1000 1029 1001
3 1001 1029 1030
3 1001 1030 1002
3 1002 1030 1031
3 1002 1031 1003
3 1003 1031 1032
3 1003 1032 1004
3 1004 1032 1033
3 1004 1033 1005
3 1005 1033 1034
3 1005 1034 1006
3 1006 1034 1035
3 1006 1035 1007
3 1007 1035 1036
3 1007 1036 1008
3 1008 1036 1037
3 1008 1037 1009
3 1009 1037 1038
3 1009 1038 1010
3 1010 1038 1039
3 1010 1039 1011
3 1011 1039 1040
3 1011 1040 1012
3 1012 1040 1041
3 1012 1041 1013
3 1013 1041 1042
3 1013 1042 1014
3 1014 1042 1043
3 1015 1044 1016
3 1016 1044 1045
3 1016 1045 1017
3 1017 1045 1046
3 1017 1046 1018
3 1018 1046 1047
3 1018 1047 1019
3 1019 1047 1048
3 1019 1048 1020
3 1020 1048 1049
3 1020 1049 1021
3 1021 1049 1050
3 1021 1050 1022
3 1022 1050 1051
3 1022 1051 1023
3 1023 1051 1052
3 1023 1052 1024
3 1024 1052 1053
3 1024 1053 1025
3 1025 1053 1054
3 1025 1054 1026
3 1026 1054 1055
3 1026 1055 1027
3 1027 1055 1056
3 1027 1056 1028
3 1028 1056 1057
3 1028 1057 1029
3 1029 1057 1058
3 1029 1058 1030
3 1030 1058 1059
3 1030 1059 1031
3 1031 1059 1060
3 1031 1060 1032
3 1032 1060 1061
3 1032 1061 1033
3 1033 1061 1062
3 1033 1062 1034
3 1034 1062 1063
3 1034 1063 1035
3 1035 1063 1064
3 1035 1064 1036
3 1036 1064 1065
3 1036 1065 1037
3 1037 1065 1066
3 1037 1066 1038
3 1038 1066 1067
3 1038 1067 1039
3 1039 1067 1068
3 1039 1068 1040
3 1040 1068 1069
3 1040 1069 1041
3 1041 1069 1070
3 1041 1070 1042
3 1042 1070 1071
3 1042 1071 1043
3 1043 1071 1072
3 1044 1073 1045
3 1045 1073 1074
3 1045 1074 1046
3 1046 1074 1075
3 1046 1075 1047
3 1047 1075 1076
3 1047 1076 1048
3 1048 1076 1077
3 1048 1077 1049
3 1049 1077 1078
3 1049 1078 1050
3 1050 1078 1079
3 1050 1079 1051
3 1051 1079 1080
3 1051 1080 1052
3 1052 1080 1081
3 1052 1081 1053
3 1053 1081 1082
3 1053 1082 1054
3 1054 1082 1083
3 1054 1083 1055
3 1055 1083 1084
3 1055 1084 1056
3 1056 1084 1085
3 1056 1085 1057
3 1057 1085 1086
3 1057 1086 1058
3 1058 1086 1087
3 1058 1087 1059
3 1059 1087 1088
3 1059 1088 1060
3 1060 1088 1089
3 1060 1089 1061
3 1061 1089 1090
3 1061 1090 1062
3 1062 1090 1091
3 1062 1091 1063
3 1063 1091 1092
3 1063 1092 1064
3 1064 1092 1093
3 1064 1093 1065
3 1065 1093 1094
3 1065 1094 1066
3 1066 1094 1095
3 1066 1095 1067
3 1067 1095 1096
3 1067 1096 1068
3 1068 1096 1097
3 1068 1097 1069
3 1069 1097 1098
3 1069 1098 1070
3 1070 1098 1099
3 1070 1099 1071
3 1071 1099 1100
3 1071 1100 1072
3 1072 1100 1101
3 1073 1102 1074
3 1074 1102 1103
3 1074 1103 1075
3 1075 1103 1104
3 1075 1104 1076
3 1076 1104 1105
3 1076 1105 1077
3 1077 1105 1106
3 1077 1106 1078
3 1078 1106 1107
3 1078 1107 1079
3 1079 1107 1108
3 1079 1108 1080
3 1080 1108 1109
3 1080 1109 1081
3 1081 1109 1110
3 1081 1110 1082
3 1082 1110 1111
3 1082 1111 1083
3 1083 1111 1112
3 1083 1112 1084
3 1084 1112 1113
3 1084 1113 1085
3 1085 1113 1114
3 1085 1114 1086
3 1086 1114 1115
3 1086 1115 1087
3 1087 1115 1116
3 1087 1116 1088
3 1088 1116 1117
3 1088 1117 1089
3 1089 1117 1118
3 1089 1118 1090
3 1090 1118 1119
3 1090 1119 1091
3 1091 1119 1120
3 1091 1120 1092
3 1092 1120 1121
3 1092 1121 1093
3 1093 1121 1122
3 1093 1122 1094
3 1094 1122 1123
3 1094 1123 1095
3 1095 1123 1124
3 1095 1124 1096
3 1096 1124 1125
3 1096 1125 1097
3 1097 1125 1126
3 1097 1126 1098
3 1098 1126 1127
3 1098 1127 1099
3 1099 1127 1128
3 1099 1128 1100
3 1100 1128 1129
3 1100 1129 1101
3 1101 1129 1130
3 1102 1131 1103
3 1103 1131 1132
3 1103 1132 1104
3 1104 1132 1133
3 1104 1133 1105
3 1105 1133 1134
3 1105 1134 1106
3 1106 1134 1135
3 1106 1135 1107
3 1107 1135 1136
3 1107 1136 1108
3 1108 1136 1137
3 1108 1137 1109
3 1109 1137 1138
3 1109 1138 1110
3 1110 1138 1139
3 1110 1139 1111
3 1111 1139 1140
3 1111 1140 1112
3 1112 1140 1141
3 1112 1141 1113
3 1113 1141 1142
3 1113 1142 1114
3 1114 1142 1143
3 1114 1143 1115
3 1115 1143 1144
3 1115 1144 1116
3 1116 1144 1145
3 1116 1145 1117
3 1117 1145 1146
3 1117 1146 1118
3 1118 1146 1147
3 1118 1147 1119
3 1119 1147 1148
3 1119 1148 1120
3 1120 1148 1149
3 1120 1149 1121
3 1121 1149 1150
3 1121 1150 1122
3 1122 1150 1151
3 1122 1151 1123
3 1123 1151 1152
3 1123 1152 1124
3 1124 1152 1153
3 1124 1153 1125
3 1125 1153 1154
3 1125 1154 1126
3 1126 1154 1155
3 1126 1155 1127
3 1127 1155 1156
3 1127 1156 1128
3 1128 1156 1157
3 1128 1157 1129
3 1129 1157 1158
3 1129 1158 1130
3 1130 1158 1159
3 1131 1160 1132
3 1132 1160 1161
3 1132 1161 1133
3 1133 1161 1162
3 1133 1162 1134
3 1134 1162 1163
3 1134 1163 1135
3 1135 1163 1164
3 1135 1164 1136
3 1136 1164 1165
3 1136 1165 1137
3 1137 1165 1166
3 1137 1166 1138
3 1138 1166 1167
3 1138 1167 1139
3 1139 1167 1168
3 1139 1168 1140
3 1140 1168 1169
3 1140 1169 1141
3 1141 1169 1170
3 1141 1170 1142
3 1142 1170 1171
3 1142 1171 1143
3 1143 1171 1172
3 1143 1172 1144
3 1144 1172 1173
3 1144 1173 1145
3 1145 1173 1174
3 1145 1174 1146
3 1146 1174 1175
3 1146 1175 1147
3 1147 1175 1176
3 1147 1176 1148
3 1148 1176 1177
3 1148 1177 1149
3 1149 1177 1178
3 1149 1178 1150
3 1150 1178 1179
3 1150 1179 1151
3 1151 1179 1180
3 1151 1180 1152
3 1152 1180 1181
3 1152 1181 1153
3 1153 1181 1182
3 1153 1182 1154
3 1154 1182 1183
3 1154 1183 1155
3 1155 1183 1184
3 1155 1184 1156
3 1156 1184 1185
3 1156 1185 1157
3 1157 1185 1186
3 1157 1186 1158
3 1158 1186 1187
3 1158 1187 1159
3 1159 1187 1188
3 1160 1189 1161
3 1161 1189 1190
3 1161 1190 1162
3 1162 1190 1191
3 1162 1191 1163
3 1163 1191 1192
3 1163 1192 1164
3 1164 1192 1193
3 1164 1193 1165
3 1165 1193 1194
3 1165 1194 1166
3 1166 1194 1195
3 1166 1195 1167
3 1167 1195 1196
3 1167 1196 1168
3 1168 1196 1197
3 1168 1197 1169
3 1169 1197 1198
3 1169 1198 1170
3 1170 1198 1199
3 1170 1199 1171
3 1171 1199 1200
3 1171 1200 1172
3 1172 1200 1201
3 1172 1201 1173
3 1173 1201 1202
3 1173 1202 1174
3 1174 1202 1203
3 1174 1203 1175
3 1175 1203 1204
3 1175 1204 1176
3 1176 1204 1205
3 1176 1205 1177
3 1177 1205 1206
3 1177 1206 1178
3 1178 1206 1207
3 1178 1207 1179
3 1179 1207 1208
3 1179 1208 1180
3 1180 1208 1209
3 1180 1209 1181
3 1181 1209 1210
3 1181 1210 1182
3 1182 1210 1211
3 1182 1211 1183
3 1183 1211 1212
3 1183 1212 1184
3 1184 1212 1213
3 1184 1213 1185
3 1185 1213 1214
3 1185 1214 1186
3 1186 1214 1215
3 1186 1215 1187
3 1187 1215 1216
3 1187 1216 1188
3 1188 1216 1217
3 1189 1218 1190
3 1190 1218 1219
3 1190 1219 1191
3 1191 1219 1220
3 1191 1220 1192
3 1192 1220 1221
3 1192 1221 1193
3 1193 1221 1222
3 1193 1222 1194
3 1194 1222 1223
3 1194 1223 1195
3 1195 1223 1224
3 1195 1224 1196
3 1196 1224 1225
3 1196 1225 1197
3 1197 1225 1226
3 1197 1226 1198
3 1198 1226 1227
3 1198 1227 1199
3 1199 1227 1228
3 1199 1228 1200
3 1200 1228 1229
3 1200 1229 1201
3 1201 1229 1230
3 1201 1230 1202
3 1202 1230 1231
3 1202 1231 1203
3 1203 1231 1232
3 1203 1232 1204
3 1204 1232 1233
3 1204 1233 1205
3 1205 1233 1234
3 1205 1234 1206
3 1206 1234 1235
3 1206 1235 1207
3 1207 1235 1236
3 1207 1236 1208
3 1208 1236 1237
3 1208 1237 1209
3 1209 1237 1238
3 1209 1238 1210
3 1210 1238 1239
3 1210 1239 1211
3 1211 1239 1240
3 1211 1240 1212
3 1212 1240 1241
3 1212 1241 1213
3 1213 1241 1242
3 1213 1242 1214
3 1214 1242 1243
3 1214 1243 1215
3 1215 1243 1244
3 1215 1244 1216
3 1216 1244 1245
3 1216 1245 1217
3 1217 1245 1246
3 1218 1247 1219
3 1219 1247 1248
3 1219 1248 1220
3 1220 1248 1249
3 1220 1249 1221
3 1221 1249 1250
3 1221 1250 1222
3 1222 1250 1251
3 1222 1251 1223
3 1223 1251 1252
3 1223 1252 1224
3 1224 1252 1253
3 1224 1253 1225
3 1225 1253 1254
3 1225 1254 1226
3 1226 1254 1255
3 1226 1255 1227
3 1227 1255 1256
3 1227 1256 1228
3 1228 1256 1257
3 1228 1257 1229
3 1229 1257 1258
3 1229 1258 1230
3 1230 1258 1259
3 1230 1259 1231
3 1231 1259 1260
3 1231 1260 1232
3 1232 1260 1261
3 1232 1261 1233
3 1233 1261 1262
3 1233 1262 1234
3 1234 1262 1263
3 1234 1263 1235
3 1235 1263 1264
3 1235 1264 1236
3 1236 1264 1265
3 1236 1265 1237
3 1237 1265 1266
3 1237 1266 1238
3 1238 1266 1267
3 1238 1267 1239
3 1239 1267 1268
3 1239 1268 1240
3 1240 1268 1269
3 1240 1269 1241
3 1241 1269 1270
3 1241 1270 1242
3 1242 1270 1271
3 1242 1271 1243
3 1243 1271 1272
3 1243 1272 1244
3 1244 1272 1273
3 1244 1273 1245
3 1245 1273 1274
3 1245 1274 1246
3 1246 1274 1275
3 1247 1276 1248
3 1248 1276 1277
3 1248 1277 1249
3 1249 1277 1278
3 1249 1278 1250
3 1250 1278 1279
3 1250 1279 1251
3 1251 1279 1280
3 1251 1280 1252
3 1252 1280 1281
3 1252 1281 1253
3 1253 1281 1282
3 1253 1282 1254
3 1254 1282 1283
3 1254 1283 1255
3 1255 1283 1284
3 1255 1284 1256
3 1256 1284 1285
3 1256 1285 1257
3 1257 1285 1286
3 1257 1286 1258
3 1258 1286 1287
3 1258 1287 1259
3 1259 1287 1288
3 1259 1288 1260
3 1260 1288 1289
3 1260 1289 1261
3 1261 1289 1290
3 1261 1290 1262
3 1262 1290 1291
3 1262 1291 1263
3 1263 1291 1292
3 1263 1292 1264
3 1264 1292 1293
3 1264 1293 1265
3 1265 1293 1294
3 1265 1294 1266
3 1266 1294 1295
3 1266 1295 1267
3 1267 1295 1296
3 1267 1296 1268
3 1268 1296 1297
3 1268 1297 1269
3 1269 1297 1298
3 1269 1298 1270
3 1270 1298 1299
3 1270 1299 1271
3 1271 1299 1300
3 1271 1300 1272
3 1272 1300 1301
3 1272 1301 1273
3 1273 1301 1302
3 1273 1302 1274
3 1274 1302 1303
3 1274 1303 1275
3 1275 1303 1304
3 1305 1334 1306
3 1306 1334 1335
3 1306 1335 1307
3 1307 1335 1336
3 1307 1336 1308
3 1308 1336 1337
3 1308 1337 1309
3 1309 1337 1338
3 1309 1338 1310
3 1310 1338 1339
3 1310 1339 1311
3 1311 1339 1340
3 1311 1340 1312
3 1312 1340 1341
3 1312 1341 1313
3 1313 1341 1342
3 1313 1342 1314
3 1314 1342 1343
3 1314 1343 1315
3 1315 1343 1344
3 1315 1344 1316
3 1316 1344 1345
3 1316 1345 1317
3 1317 1345 1346
3 1317 1346 1318
3 1318 1346 1347
3 1318 1347 1319
3 1319 1347 1348
3 1319 1348 1320
3 1320 1348 1349
3 1320 1349 1321
3 1321 1349 1350
3 1321 1350 1322
3 1322 1350 1351
3 1322 1351 1323
3 1323 1351 1352
3 1323 1352 1324
3 1324 1352 1353
3 1324 1353 1325
3 1325 1353 1354
3 1325 1354 1326
3 1326 1354 1355
3 1326 1355 1327
3 1327 1355 1356
3 1327 1356 1328
3 1328 1356 1357
3 1328 1357 1329
3 1329 1357 1358
3 1329 1358 1330
3 1330 1358 1359
3 1330 1359 1331
3 1331 1359 1360
3 1331 1360 1332
3 1332 1360 1361
3 1332 1361 1333
3 1333 1361 1362
3 1334 1363 1335
3 1335 1363 1364
3 1335 1364 1336
3 1336 1364 1365
3 1336 1365 1337
3 1337 1365 1366
3 1337 1366 1338
3 1338 1366 1367
3 1338 1367 1339
3 1339 1367 1368
3 1339 1368 1340
3 1340 1368 1369
3 1340 1369 1341
3 1341 1369 1370
3 1341 1370 1342
3 1342 1370 1371
3 1342 1371 1343
3 1343 1371 1372
3 1343 1372 1344
3 1344 1372 1373
3 1344 1373 1345
3 1345 1373 1374
3 1345 1374 1346
3 1346 1374 1375
3 1346 1375 1347
3 1347 1375 1376
3 1347 1376 1348
3 1348 1376 1377
3 1348 1377 1349
3 1349 1377 1378
3 1349 1378 1350
3 1350 1378 1379
3 1350 1379 1351
3 1351 1379 1380
3 1351 1380 1352
3 1352 1380 1381
3 1352 1381 1353
3 1353 1381 1382
3 1353 1382 1354
3 1354 1382 1383
3 1354 1383 1355
3 1355 1383 1384
3 1355 1384 1356
3 1356 1384 1385
3 1356 1385 1357
3 1357 1385 1386
3 1357 1386 1358
3 1358 1386 1387
3 1358 1387 1359
3 1359 1387 1388
3 1359 1388 1360
3 1360 1388 1389
3 1360 1389 1361
3 1361 1389 1390
3 1361 1390 1362
3 1362 1390 1391
3 1363 1392 1364
3 1364 1392 1393
3 1364 1393 1365
3 1365 1393 1394
3 1365 1394 1366
3 1366 1394 1395
3 1366 1395 1367
3 1367 1395 1396
3 1367 1396 1368
3 1368 1396 1397
3 1368 1397 1369
3 1369 1397 1398
3 1369 1398 1370
3 1370 1398 1399
3 1370 1399 1371
3 1371 1399 1400
3 1371 1400 1372
3 1372 1400 1401
3 1372 1401 1373
3 1373 1401 1402
3 1373 1402 1374
3 1374 1402 1403
3 1374 1403 1375
3 1375 1403 1404
3 1375 1404 1376
3 1376 1404 1405
3 1376 1405 1377
3 1377 1405 1406
3 1377 1406 1378
3 1378 1406 1407
3 1378 1407 1379
3 1379 1407 1408
3 1379 1408 1380
3 1380 1408 1409
3 1380 1409 1381
3 1381 1409 1410
3 1381 1410 1382
3 1382 1410 1411
3 1382 1411 1383
3 1383 1411 1412
3 1383 1412 1384
3 1384 1412 1413
3 1384 1413 1385
3 1385 1413 1414
3 1385 1414 1386
3 1386 1414 1415
3 1386 1415 1387
3 1387 1415 1416
3 1387 1416 1388
3 1388 1416 1417
3 1388 1417 1389
3 1389 1417 1418
3 1389 1418 1390
3 1390 1418 1419
3 1390 1419 1391
3 1391 1419 1420
3 1392 1421 1393
3 1393 1421 1422
3 1393 1422 1394
3 1394 1422 1423
3 1394 1423 1395
3 1395 1423 1424
3 1395 1424 1396
3 1396 1424 1425
3 1396 1425 1397
3 1397 1425 1426
3 1397 1426 1398
3 1398 1426 1427
3 1398 1427 1399
3 1399 1427 1428
3 1399 1428 1400
3 1400 1428 1429
3 1400 1429 1401
3 1401 1429 1430
3 1401 1430 1402
3 1402 1430 1431
3 1402 1431 1403
3 1403 1431 1432
3 1403 1432 1404
3 1404 1432 1433
3 1404 1433 1405
3 1405 1433 1434
3 1405 1434 1406
3 1406 1434 1435
3 1406 1435 1407
3 1407 1435 1436
3 1407 1436 1408
3 1408 1436 1437
3 1408 1437 1409
3 1409 1437 1438
3 1409 1438 1410
3 1410 1438 1439
3 1410 1439 1411
3 1411 1439 1440
3 1411 1440 1412
3 1412 1440 1441
3 1412 1441 1413
3 1413 1441 1442
3 1413 1442 1414
3 1414 1442 1443
3 1414 1443 1415
3 1415 1443 1444
3 1415 1444 1416
3 1416 1444 1445
3 1416 1445 1417
3 1417 1445 1446
3 1417 1446 1418
3 1418 1446 1447
3 1418 1447 1419
3 1419 1447 1448
3 1419 1448 1420
3 1420 1448 1449
3 1421 1450 1422
3 1422 1450 1451
3 1422 1451 1423
3 1423 1451 1452
3 1423 1452 1424
3 1424 1452 1453
3 1424 1453 1425
3 1425 1453 1454
3 1425 1454 1426
3 1426 1454 1455
3 1426 1455 1427
3 1427 1455 1456
3 1427 1456 1428
3 1428 1456 1457
3 1428 1457 1429
3 1429 1457 1458
3 1429 1458 1430
3 1430 1458 1459
3 1430 1459 1431
3 1431 1459 1460
3 1431 1460 1432
3 1432 1460 1461
3 1432 1461 1433
3 1433 1461 1462
3 1433 1462 1434
3 1434 1462 1463
3 1434 1463 1435
3 1435 1463 1464
3 1435 1464 1436
3 1436 1464 1465
3 1436 1465 1437
3 1437 1465 1466
3 1437 1466 1438
3 1438 1466 1467
3 1438 1467 1439
3 1439 1467 1468
3 1439 1468 1440
3 1440 1468 1469
3 1440 1469 1441
3 1441 1469 1470
3 1441 1470 1442
3 1442 1470 1471
3 1442 1471 1443
3 1443 1471 1472
3 1443 1472 1444
3 1444 1472 1473
3 1444 1473 1445
3 1445 1473 1474
3 1445 1474 1446
3 1446 1474 1475
3 1446 1475 1447
3 1447 1475 1476
3 1447 1476 1448
3 1448 1476 1477
3 1448 1477 1449
3 1449 1477 1478
3 1450 1479 1451
3 1451 1479 1480
3 1451 1480 1452
3 1452 1480 1481
3 1452 1481 1453
3 1453 1481 1482
3 1453 1482 1454
3 1454 1482 1483
3 1454 1483 1455
3 1455 1483 1484
3 1455 1484 1456
3 1456 1484 1485
3 1456 1485 1457
3 1457 1485 1486
3 1457 1486 1458
3 1458 1486 1487
3 1458 1487 1459
3 1459 1487 1488
3 1459 1488 1460
3 1460 1488 1489
3 1460 1489 1461
3 1461 1489 1490
3 1461 1490 1462
3 1462 1490 1491
3 1462 1491 1463
3 1463 1491 1492
3 1463 1492 1464
3 1464 1492 1493
3 1464 1493 1465
3 1465 1493 1494
3 1465 1494 1466
3 1466 1494 1495
3 1466 1495 1467
3 1467 1495 1496
3 1467 1496 1468
3 1468 1496 1497
3 1468 1497 1469
3 1469 1497 1498
3 1469 1498 1470
3 1470 1498 1499
3 1470 1499 1471
3 1471 1499 1500
3 1471 1500 1472
3 1472 1500 1501
3 1472 1501 1473
3 1473 1501 1502
3 1473 1502 1474
3 1474 1502 1503
3 1474 1503 1475
3 1475 1503 1504
3 1475 1504 1476
3 1476 1504 1505
3 1476 1505 1477
3 1477 1505 1506
3 1477 1506 1478
3 1478 1506 1507
3 1479 1508 1480
3 1480 1508 1509
3 1480 1509 1481
3 1481 1509 1510
3 1481 1510 1482
3 1482 1510 1511
3 1482 1511 1483
3 1483 1511 1512
3 1483 1512 1484
3 1484 1512 1513
3 1484 1513 1485
3 1485 1513 1514
3 1485 1514 1486
3 1486 1514 1515
3 1486 1515 1487
3 1487 1515 1516
3 1487 1516 1488
3 1488 1516 1517
3 1488 1517 1489
3 1489 1517 1518
3 1489 1518 1490
3 1490 1518 1519
3 1490 1519 1491
3 1491 1519 1520
3 1491 1520 1492
3 1492 1520 1521
3 1492 1521 1493
3 1493 1521 1522
3 1493 1522 1494
3 1494 1522 1523
3 1494 1523 1495
3 1495 1523 1524
3 1495 1524 1496
3 1496 1524 1525
3 1496 1525 1497
3 1497 1525 1526
3 1497 1526 1498
3 1498 1526 1527
3 1498 1527 1499
3 1499 1527 1528
3 1499 1528 1500
3 1500 1528 1529
3 1500 1529 1501
3 1501 1529 1530
3 1501 1530 1502
3 1502 1530 1531
3 1502 1531 1503
3 1503 1531 1532
3 1503 1532 1504
3 1504 1532 1533
3 1504 1533 1505
3 1505 1533 1534
3 1505 1534 1506
3 1506 1534 1535
3 1506 1535 1507
3 1507 1535 1536
3 1508 1537 1509
3 1509 1537 1538
3 1509 1538 1510
3 1510 1538 1539
3 1510 1539 1511
3 1511 1539 1540
3 1511 1540 1512
3 1512 1540 1541
3 1512 1541 1513
3 1513 1541 1542
3 1513 1542 1514
3 1514 1542 1543
3 1514 1543 1515
3 1515 1543 1544
3 1515 1544 1516
3 1516 1544 1545
3 1516 1545 1517
3 1517 1545 1546
3 1517 1546 1518
3 1518 1546 1547
3 1518 1547 1519
3 1519 1547 1548
3 1519 1548 1520
3 1520 1548 1549
3 1520 1549 1521
3 1521 1549 1550
3 1521 1550 1522
3 1522 1550 1551
3 1522 1551 1523
3 1523 1551 1552
3 1523 1552 1524
3 1524 1552 1553
3 1524 1553 1525
3 1525 1553 1554
3 1525 1554 1526
3 1526 1554 1555
3 1526 1555 1527
3 1527 1555 1556
3 1527 1556 1528
3 1528 1556 1557
3 1528 1557 1529
3 1529 1557 1558
3 1529 1558 1530
3 1530 1558 1559
3 1530 1559 1531
3 1531 1559 1560
3 1531 1560 1532
3 1532 1560 1561
3 1532 1561 1533
3 1533 1561 1562
3 1533 1562 1534
3 1534 1562 1563
3 1534 1563 1535
3 1535 1563 1564
3 1535 1564 1536
3 1536 1564 1565
3 1537 1566 1538
3 1538 1566 1567
3 1538 1567 1539
3 1539 1567 1568
3 1539 1568 1540
3 1540 1568 1569
3 1540 1569 1541
3 1541 1569 1570
3 1541 1570 1542
3 1542 1570 1571
3 1542 1571 1543
3 1543 1571 1572
3 1543 1572 1544
3 1544 1572 1573
3 1544 1573 1545
3 1545 1573 1574
3 1545 1574 1546
3 1546 1574 1575
3 1546 1575 1547
3 1547 1575 1576
3 1547 1576 1548
3 1548 1576 1577
3 1548 1577 1549
3 1549 1577 1578
3 1549 1578 1550
3 1550 1578 1579
3 1550 1579 1551
3 1551 1579 1580
3 1551 1580 1552
3 1552 1580 1581
3 1552 1581 1553
3 1553 1581 1582
3 1553 1582 1554
3 1554 1582 1583
3 1554 1583 1555
3 1555 1583 1584
3 1555 1584 1556
3 1556 1584 1585
3 1556 1585 1557
3 1557 1585 1586
3 1557 1586 1558
3 1558 1586 1587
3 1558 1587 1559
3 1559 1587 1588
3 1559 1588 1560
3 1560 1588 1589
3 1560 1589 1561
3 1561 1589 1590
3 1561 1590 1562
3 1562 1590 1591
3 1562 1591 1563
3 1563 1591 1592
3 1563 1592 1564
3 1564 1592 1593
3 1564 1593 1565
3 1565 1593 1594
3 1566 1595 1567
3 1567 1595 1596
3 1567 1596 1568
3 1568 1596 1597
3 1568 1597 1569
3 1569 1597 1598
3 1569 1598 1570
3 1570 1598 1599
3 1570 1599 1571
3 1571 1599 1600
3 1571 1600 1572
3 1572 1600 1601
3 1572 1601 1573
3 1573 1601 1602
3 1573 1602 1574
3 1574 1602 1603
3 1574 1603 1575
3 1575 1603 1604
3 1575 1604 1576
3 1576 1604 1605
3 1576 1605 1577
3 1577 1605 1606
3 1577 1606 1578
3 1578 1606 1607
3 1578 1607 1579
3 1579 1607 1608
3 1579 1608 1580
3 1580 1608 1609
3 1580 1609 1581
3 1581 1609 1610
3 1581 1610 1582
3 1582 1610 1611
3 1582 1611 1583
3 1583 1611 1612
3 1583 1612 1584
3 1584 1612 1613
3 1584 1613 1585
3 1585 1613 1614
3 1585 1614 1586
3 1586 1614 1615
3 1586 1615 1587
3 1587 1615 1616
3 1587 1616 1588
3 1588 1616 1617
3 1588 1617 1589
3 1589 1617 1618
3 1589 1618 1590
3 1590 1618 1619
3 1590 1619 1591
3 1591 1619 1620
3 1591 1620 1592
3 1592 1620 1621
3 1592 1621 1593
3 1593 1621 1622
3 1593 1622 1594
3 1594 1622 1623
3 1595 1624 1596
3 1596 1624 1625
3 1596 1625 1597
3 1597 1625 1626
3 1597 1626 1598
3 1598 1626 1627
3 1598 1627 1599
3 1599 1627 1628
3 1599 1628 1600
3 1600 1628 1629
3 1600 1629 1601
3 1601 1629 1630
3 1601 1630 1602
3 1602 1630 1631
3 1602 1631 1603
3 1603 1631 1632
3 1603 1632 1604
3 1604 1632 1633
3 1604 1633 1605
3 1605 1633 1634
3 1605 1634 1606
3 1606 1634 1635
3 1606 1635 1607
3 1607 1635 1636
3 1607 1636 1608
3 1608 1636 1637
3 1608 1637 1609
3 1609 1637 1638
3 1609 1638 1610
3 1610 1638 1639
3 1610 1639 1611
3 1611 1639 1640
3 1611 1640 1612
3 1612 1640 1641
3 1612 1641 1613
3 1613 1641 1642
3 1613 1642 1614
3 1614 1642 1643
3 1614 1643 1615
3 1615 1643 1644
3 1615 1644 1616
3 1616 1644 1645
3 1616 1645 1617
3 1617 1645 1646
3 1617 1646 1618
3 1618 1646 1647
3 1618 1647 1619
3 1619 1647 1648
3 1619 1648 1620
3 1620 1648 1649
3 1620 1649 1621
3 1621 1649 1650
3 1621 1650 1622
3 1622 1650 1651
3 1622 1651 1623
3 1623 1651 1652
3 1624 1653 1625
3 1625 1653 1654
3 1625 1654 1626
3 1626 1654 1655
3 1626 1655 1627
3 1627 1655 1656
3 1627 1656 1628
3 1628 1656 1657
3 1628 1657 1629
3 1629 1657 1658
3 1629 1658 1630
3 1630 1658 1659
3 1630 1659 1631
3 1631 1659 1660
3 1631 1660 1632
3 1632 1660 1661
3 1632 1661 1633
3 1633 1661 1662
3 1633 1662 1634
3 1634 1662 1663
3 1634 1663 1635
3 1635 1663 1664
3 1635 1664 1636
3 1636 1664 1665
3 1636 1665 1637
3 1637 1665 1666
3 1637 1666 1638
3 1638 1666 1667
3 1638 1667 1639
3 1639 1667 1668
3 1639 1668 1640
3 1640 1668 1669
3 1640 1669 1641
3 1641 1669 1670
3 1641 1670 1642
3 1642 1670 1671
3 1642 1671 1643
3 1643 1671 1672
3 1643 1672 1644
3 1644 1672 1673
3 1644 1673 1645
3 1645 1673 1674
3 1645 1674 1646
3 1646 1674 1675
3 1646 1675 1647
3 1647 1675 1676
3 1647 1676 1648
3 1648 1676 1677
3 1648 1677 1649
3 1649 1677 1678
3 1649 1678 1650
3 1650 1678 1679
3 1650 1679 1651
3 1651 1679 1680
3 1651 1680 1652
3 1652 1680 1681
3 1653 1682 1654
3 1654 1682 1683
3 1654 1683 1655
3 1655 1683 1684
3 1655 1684 1656
3 1656 1684 1685
3 1656 1685 1657
3 1657 1685 1686
3 1657 1686 1658
3 1658 1686 1687
3 1658 1687 1659
3 1659 1687 1688
3 1659 1688 1660
3 1660 1688 1689
3 1660 1689 1661
3 1661 1689 1690
3 1661 1690 1662
3 1662 1690 1691
3 1662 1691 1663
3 1663 1691 1692
3 1663 1692 1664
3 1664 1692 1693
3 1664 1693 1665
3 1665 1693 1694
3 1665 1694 1666
3 1666 1694 1695
3 1666 1695 1667
3 1667 1695 1696
3 1667 1696 1668
3 1668 1696 1697
3 1668 1697 1669
3 1669 1697 1698
3 1669 1698 1670
3 1670 1698 1699
3 1670 1699 1671
3 1671 1699 1700
3 1671 1700 1672
3 1672 1700 1701
3 1672 1701 1673
3 1673 1701 1702
3 1673 1702 1674
3 1674 1702 1703
3 1674 1703 1675
3 1675 1703 1704
3 1675 1704 1676
3 1676 1704 1705
3 1676 1705 1677
3 1677 1705 1706
3 1677 1706 1678
3 1678 1706 1707
3 1678 1707 1679
3 1679 1707 1708
3 1679 1708 1680
3 1680 1708 1709
3 1680 1709 1681
3 1681 1709 1710
3 1682 1711 1683
3 1683 1711 1712
3 1683 1712 1684
3 1684 1712 1713
3 1684 1713 1685
3 1685 1713 1714
3 1685 1714 1686
3 1686 1714 1715
3 1686 1715 1687
3 1687 1715 1716
3 1687 1716 1688
3 1688 1716 1717
3 1688 1717 1689
3 1689 1717 1718
3 1689 1718 1690
3 1690 1718 1719
3 1690 1719 1691
3 1691 1719 1720
3 1691 1720 1692
3 1692 1720 1721
3 1692 1721 1693
3 1693 1721 1722
3 1693 1722 1694
3 1694 1722 1723
3 1694 1723 1695
3 1695 1723 1724
3 1695 1724 1696
3 1696 1724 1725
3 1696 1725 1697
3 1697 1725 1726
3 1697 1726 1698
3 1698 1726 1727
3 1698 1727 1699
3 1699 1727 1728
3 1699 1728 1700
3 1700 1728 1729
3 1700 1729 1701
3 1701 1729 1730
3 1701 1730 1702
3 1702 1730 1731
3 1702 1731 1703
3 1703 1731 1732
3 1703 1732 1704
3 1704 1732 1733
3 1704 1733 1705
3 1705 1733 1734
3 1705 1734 1706
3 1706 1734 1735
3 1706 1735 1707
3 1707 1735 1736
3 1707 1736 1708
3 1708 1736 1737
3 1708 1737 1709
3 1709 1737 1738
3 1709 1738 1710
3 1710 1738 1739
3 1740 1769 1741
3 1741 1769 1770
3 1741 1770 1742
3 1742 1770 1771
3 1742 1771 1743
3 1743 1771 1772
3 1743 1772 1744
3 1744 1772 1773
3 1744 1773 1745
3 1745 1773 1774
3 1745 1774 1746
3 1746 1774 1775
3 1746 1775 1747
3 1747 1775 1776
3 1747 1776 1748
3 1748 1776 1777
3 1748 1777 1749
3 1749 1777 1778
3 1749 1778 1750
3 1750 1778 1779
3 1750 1779 1751
3 1751 1779 1780
3 1751 1780 1752
3 1752 1780 1781
3 1752 1781 1753
3 1753 1781 1782
3 1753 1782 1754
3 1754 1782 1783
3 1754 1783 1755
3 1755 1783 1784
3 1755 1784 1756
3 1756 1784 1785
3 1756 1785 1757
3 1757 1785 1786
3 1757 1786 1758
3 1758 1786 1787
3 1758 1787 1759
3 1759 1787 1788
3 1759 1788 1760
3 1760 1788 1789
3 1760 1789 1761
3 1761 1789 1790
3 1761 1790 1762
3 1762 1790 1791
3 1762 1791 1763
3 1763 1791 1792
3 1763 1792 1764
3 1764 1792 1793
3 1764 1793 1765
3 1765 1793 1794
3 1765 1794 1766
3 1766 1794 1795
3 1766 1795 1767
3 1767 1795 1796
3 1767 1796 1768
3 1768 1796 1797
3 1769 1798 1770
3 1770 1798 1799
3 1770 1799 1771
3 1771 1799 1800
3 1771 1800 1772
3 1772 1800 1801
3 1772 1801 1773
3 1773 1801 1802
3 1773 1802 1774
3 1774 1802 1803
3 1774 1803 1775
3 1775 1803 1804
3 1775 1804 1776
3 1776 1804 1805
3 1776 1805 1777
3 1777 1805 1806
3 1777 1806 1778
3 1778 1806 1807
3 1778 1807 1779
3 1779 1807 1808
3 1779 1808 1780
3 1780 1808 1809
3 1780 1809 1781
3 1781 1809 1810
3 1781 1810 1782
3 1782 1810 1811
3 1782 1811 1783
3 1783 1811 1812
3 1783 1812 1784
3 1784 1812 1813
3 1784 1813 1785
3 1785 1813 1814
3 1785 1814 1786
3 1786 1814 1815
3 1786 1815 1787
3 1787 1815 1816
3 1787 1816 1788
3 1788 1816 1817
3 1788 1817 1789
3 1789 1817 1818
3 1789 1818 1790
3 1790 1818 1819
3 1790 1819 1791
3 1791 1819 1820
3 1791 1820 1792
3 1792 1820 1821
3 1792 1821 1793
3 1793 1821 1822
3 1793 1822 1794
3 1794 1822 1823
3 1794 1823 1795
3 1795 1823 1824
3 1795 1824 1796
3 1796 1824 1825
3 1796 1825 1797
3 1797 1825 1826
3 1798 1827 1799
3 1799 1827 1828
3 1799 1828 1800
3 1800 1828 1829
3 1800 1829 1801
3 1801 1829 1830
3 1801 1830 1802
3 1802 1830 1831
3 1802 1831 1803
3 1803 1831 1832
3 1803 1832 1804
3 1804 1832 1833
3 1804 1833 1805
3 1805 1833 1834
3 1805 1834 1806
3 1806 1834 1835
3 1806 1835 1807
3 1807 1835 1836
3 1807 1836 1808
3 1808 1836 1837
3 1808 1837 1809
3 1809 1837 1838
3 1809 1838 1810
3 1810 1838 1839
3 1810 1839 1811
3 1811 1839 1840
3 1811 1840 1812
3 1812 1840 1841
3 1812 1841 1813
3 1813 1841 1842
3 1813 1842 1814
3 1814 1842 1843
3 1814 1843 1815
3 1815 1843 1844
3 1815 1844 1816
3 1816 1844 1845
3 1816 1845 1817
3 1817 1845 1846
3 1817 1846 1818
3 1818 1846 1847
3 1818 1847 1819
3 1819 1847 1848
3 1819 1848 1820
3 1820 1848 1849
3 1820 1849 1821
3 1821 1849 1850
3 1821 1850 1822
3 1822 1850 1851
3 1822 1851 1823
3 1823 1851 1852
3 1823 1852 1824
3 1824 1852 1853
3 1824 1853 1825
3 1825 1853 1854
3 1825 1854 1826
3 1826 1854 1855
3 1827 1856 1828
3 1828 1856 1857
3 1828 1857 1829
3 1829 1857 1858
3 1829 1858 1830
3 1830 1858 1859
3 1830 1859 1831
3 1831 1859 1860
3 1831 1860 1832
3 1832 1860 1861
3 1832 1861 1833
3 1833 1861 1862
3 1833 1862 1834
3 1834 1862 1863
3 1834 1863 1835
3 1835 1863 1864
3 1835 1864 1836
3 1836 1864 1865
3 1836 1865 1837
3 1837 1865 1866
3 1837 1866 1838
3 1838 1866 1867
3 1838 1867 1839
3 1839 1867 1868
3 1839 1868 1840
3 1840 1868 1869
3 1840 1869 1841
3 1841 1869 1870
3 1841 1870 1842
3 1842 1870 1871
3 1842 1871 1843
3 1843 1871 1872
3 1843 1872 1844
3 1844 1872 1873
3 1844 1873 1845
3 1845 1873 1874
3 1845 1874 1846
3 1846 1874 1875
3 1846 1875 1847
3 1847 1875 1876
3 1847 1876 1848
3 1848 1876 1877
3 1848 1877 1849
3 1849 1877 1878
3 1849 1878 1850
3 1850 1878 1879
3 1850 1879 1851
3 1851 1879 1880
3 1851 1880 1852
3 1852 1880 1881
3 1852 1881 1853
3 1853 1881 1882
3 1853 1882 1854
3 1854 1882 1883
3 1854 1883 1855
3 1855 1883 1884
3 1856 1885 1857
3 1857 1885 1886
3 1857 1886 1858
3 1858 1886 1887
3 1858 1887 1859
3 1859 1887 1888
3 1859 1888 1860
3 1860 1888 1889
3 1860 1889 1861
3 1861 1889 1890
3 1861 1890 1862
3 1862 1890 1891
3 1862 1891 1863
3 1863 1891 1892
3 1863 1892 1864
3 1864 1892 1893
3 1864 1893 1865
3 1865 1893 1894
3 1865 1894 1866
3 1866 1894 1895
3 1866 1895 1867
3 1867 1895 1896
3 1867 1896 1868
3 1868 1896 1897
3 1868 1897 1869
3 1869 1897 1898
3 1869 1898 1870
3 1870 1898 1899
3 1870 1899 1871
3 1871 1899 1900
3 1871 1900 1872
3 1872 1900 1901
3 1872 1901 1873
3 1873 1901 1902
3 1873 1902 1874
3 1874 1902 1903
3 1874 1903 1875
3 1875 1903 1904
3 1875 1904 1876
3 1876 1904 1905
3 1876 1905 1877
3 1877 1905 1906
3 1877 1906 1878
3 1878 1906 1907
3 1878 1907 1879
3 1879 1907 1908
3 1879 1908 1880
3 1880 1908 1909
3 1880 1909 1881
3 1881 1909 1910
3 1881 1910 1882
3 1882 1910 1911
3 1882 1911 1883
3 1883 1911 1912
3 1883 1912 1884
3 1884 1912 1913
3 1885 1914 1886
3 1886 1914 1915
3 1886 1915 1887
3 1887 1915 1916
3 1887 1916 1888
3 1888 1916 1917
3 1888 1917 1889
3 1889 1917 1918
3 1889 1918 1890
3 1890 1918 1919
3 1890 1919 1891
3 1891 1919 1920
3 1891 1920 1892
3 1892 1920 1921
3 1892 1921 1893
3 1893 1921 1922
3 1893 1922 1894
3 1894 1922 1923
3 1894 1923 1895
3 1895 1923 1924
3 1895 1924 1896
3 1896 1924 1925
3 1896 1925 1897
3 1897 1925 1926
3 1897 1926 1898
3 1898 1926 1927
3 1898 1927 1899
3 1899 1927 1928
3 1899 1928 1900
3 1900 1928 1929
3 1900 1929 1901
3 1901 1929 1930
3 1901 1930 1902
3 1902 1930 1931
3 1902 1931 1903
3 1903 1931 1932
3 1903 1932 1904
3 1904 1932 1933
3 1904 1933 1905
3 1905 1933 1934
3 1905 1934 1906
3 1906 1934 1935
3 1906 1935 1907
3 1907 1935 1936
3 1907 1936 1908
3 1908 1936 1937
3 1908 1937 1909
3 1909 1937 1938
3 1909 1938 1910
3 1910 1938 1939
3 1910 1939 1911
3 1911 1939 1940
3 1911 1940 1912
3 1912 1940 1941
3 1912 1941 1913
3 1913 1941 1942
3 1914 1943 1915
3 1915 1943 1944
3 1915 1944 1916
3 1916 1944 1945
3 1916 1945 1917
3 1917 1945 1946
3 1917 1946 1918
3 1918 1946 1947
3 1918 1947 1919
3 1919 1947 1948
3 1919 1948 1920
3 1920 1948 1949
3 1920 1949 1921
3 1921 1949 1950
3 1921 1950 1922
3 1922 1950 1951
3 1922 1951 1923
3 1923 1951 1952
3 1923 1952 1924
3 1924 1952 1953
3 1924 1953 1925
3 1925 1953 1954
3 1925 1954 1926
3 1926 1954 1955
3 1926 1955 1927
3 1927 1955 1956
3 1927 1956 1928
3 1928 1956 1957
3 1928 1957 1929
3 1929 1957 1958
3 1929 1958 1930
3 1930 1958 1959
3 1930 1959 1931
3 1931 1959 1960
3 1931 1960 1932
3 1932 1960 1961
3 1932 1961 1933
3 1933 1961 1962
3 1933 1962 1934
3 1934 1962 1963
3 1934 1963 1935
3 1935 1963 1964
3 1935 1964 1936
3 1936 1964 1965
3 1936 1965 1937
3 1937 1965 1966
3 1937 1966 1938
3 1938 1966 1967
3 1938 1967 1939
3 1939 1967 1968
3 1939 1968 1940
3 1940 1968 1969
3 1940 1969 1941
3 1941 1969 1970
3 1941 1970 1942
3 1942 1970 1971
3 1943 1972 1944
3 1944 1972 1973
3 1944 1973 1945
3 1945 1973 1974
3 1945 1974 1946
3 1946 1974 1975
3 1946 1975 1947
3 1947 1975 1976
3 1947 1976 1948
3 1948 1976 1977
3 1948 1977 1949
3 1949 1977 1978
3 1949 1978 1950
3 1950 1978 1979
3 1950 1979 1951
3 1951 1979 1980
3 1951 1980 1952
3 1952 1980 1981
3 1952 1981 1953
3 1953 1981 1982
3 1953 1982 1954
3 1954 1982 1983
3 1954 1983 1955
3 1955 1983 1984
3 1955 1984 1956
3 1956 1984 1985
3 1956 1985 1957
3 1957 1985 1986
3 1957 1986 1958
3 1958 1986 1987
3 1958 1987 1959
3 1959 1987 1988
3 1959 1988 1960
3 1960 1988 1989
3 1960 1989 1961
3 1961 1989 1990
3 1961 1990 1962
3 1962 1990 1991
3 1962 1991 1963
3 1963 1991 1992
3 1963 1992 1964
3 1964 1992 1993
3 1964 1993 1965
3 1965 1993 1994
3 1965 1994 1966
3 1966 1994 1995
3 1966 1995 1967
3 1967 1995 1996
3 1967 1996 1968
3 1968 1996 1997
3 1968 1997 1969
3 1969 1997 1998
3 1969 1998 1970
3 1970 1998 1999
3 1970 1999 1971
3 1971 1999 2000
3 1972 2001 1973
3 1973 2001 2002
3 1973 2002 1974
3 1974 2002 2003
3 1974 2003 1975
3 1975 2003 2004
3 1975 2004 1976
3 1976 2004 2005
3 1976 2005 1977
3 1977 2005 2006
3 1977 2006 1978
3 1978 2006 2007
3 1978 2007 1979
3 1979 2007 2008
3 1979 2008 1980
3 1980 2008 2009
3 1980 2009 1981
3 1981 2009 2010
3 1981 2010 1982
3 1982 2010 2011
3 1982 2011 1983
3 1983 2011 2012
3 1983 2012 1984
3 1984 2012 2013
3 1984 2013 1985
3 1985 2013 2014
3 1985 2014 1986
3 1986 2014 2015
3 1986 2015 1987
3 1987 2015 2016
3 1987 2016 1988
3 1988 2016 2017
3 1988 2017 1989
3 1989 2017 2018
3 1989 2018 1990
3 1990 2018 2019
3 1990 2019 1991
3 1991 2019 2020
3 1991 2020 1992
3 1992 2020 2021
3 1992 2021 1993
3 1993 2021 2022
3 1993 2022 1994
3 1994 2022 2023
3 1994 2023 1995
3 1995 2023 2024
3 1995 2024 1996
3 1996 2024 2025
3 1996 2025 1997
3 1997 2025 2026
3 1997 2026 1998
3 1998 2026 2027
3 1998 2027 1999
3 1999 2027 2028
3 1999 2028 2000
3 2000 2028 2029
3 2001 2030 2002
3 2002 2030 2031
3 2002 2031 2003
3 2003 2031 2032
3 2003 2032 2004
3 2004 2032 2033
3 2004 2033 2005
3 2005 2033 2034
3 2005 2034 2006
3 2006 2034 2035
3 2006 2035 2007
3 2007 2035 2036
3 2007 2036 2008
3 2008 2036 2037
3 2008 2037 2009
3 2009 2037 2038
3 2009 2038 2010
3 2010 2038 2039
3 2010 2039 2011
3 2011 2039 2040
3 2011 2040 2012
3 2012 2040 2041
3 2012 2041 2013
3 2013 2041 2042
3 2013 2042 2014
3 2014 2042 2043
3 2014 2043 2015
3 2015 2043 2044
3 2015 2044 2016
3 2016 2044 2045
3 2016 2045 2017
3 2017 2045 2046
3 2017 2046 2018
3 2018 2046 2047
3 2018 2047 2019
3 2019 2047 2048
3 2019 2048 2020
3 2020 2048 2049
3 2020 2049 2021
3 2021 2049 2050
3 2021 2050 2022
3 2022 2050 2051
3 2022 2051 2023
3 2023 2051 2052
3 2023 2052 2024
3 2024 2052 2053
3 2024 2053 2025
3 2025 2053 2054
3 2025 2054 2026
3 2026 2054 2055
3 2026 2055 2027
3 2027 2055 2056
3 2027 2056 2028
3 2028 2056 2057
3 2028 2057 2029
3 2029 2057 2058
3 2030 2059 2031
3 2031 2059 2060
3 2031 2060 2032
3 2032 2060 2061
3 2032 2061 2033
3 2033 2061 2062
3 2033 2062 2034
3 2034 2062 2063
3 2034 2063 2035
3 2035 2063 2064
3 2035 2064 2036
3 2036 2064 2065
3 2036 2065 2037
3 2037 2065 2066
3 2037 2066 2038
3 2038 2066 2067
3 2038 2067 2039
3 2039 2067 2068
3 2039 2068 2040
3 2040 2068 2069
3 2040 2069 2041
3 2041 2069 2070
3 2041 2070 2042
3 2042 2070 2071
3 2042 2071 2043
3 2043 2071 2072
3 2043 2072 2044
3 2044 2072 2073
3 2044 2073 2045
3 2045 2073 2074
3 2045 2074 2046
3 2046 2074 2075
3 2046 2075 2047
3 2047 2075 2076
3 2047 2076 2048
3 2048 2076 2077
3 2048 2077 2049
3 2049 2077 2078
3 2049 2078 2050
3 2050 2078 2079
3 2050 2079 2051
3 2051 2079 2080
3 2051 2080 2052
3 2052 2080 2081
3 2052 2081 2053
3 2053 2081 2082
3 2053 2082 2054
3 2054 2082 2083
3 2054 2083 2055
3 2055 2083 2084
3 2055 2084 2056
3 2056 2084 2085
3 2056 2085 2057
3 2057 2085 2086
3 2057 2086 2058
3 2058 2086 2087
3 2059 2088 2060
3 2060 2088 2089
3 2060 2089 2061
3 2061 2089 2090
3 2061 2090 2062
3 2062 2090 2091
3 2062 2091 2063
3 2063 2091 2092
3 2063 2092 2064
3 2064 2092 2093
3 2064 2093 2065
3 2065 2093 2094
3 2065 2094 2066
3 2066 2094 2095
3 2066 2095 2067
3 2067 2095 2096
3 2067 2096 2068
3 2068 2096 2097
3 2068 2097 2069
3 2069 2097 2098
3 2069 2098 2070
3 2070 2098 2099
3 2070 2099 2071
3 2071 2099 2100
3 2071 2100 2072
3 2072 2100 2101
3 2072 2101 2073
3 2073 2101 2102
3 2073 2102 2074
3 2074 2102 2103
3 2074 2103 2075
3 2075 2103 2104
3 2075 2104 2076
3 2076 2104 2105
3 2076 2105 2077
3 2077 2105 2106
3 2077 2106 2078
3 2078 2106 2107
3 2078 2107 2079
3 2079 2107 2108
3 2079 2108 2080
3 2080 2108 2109
3 2080 2109 2081
3 2081 2109 2110
3 2081 2110 2082
3 2082 2110 2111
3 2082 2111 2083
3 2083 2111 2112
3 2083 2112 2084
3 2084 2112 2113
3 2084 2113 2085
3 2085 2113 2114
3 2085 2114 2086
3 2086 2114 2115
3 2086 2115 2087
3 2087 2115 2116
3 2088 2117 2089
3 2089 2117 2118
3 2089 2118 2090
3 2090 2118 2119
3 2090 2119 2091
3 2091 2119 2120
3 2091 2120 2092
3 2092 2120 2121
3 2092 2121 2093
3 2093 2121 2122
3 2093 2122 2094
3 2094 2122 2123
3 2094 2123 2095
3 2095 2123 2124
3 2095 2124 2096
3 2096 2124 2125
3 2096 2125 2097
3 2097 2125 2126
3 2097 2126 2098
3 2098 2126 2127
3 2098 2127 2099
3 2099 2127 2128
3 2099 2128 2100
3 2100 2128 2129
3 2100 2129 2101
3 2101 2129 2130
3 2101 2130 2102
3 2102 2130 2131
3 2102 2131 2103
3 2103 2131 2132
3 2103 2132 2104
3 2104 2132 2133
3 2104 2133 2105
3 2105 2133 2134
3 2105 2134 2106
3 2106 2134 2135
3 2106 2135 2107
3 2107 2135 2136
3 2107 2136 2108
3 2108 2136 2137
3 2108 2137 2109
3 2109 2137 2138
3 2109 2138 2110
3 2110 2138 2139
3 2110 2139 2111
3 2111 2139 2140
3 2111 2140 2112
3 2112 2140 2141
3 2112 2141 2113
3 2113 2141 2142
3 2113 2142 2114
3 2114 2142 2143
3 2114 2143 2115
3 2115 2143 2144
3 2115 2144 2116
3 2116 2144 2145
3 2117 2146 2118
3 2118 2146 2147
3 2118 2147 2119
3 2119 2147 2148
3 2119 2148 2120
3 2120 2148 2149
3 2120 2149 2121
3 2121 2149 2150
3 2121 2150 2122
3 2122 2150 2151
3 2122 2151 2123
3 2123 2151 2152
3 2123 2152 2124
3 2124 2152 2153
3 2124 2153 2125
3 2125 2153 2154
3 2125 2154 2126
3 2126 2154 2155
3 2126 2155 2127
3 2127 2155 2156
3 2127 2156 2128
3 2128 2156 2157
3 2128 2157 2129
3 2129 2157 2158
3 2129 2158 2130
3 2130 2158 2159
3 2130 2159 2131
3 2131 2159 2160
3 2131 2160 2132
3 2132 2160 2161
3 2132 2161 2133
3 2133 2161 2162
3 2133 2162 2134
3 2134 2162 2163
3 2134 2163 2135
3 2135 2163 2164
3 2135 2164 2136
3 2136 2164 2165
3 2136 2165 2137
3 2137 2165 2166
3 2137 2166 2138
3 2138 2166 2167
3 2138 2167 2139
3 2139 2167 2168
3 2139 2168 2140
3 2140 2168 2169
3 2140 2169 2141
3 2141 2169 2170
3 2141 2170 2142
3 2142 2170 2171
3 2142 2171 2143
3 2143 2171 2172
3 2143 2172 2144
3 2144 2172 2173
3 2144 2173 2145
3 2145 2173 2174
3 2175 2204 2176
3 2176 2204 2205
3 2176 2205 2177
3 2177 2205 2206
3 2177 2206 2178
3 2178 2206 2207
3 2178 2207 2179
3 2179 2207 2208
3 2179 2208 2180
3 2180 2208 2209
3 2180 2209 2181
3 2181 2209 2210
3 2181 2210 2182
3 2182 2210 2211
3 2182 2211 2183
3 2183 2211 2212
3 2183 2212 2184
3 2184 2212 2213
3 2184 2213 2185
3 2185 2213 2214
3 2185 2214 2186
3 2186 2214 2215
3 2186 2215 2187
3 2187 2215 2216
3 2187 2216 2188
3 2188 2216 2217
3 2188 2217 2189
3 2189 2217 2218
3 2189 2218 2190
3 2190 2218 2219
3 2190 2219 2191
3 2191 2219 2220
3 2191 2220 2192
3 2192 2220 2221
3 2192 2221 2193
3 2193 2221 2222
3 2193 2222 2194
3 2194 2222 2223
3 2194 2223 2195
3 2195 2223 2224
3 2195 2224 2196
3 2196 2224 2225
3 2196 2225 2197
3 2197 2225 2226
3 2197 2226 2198
3 2198 2226 2227
3 2198 2227 2199
3 2199 2227 2228
3 2199 2228 2200
3 2200 2228 2229
3 2200 2229 2201
3 2201 2229 2230
3 2201 2230 2202
3 2202 2230 2231
3 2202 2231 2203
3 2203 2231 2232
3 2204 2233 2205
3 2205 2233 2234
3 2205 2234 2206
3 2206 2234 2235
3 2206 2235 2207
3 2207 2235 2236
3 2207 2236 2208
3 2208 2236 2237
3 2208 2237 2209
3 2209 2237 2238
3 2209 2238 2210
3 2210 2238 2239
3 2210 2239 2211
3 2211 2239 2240
3 2211 2240 2212
3 2212 2240 2241
3 2212 2241 2213
3 2213 2241 2242
3 2213 2242 2214
3 2214 2242 2243
3 2214 2243 2215
3 2215 2243 2244
3 2215 2244 2216
3 2216 2244 2245
3 2216 2245 2217
3 2217 2245 2246
3 2217 2246 2218
3 2218 2246 2247
3 2218 2247 2219
3 2219 2247 2248
3 2219 2248 2220
3 2220 2248 2249
3 2220 2249 2221
3 2221 2249 2250
3 2221 2250 2222
3 2222 2250 2251
3 2222 2251 2223
3 2223 2251 2252
3 2223 2252 2224
3 2224 2252 2253
3 2224 2253 2225
3 2225 2253 2254
3 2225 2254 2226
3 2226 2254 2255
3 2226 2255 2227
3 2227 2255 2256
3 2227 2256 2228
3 2228 2256 2257
3 2228 2257 2229
3 2229 2257 2258
3 2229 2258 2230
3 2230 2258 2259
3 2230 2259 2231
3 2231 2259 2260
3 2231 2260 2232
3 2232 2260 2261
3 2233 2262 2234
3 2234 2262 2263
3 2234 2263 2235
3 2235 2263 2264
3 2235 2264 2236
3 2236 2264 2265
3 2236 2265 2237
3 2237 2265 2266
3 2237 2266 2238
3 2238 2266 2267
3 2238 2267 2239
3 2239 2267 2268
3 2239 2268 2240
3 2240 2268 2269
3 2240 2269 2241
3 2241 2269 2270
3 2241 2270 2242
3 2242 2270 2271
3 2242 2271 2243
3 2243 2271 2272
3 2243 2272 2244
3 2244 2272 2273
3 2244 2273 2245
3 2245 2273 2274
3 2245 2274 2246
3 2246 2274 2275
3 2246 2275 2247
3 2247 2275 2276
3 2247 2276 2248
3 2248 2276 2277
3 2248 2277 2249
3 2249 2277 2278
3 2249 2278 2250
3 2250 2278 2279
3 2250 2279 2251
3 2251 2279 2280
3 2251 2280 2252
3 2252 2280 2281
3 2252 2281 2253
3 2253 2281 2282
3 2253 2282 2254
3 2254 2282 2283
3 2254 2283 2255
3 2255 2283 2284
3 2255 2284 2256
3 2256 2284 2285
3 2256 2285 2257
3 2257 2285 2286
3 2257 2286 2258
3 2258 2286 2287
3 2258 2287 2259
3 2259 2287 2288
3 2259 2288 2260
3 2260 2288 2289
3 2260 2289 2261
3 2261 2289 2290
3 2262 2291 2263
3 2263 2291 2292
3 2263 2292 2264
3 2264 2292 2293
3 2264 2293 2265
3 2265 2293 2294
3 2265 2294 2266
3 2266 2294 2295
3 2266 2295 2267
3 2267 2295 2296
3 2267 2296 2268
3 2268 2296 2297
3 2268 2297 2269
3 2269 2297 2298
3 2269 2298 2270
3 2270 2298 2299
3 2270 2299 2271
3 2271 2299 2300
3 2271 2300 2272
3 2272 2300 2301
3 2272 2301 2273
3 2273 2301 2302
3 2273 2302 2274
3 2274 2302 2303
3 2274 2303 2275
3 2275 2303 2304
3 2275 2304 2276
3 2276 2304 2305
3 2276 2305 2277
3 2277 2305 2306
3 2277 2306 2278
3 2278 2306 2307
3 2278 2307 2279
3 2279 2307 2308
3 2279 2308 2280
3 2280 2308 2309
3 2280 2309 2281
3 2281 2309 2310
3 2281 2310 2282
3 2282 2310 2311
3 2282 2311 2283
3 2283 2311 2312
3 2283 2312 2284
3 2284 2312 2313
3 2284 2313 2285
3 2285 2313 2314
3 2285 2314 2286
3 2286 2314 2315
3 2286 2315 2287
3 2287 2315 2316
3 2287 2316 2288
3 2288 2316 2317
3 2288 2317 2289
3 2289 2317 2318
3 2289 2318 2290
3 2290 2318 2319
3 2291 2320 2292
3 2292 2320 2321
3 2292 2321 2293
3 2293 2321 2322
3 2293 2322 2294
3 2294 2322 2323
3 2294 2323 2295
3 2295 2323 2324
3 2295 2324 2296
3 2296 2324 2325
3 2296 2325 2297
3 2297 2325 2326
3 2297 2326 2298
3 2298 2326 2327
3 2298 2327 2299
3 2299 2327 2328
3 2299 2328 2300
3 2300 2328 2329
3 2300 2329 2301
3 2301 2329 2330
3 2301 2330 2302
3 2302 2330 2331
3 2302 2331 2303
3 2303 2331 2332
3 2303 2332 2304
3 2304 2332 2333
3 2304 2333 2305
3 2305 2333 2334
3 2305 2334 2306
3 2306 2334 2335
3 2306 2335 2307
3 2307 2335 2336
3 2307 2336 2308
3 2308 2336 2337
3 2308 2337 2309
3 2309 2337 2338
3 2309 2338 2310
3 2310 2338 2339
3 2310 2339 2311
3 2311 2339 2340
3 2311 2340 2312
3 2312 2340 2341
3 2312 2341 2313
3 2313 2341 2342
3 2313 2342 2314
3 2314 2342 2343
3 2314 2343 2315
3 2315 2343 2344
3 2315 2344 2316
3 2316 2344 2345
3 2316 2345 2317
3 2317 2345 2346
3 2317 2346 2318
3 2318 2346 2347
3 2318 2347 2319
3 2319 2347 2348
3 2320 2349 2321
3 2321 2349 2350
3 2321 2350 2322
3 2322 2350 2351
3 2322 2351 2323
3 2323 2351 2352
3 2323 2352 2324
3 2324 2352 2353
3 2324 2353 2325
3 2325 2353 2354
3 2325 2354 2326
3 2326 2354 2355
3 2326 2355 2327
3 2327 2355 2356
3 2327 2356 2328
3 2328 2356 2357
3 2328 2357 2329
3 2329 2357 2358
3 2329 2358 2330
3 2330 2358 2359
3 2330 2359 2331
3 2331 2359 2360
3 2331 2360 2332
3 2332 2360 2361
3 2332 2361 2333
3 2333 2361 2362
3 2333 2362 2334
3 2334 2362 2363
3 2334 2363 2335
3 2335 2363 2364
3 2335 2364 2336
3 2336 2364 2365
3 2336 2365 2337
3 2337 2365 2366
3 2337 2366 2338
3 2338 2366 2367
3 2338 2367 2339
3 2339 2367 2368
3 2339 2368 2340
3 2340 2368 2369
3 2340 2369 2341
3 2341 2369 2370
3 2341 2370 2342
3 2342 2370 2371
3 2342 2371 2343
3 2343 2371 2372
3 2343 2372 2344
3 2344 2372 2373
3 2344 2373 2345
3 2345 2373 2374
3 2345 2374 2346
3 2346 2374 2375
3 2346 2375 2347
3 2347 2375 2376
3 2347 2376 2348
3 2348 2376 2377
3 2349 2378 2350
3 2350 2378 2379
3 2350 2379 2351
3 2351 2379 2380
3 2351 2380 2352
3 2352 2380 2381
3 2352 2381 2353
3 2353 2381 2382
3 2353 2382 2354
3 2354 2382 2383
3 2354 2383 2355
3 2355 2383 2384
3 2355 2384 2356
3 2356 2384 2385
3 2356 2385 2357
3 2357 2385 2386
3 2357 2386 2358
3 2358 2386 2387
3 2358 2387 2359
3 2359 2387 2388
3 2359 2388 2360
3 2360 2388 2389
3 2360 2389 2361
3 2361 2389 2390
3 2361 2390 2362
3 2362 2390 2391
3 2362 2391 2363
3 2363 2391 2392
3 2363 2392 2364
3 2364 2392 2393
3 2364 2393 2365
3 2365 2393 2394
3 2365 2394 2366
3 2366 2394 2395
3 2366 2395 2367
3 2367 2395 2396
3 2367 2396 2368
3 2368 2396 2397
3 2368 2397 2369
3 2369 2397 2398
3 2369 2398 2370
3 2370 2398 2399
3 2370 2399 2371
3 2371 2399 2400
3 2371 2400 2372
3 2372 2400 2401
3 2372 2401 2373
3 2373 2401 2402
3 2373 2402 2374
3 2374 2402 2403
3 2374 2403 2375
3 2375 2403 2404
3 2375 2404 2376
3 2376 2404 2405
3 2376 2405 2377
3 2377 2405 2406
3 2378 2407 2379
3 2379 2407 2408
3 2379 2408 2380
3 2380 2408 2409
3 2380 2409 2381
3 2381 2409 2410
3 2381 2410 2382
3 2382 2410 2411
3 2382 2411 2383
3 2383 2411 2412
3 2383 2412 2384
3 2384 2412 2413
3 2384 2413 2385
3 2385 2413 2414
3 2385 2414 2386
3 2386 2414 2415
3 2386 2415 2387
3 2387 2415 2416
3 2387 2416 2388
3 2388 2416 2417
3 2388 2417 2389
3 2389 2417 2418
3 2389 2418 2390
3 2390 2418 2419
3 2390 2419 2391
3 2391 2419 2420
3 2391 2420 2392
3 2392 2420 2421
3 2392 2421 2393
3 2393 2421 2422
3 2393 2422 2394
3 2394 2422 2423
3 2394 2423 2395
3 2395 2423 2424
3 2395 2424 2396
3 2396 2424 2425
3 2396 2425 2397
3 2397 2425 2426
3 2397 2426 2398
3 2398 2426 2427
3 2398 2427 2399
3 2399 2427 2428
3 2399 2428 2400
3 2400 2428 2429
3 2400 2429 2401
3 2401 2429 2430
3 2401 2430 2402
3 2402 2430 2431
3 2402 2431 2403
3 2403 2431 2432
3 2403 2432 2404
3 2404 2432 2433
3 2404 2433 2405
3 2405 2433 2434
3 2405 2434 2406
3 2406 2434 2435
3 2407 2436 2408
3 2408 2436 2437
3 2408 2437 2409
3 2409 2437 2438
3 2409 2438 2410
3 2410 2438 2439
3 2410 2439 2411
3 2411 2439 2440
3 2411 2440 2412
3 2412 2440 2441
3 2412 2441 2413
3 2413 2441 2442
3 2413 2442 2414
3 2414 2442 2443
3 2414 2443 2415
3 2415 2443 2444
3 2415 2444 2416
3 2416 2444 2445
3 2416 2445 2417
3 2417 2445 2446
3 2417 2446 2418
3 2418 2446 2447
3 2418 2447 2419
3 2419 2447 2448
3 2419 2448 2420
3 2420 2448 2449
3 2420 2449 2421
3 2421 2449 2450
3 2421 2450 2422
3 2422 2450 2451
3 2422 2451 2423
3 2423 2451 2452
3 2423 2452 2424
3 2424 2452 2453
3 2424 2453 2425
3 2425 2453 2454
3 2425 2454 2426
3 2426 2454 2455
3 2426 2455 2427
3 2427 2455 2456
3 2427 2456 2428
3 2428 2456 2457
3 2428 2457 2429
3 2429 2457 2458
3 2429 2458 2430
3 2430 2458 2459
3 2430 2459 2431
3 2431 2459 2460
3 2431 2460 2432
3 2432 2460 2461
3 2432 2461 2433
3 2433 2461 2462
3 2433 2462 2434
3 2434 2462 2463
3 2434 2463 2435
3 2435 2463 2464
3 2436 2465 2437
3 2437 2465 2466
3 2437 2466 2438
3 2438 2466 2467
3 2438 2467 2439
3 2439 2467 2468
3 2439 2468 2440
3 2440 2468 2469
3 2440 2469 2441
3 2441 2469 2470
3 2441 2470 2442
3 2442 2470 2471
3 2442 2471 2443
3 2443 2471 2472
3 2443 2472 2444
3 2444 2472 2473
3 2444 2473 2445
3 2445 2473 2474
3 2445 2474 2446
3 2446 2474 2475
3 2446 2475 2447
3 2447 2475 2476
3 2447 2476 2448
3 2448 2476 2477
3 2448 2477 2449
3 2449 2477 2478
3 2449 2478 2450
3 2450 2478 2479
3 2450 2479 2451
3 2451 2479 2480
3 2451 2480 2452
3 2452 2480 2481
3 2452 2481 2453
3 2453 2481 2482
3 2453 2482 2454
3 2454 2482 2483
3 2454 2483 2455
3 2455 2483 2484
3 2455 2484 2456
3 2456 2484 2485
3 2456 2485 2457
3 2457 2485 2486
3 2457 2486 2458
3 2458 2486 2487
3 2458 2487 2459
3 2459 2487 2488
3 2459 2488 2460
3 2460 2488 2489
3 2460 2489 2461
3 2461 2489 2490
3 2461 2490 2462
3 2462 2490 2491
3 2462 2491 2463
3 2463 2491 2492
3 2463 2492 2464
3 2464 2492 2493
3 2465 2494 2466
3 2466 2494 2495
3 2466 2495 2467
3 2467 2495 2496
3 2467 2496 2468
3 2468 2496 2497
3 2468 2497 2469
3 2469 2497 2498
3 2469 2498 2470
3 2470 2498 2499
3 2470 2499 2471
3 2471 2499 2500
3 2471 2500 2472
3 2472 2500 2501
3 2472 2501 2473
3 2473 2501 2502
3 2473 2502 2474
3 2474 2502 2503
3 2474 2503 2475
3 2475 2503 2504
3 2475 2504 2476
3 2476 2504 2505
3 2476 2505 2477
3 2477 2505 2506
3 2477 2506 2478
3 2478 2506 2507
3 2478 2507 2479
3 2479 2507 2508
3 2479 2508 2480
3 2480 2508 2509
3 2480 2509 2481
3 2481 2509 2510
3 2481 2510 2482
3 2482 2510 2511
3 2482 2511 2483
3 2483 2511 2512
3 2483 2512 2484
3 2484 2512 2513
3 2484 2513 2485
3 2485 2513 2514
3 2485 2514 2486
3 2486 2514 2515
3 2486 2515 2487
3 2487 2515 2516
3 2487 2516 2488
3 2488 2516 2517
3 2488 2517 2489
3 2489 2517 2518
3 2489 2518 2490
3 2490 2518 2519
3 2490 2519 2491
3 2491 2519 2520
3 2491 2520 2492
3 2492 2520 2521
3 2492 2521 2493
3 2493 2521 2522
3 2494 2523 2495
3 2495 2523 2524
3 2495 2524 2496
3 2496 2524 2525
3 2496 2525 2497
3 2497 2525 2526
3 2497 2526 2498
3 2498 2526 2527
3 2498 2527 2499
3 2499 2527 2528
3 2499 2528 2500
3 2500 2528 2529
3 2500 2529 2501
3 2501 2529 2530
3 2501 2530 2502
3 2502 2530 2531
3 2502 2531 2503
3 2503 2531 2532
3 2503 2532 2504
3 2504 2532 2533
3 2504 2533 2505
3 2505 2533 2534
3 2505 2534 2506
3 2506 2534 2535
3 2506 2535 2507
3 2507 2535 2536
3 2507 2536 2508
3 2508 2536 2537
3 2508 2537 2509
3 2509 2537 2538
3 2509 2538 2510
3 2510 2538 2539
3 2510 2539 2511
3 2511 2539 2540
3 2511 2540 2512
3 2512 2540 2541
3 2512 2541 2513
3 2513 2541 2542
3 2513 2542 2514
3 2514 2542 2543
3 2514 2543 2515
3 2515 2543 2544
3 2515 2544 2516
3 2516 2544 2545
3 2516 2545 2517
3 2517 2545 2546
3 2517 2546 2518
3 2518 2546 2547
3 2518 2547 2519
3 2519 2547 2548
3 2519 2548 2520
3 2520 2548 2549
3 2520 2549 2521
3 2521 2549 2550
3 2521 2550 2522
3 2522 2550 2551
3 2523 2552 2524
3 2524 2552 2553
3 2524 2553 2525
3 2525 2553 2554
3 2525 2554 2526
3 2526 2554 2555
3 2526 2555 2527
3 2527 2555 2556
3 2527 2556 2528
3 2528 2556 2557
3 2528 2557 2529
3 2529 2557 2558
3 2529 2558 2530
3 2530 2558 2559
3 2530 2559 2531
3 2531 2559 2560
3 2531 2560 2532
3 2532 2560 2561
3 2532 2561 2533
3 2533 2561 2562
3 2533 2562 2534
3 2534 2562 2563
3 2534 2563 2535
3 2535 2563 2564
3 2535 2564 2536
3 2536 2564 2565
3 2536 2565 2537
3 2537 2565 2566
3 2537 2566 2538
3 2538 2566 2567
3 2538 2567 2539
3 2539 2567 2568
3 2539 2568 2540
3 2540 2568 2569
3 2540 2569 2541
3 2541 2569 2570
3 2541 2570 2542
3 2542 2570 2571
3 2542 2571 2543
3 2543 2571 2572
3 2543 2572 2544
3 2544 2572 2573
3 2544 2573 2545
3 2545 2573 2574
3 2545 2574 2546
3 2546 2574 2575
3 2546 2575 2547
3 2547 2575 2576
3 2547 2576 2548
3 2548 2576 2577
3 2548 2577 2549
3 2549 2577 2578
3 2549 2578 2550
3 2550 2578 2579
3 2550 2579 2551
3 2551 2579 2580
3 2552 2581 2553
3 2553 2581 2582
3 2553 2582 2554
3 2554 2582 2583
3 2554 2583 2555
3 2555 2583 2584
3 2555 2584 2556
3 2556 2584 2585
3 2556 2585 2557
3 2557 2585 2586
3 2557 2586 2558
3 2558 2586 2587
3 2558 2587 2559
3 2559 2587 2588
3 2559 2588 2560
3 2560 2588 2589
3 2560 2589 2561
3 2561 2589 2590
3 2561 2590 2562
3 2562 2590 2591
3 2562 2591 2563
3 2563 2591 2592
3 2563 2592 2564
3 2564 2592 2593
3 2564 2593 2565
3 2565 2593 2594
3 2565 2594 2566
3 2566 2594 2595
3 2566 2595 2567
3 2567 2595 2596
3 2567 2596 2568
3 2568 2596 2597
3 2568 2597 2569
3 2569 2597 2598
3 2569 2598 2570
3 2570 2598 2599
3 2570 2599 2571
3 2571 2599 2600
3 2571 2600 2572
3 2572 2600 2601
3 2572 2601 2573
3 2573 2601 2602
3 2573 2602 2574
3 2574 2602 2603
3 2574 2603 2575
3 2575 2603 2604
3 2575 2604 2576
3 2576 2604 2605
3 2576 2605 2577
3 2577 2605 2606
3 2577 2606 2578
3 2578 2606 2607
3 2578 2607 2579
3 2579 2607 2608
3 2579 2608 2580
3 2580 2608 2609
3 2610 2639 2611
3 2611 2639 2640
3 2611 2640 2612
3 2612 2640 2641
3 2612 2641 2613
3 2613 2641 2642
3 2613 2642 2614
3 2614 2642 2643
3 2614 2643 2615
3 2615 2643 2644
3 2615 2644 2616
3 2616 2644 2645
3 2616 2645 2617
3 2617 2645 2646
3 2617 2646 2618
3 2618 2646 2647
3 2618 2647 2619
3 2619 2647 2648
3 2619 2648 2620
3 2620 2648 2649
3 2620 2649 2621
3 2621 2649 2650
3 2621 2650 2622
3 2622 2650 2651
3 2622 2651 2623
3 2623 2651 2652
3 2623 2652 2624
3 2624 2652 2653
3 2624 2653 2625
3 2625 2653 2654
3 2625 2654 2626
3 2626 2654 2655
3 2626 2655 2627
3 2627 2655 2656
3 2627 2656 2628
3 2628 2656 2657
3 2628 2657 2629
3 2629 2657 2658
3 2629 2658 2630
3 2630 2658 2659
3 2630 2659 2631
3 2631 2659 2660
3 2631 2660 2632
3 2632 2660 2661
3 2632 2661 2633
3 2633 2661 2662
3 2633 2662 2634
3 2634 2662 2663
3 2634 2663 2635
3 2635 2663 2664
3 2635 2664 2636
3 2636 2664 2665
3 2636 2665 2637
3 2637 2665 2666
3 2637 2666 2638
3 2638 2666 2667
3 2639 2668 2640
3 2640 2668 2669
3 2640 2669 2641
3 2641 2669 2670
3 2641 2670 2642
3 2642 2670 2671
3 2642 2671 2643
3 2643 2671 2672
3 2643 2672 2644
3 2644 2672 2673
3 2644 2673 2645
3 2645 2673 2674
3 2645 2674 2646
3 2646 2674 2675
3 2646 2675 2647
3 2647 2675 2676
3 2647 2676 2648
3 2648 2676 2677
3 2648 2677 2649
3 2649 2677 2678
3 2649 2678 2650
3 2650 2678 2679
3 2650 2679 2651
3 2651 2679 2680
3 2651 2680 2652
3 2652 2680 2681
3 2652 2681 2653
3 2653 2681 2682
3 2653 2682 2654
3 2654 2682 2683
3 2654 2683 2655
3 2655 2683 2684
3 2655 2684 2656
3 2656 2684 2685
3 2656 2685 2657
3 2657 2685 2686
3 2657 2686 2658
3 2658 2686 2687
3 2658 2687 2659
3 2659 2687 2688
3 2659 2688 2660
3 2660 2688 2689
3 2660 2689 2661
3 2661 2689 2690
3 2661 2690 2662
3 2662 2690 2691
3 2662 2691 2663
3 2663 2691 2692
3 2663 2692 2664
3 2664 2692 2693
3 2664 2693 2665
3 2665 2693 2694
3 2665 2694 2666
3 2666 2694 2695
3 2666 2695 2667
3 2667 2695 2696
3 2668 2697 2669
3 2669 2697 2698
3 2669 2698 2670
3 2670 2698 2699
3 2670 2699 2671
3 2671 2699 2700
3 2671 2700 2672
3 2672 2700 2701
3 2672 2701 2673
3 2673 2701 2702
3 2673 2702 2674
3 2674 2702 2703
3 2674 2703 2675
3 2675 2703 2704
3 2675 2704 2676
3 2676 2704 2705
3 2676 2705 2677
3 2677 2705 2706
3 2677 2706 2678
3 2678 2706 2707
3 2678 2707 2679
3 2679 2707 2708
3 2679 2708 2680
3 2680 2708 2709
3 2680 2709 2681
3 2681 2709 2710
3 2681 2710 2682
3 2682 2710 2711
3 2682 2711 2683
3 2683 2711 2712
3 2683 2712 2684
3 2684 2712 2713
3 2684 2713 2685
3 2685 2713 2714
3 2685 2714 2686
3 2686 2714 2715
3 2686 2715 2687
3 2687 2715 2716
3 2687 2716 2688
3 2688 2716 2717
3 2688 2717 2689
3 2689 2717 2718
3 2689 2718 2690
3 2690 2718 2719
3 2690 2719 2691
3 2691 2719 2720
3 2691 2720 2692
3 2692 2720 2721
3 2692 2721 2693
3 2693 2721 2722
3 2693 2722 2694
3 2694 2722 2723
3 2694 2723 2695
3 2695 2723 2724
3 2695 2724 2696
3 2696 2724 2725
3 2697 2726 2698
3 2698 2726 2727
3 2698 2727 2699
3 2699 2727 2728
3 2699 2728 2700
3 2700 2728 2729
3 2700 2729 2701
3 2701 2729 2730
3 2701 2730 2702
3 2702 2730 2731
3 2702 2731 2703
3 2703 2731 2732
3 2703 2732 2704
3 2704 2732 2733
3 2704 2733 2705
3 2705 2733 2734
3 2705 2734 2706
3 2706 2734 2735
3 2706 2735 2707
3 2707 2735 2736
3 2707 2736 2708
3 2708 2736 2737
3 2708 2737 2709
3 2709 2737 2738
3 2709 2738 2710
3 2710 2738 2739
3 2710 2739 2711
3 2711 2739 2740
3 2711 2740 2712
3 2712 2740 2741
3 2712 2741 2713
3 2713 2741 2742
3 2713 2742 2714
3 2714 2742 2743
3 2714 2743 2715
3 2715 2743 2744
3 2715 2744 2716
3 2716 2744 2745
3 2716 2745 2717
3 2717 2745 2746
3 2717 2746 2718
3 2718 2746 2747
3 2718 2747 2719
3 2719 2747 2748
3 2719 2748 2720
3 2720 2748 2749
3 2720 2749 2721
3 2721 2749 2750
3 2721 2750 2722
3 2722 2750 2751
3 2722 2751 2723
3 2723 2751 2752
3 2723 2752 2724
3 2724 2752 2753
3 2724 2753 2725
3 2725 2753 2754
3 2726 2755 2727
3 2727 2755 2756
3 2727 2756 2728
3 2728 2756 2757
3 2728 2757 2729
3 2729 2757 2758
3 2729 2758 2730
3 2730 2758 2759
3 2730 2759 2731
3 2731 2759 2760
3 2731 2760 2732
3 2732 2760 2761
3 2732 2761 2733
3 2733 2761 2762
3 2733 2762 2734
3 2734 2762 2763
3 2734 2763 2735
3 2735 2763 2764
3 2735 2764 2736
3 2736 2764 2765
3 2736 2765 2737
3 2737 2765 2766
3 2737 2766 2738
3 2738 2766 2767
3 2738 2767 2739
3 2739 2767 2768
3 2739 2768 2740
3 2740 2768 2769
3 2740 2769 2741
3 2741 2769 2770
3 2741 2770 2742
3 2742 2770 2771
3 2742 2771 2743
3 2743 2771 2772
3 2743 2772 2744
3 2744 2772 2773
3 2744 2773 2745
3 2745 2773 2774
3 2745 2774 2746
3 2746 2774 2775
3 2746 2775 2747
3 2747 2775 2776
3 2747 2776 2748
3 2748 2776 2777
3 2748 2777 2749
3 2749 2777 2778
3 2749 2778 2750
3 2750 2778 2779
3 2750 2779 2751
3 2751 2779 2780
3 2751 2780 2752
3 2752 2780 2781
3 2752 2781 2753
3 2753 2781 2782
3 2753 2782 2754
3 2754 2782 2783
3 2755 2784 2756
3 2756 2784 2785
3 2756 2785 2757
3 2757 2785 2786
3 2757 2786 2758
3 2758 2786 2787
3 2758 2787 2759
3 2759 2787 2788
3 2759 2788 2760
3 2760 2788 2789
3 2760 2789 2761
3 2761 2789 2790
3 2761 2790 2762
3 2762 2790 2791
3 2762 2791 2763
3 2763 2791 2792
3 2763 2792 2764
3 2764 2792 2793
3 2764 2793 2765
3 2765 2793 2794
3 2765 2794 2766
3 2766 2794 2795
3 2766 2795 2767
3 2767 2795 2796
3 2767 2796 2768
3 2768 2796 2797
3 2768 2797 2769
3 2769 2797 2798
3 2769 2798 2770
3 2770 2798 2799
3 2770 2799 2771
3 2771 2799 2800
3 2771 2800 2772
3 2772 2800 2801
3 2772 2801 2773
3 2773 2801 2802
3 2773 2802 2774
3 2774 2802 2803
3 2774 2803 2775
3 2775 2803 2804
3 2775 2804 2776
3 2776 2804 2805
3 2776 2805 2777
3 2777 2805 2806
3 2777 2806 2778
3 2778 2806 2807
3 2778 2807 2779
3 2779 2807 2808
3 2779 2808 2780
3 2780 2808 2809
3 2780 2809 2781
3 2781 2809 2810
3 2781 2810 2782
3 2782 2810 2811
3 2782 2811 2783
3 2783 2811 2812
3 2784 2813 2785
3 2785 2813 2814
3 2785 2814 2786
3 2786 2814 2815
3 2786 2815 2787
3 2787 2815 2816
3 2787 2816 2788
3 2788 2816 2817
3 2788 2817 2789
3 2789 2817 2818
3 2789 2818 2790
3 2790 2818 2819
3 2790 2819 2791
3 2791 2819 2820
3 2791 2820 2792
3 2792 2820 2821
3 2792 2821 2793
3 2793 2821 2822
3 2793 2822 2794
3 2794 2822 2823
3 2794 2823 2795
3 2795 2823 2824
3 2795 2824 2796
3 2796 2824 2825
3 2796 2825 2797
3 2797 2825 2826
3 2797 2826 2798
3 2798 2826 2827
3 2798 2827 2799
3 2799 2827 2828
3 2799 2828 2800
3 2800 2828 2829
3 2800 2829 2801
3 2801 2829 2830
3 2801 2830 2802
3 2802 2830 2831
3 2802 2831 2803
3 2803 2831 2832
3 2803 2832 2804
3 2804 2832 2833
3 2804 2833 2805
3 2805 2833 2834
3 2805 2834 2806
3 2806 2834 2835
3 2806 2835 2807
3 2807 2835 2836
3 2807 2836 2808
3 2808 2836 2837
3 2808 2837 2809
3 2809 2837 2838
3 2809 2838 2810
3 2810 2838 2839
3 2810 2839 2811
3 2811 2839 2840
3 2811 2840 2812
3 2812 2840 2841
3 2813 2842 2814
3 2814 2842 2843
3 2814 2843 2815
3 2815 2843 2844
3 2815 2844 2816
3 2816 2844 2845
3 2816 2845 2817
3 2817 2845 2846
3 2817 2846 2818
3 2818 2846 2847
3 2818 2847 2819
3 2819 2847 2848
3 2819 2848 2820
3 2820 2848 2849
3 2820 2849 2821
3 2821 2849 2850
3 2821 2850 2822
3 2822 2850 2851
3 2822 2851 2823
3 2823 2851 2852
3 2823 2852 2824
3 2824 2852 2853
3 2824 2853 2825
3 2825 2853 2854
3 2825 2854 2826
3 2826 2854 2855
3 2826 2855 2827
3 2827 2855 2856
3 2827 2856 2828
3 2828 2856 2857
3 2828 2857 2829
3 2829 2857 2858
3 2829 2858 2830
3 2830 2858 2859
3 2830 2859 2831
3 2831 2859 2860
3 2831 2860 2832
3 2832 2860 2861
3 2832 2861 2833
3 2833 2861 2862
3 2833 2862 2834
3 2834 2862 2863
3 2834 2863 2835
3 2835 2863 2864
3 2835 2864 2836
3 2836 2864 2865
3 2836 2865 2837
3 2837 2865 2866
3 2837 2866 2838
3 2838 2866 2867
3 2838 2867 2839
3 2839 2867 2868
3 2839 2868 2840
3 2840 2868 2869
3 2840 2869 2841
3 2841 2869 2870
3 2842 2871 2843
3 2843 2871 2872
3 2843 2872 2844
3 2844 2872 2873
3 2844 2873 2845
3 2845 2873 2874
3 2845 2874 2846
3 2846 2874 2875
3 2846 2875 2847
3 2847 2875 2876
3 2847 2876 2848
3 2848 2876 2877
3 2848 2877 2849
3 2849 2877 2878
3 2849 2878 2850
3 2850 2878 2879
3 2850 2879 2851
3 2851 2879 2880
3 2851 2880 2852
3 2852 2880 2881
3 2852 2881 2853
3 2853 2881 2882
3 2853 2882 2854
3 2854 2882 2883
3 2854 2883 2855
3 2855 2883 2884
3 2855 2884 2856
3 2856 2884 2885
3 2856 2885 2857
3 2857 2885 2886
3 2857 2886 2858
3 2858 2886 2887
3 2858 2887 2859
3 2859 2887 2888
3 2859 2888 2860
3 2860 2888 2889
3 2860 2889 2861
3 2861 2889 2890
3 2861 2890 2862
3 2862 2890 2891
3 2862 2891 2863
3 2863 2891 2892
3 2863 2892 2864
3 2864 2892 2893
3 2864 2893 2865
3 2865 2893 2894
3 2865 2894 2866
3 2866 2894 2895
3 2866 2895 2867
3 2867 2895 2896
3 2867 2896 2868
3 2868 2896 2897
3 2868 2897 2869
3 2869 2897 2898
3 2869 2898 2870
3 2870 2898 2899
3 2871 2900 2872
3 2872 2900 2901
3 2872 2901 2873
3 2873 2901 2902
3 2873 2902 2874
3 2874 2902 2903
3 2874 2903 2875
3 2875 2903 2904
3 2875 2904 2876
3 2876 2904 2905
3 2876 2905 2877
3 2877 2905 2906
3 2877 2906 2878
3 2878 2906 2907
3 2878 2907 2879
3 2879 2907 2908
3 2879 2908 2880
3 2880 2908 2909
3 2880 2909 2881
3 2881 2909 2910
3 2881 2910 2882
3 2882 2910 2911
3 2882 2911 2883
3 2883 2911 2912
3 2883 2912 2884
3 2884 2912 2913
3 2884 2913 2885
3 2885 2913 2914
3 2885 2914 2886
3 2886 2914 2915
3 2886 2915 2887
3 2887 2915 2916
3 2887 2916 2888
3 2888 2916 2917
3 2888 2917 2889
3 2889 2917 2918
3 2889 2918 2890
3 2890 2918 2919
3 2890 2919 2891
3 2891 2919 2920
3 2891 2920 2892
3 2892 2920 2921
3 2892 2921 2893
3 2893 2921 2922
3 2893 2922 2894
3 2894 2922 2923
3 2894 2923 2895
3 2895 2923 2924
3 2895 2924 2896
3 2896 2924 2925
3 2896 2925 2897
3 2897 2925 2926
3 2897 2926 2898
3 2898 2926 2927
3 2898 2927 2899
3 2899 2927 2928
3 2900 2929 2901
3 2901 2929 2930
3 2901 2930 2902
3 2902 2930 2931
3 2902 2931 2903
3 2903 2931 2932
3 2903 2932 2904
3 2904 2932 2933
3 2904 2933 2905
3 2905 2933 2934
3 2905 2934 2906
3 2906 2934 2935
3 2906 2935 2907
3 2907 2935 2936
3 2907 2936 2908
3 2908 2936 2937
3 2908 2937 2909
3 2909 2937 2938
3 2909 2938 2910
3 2910 2938 2939
3 2910 2939 2911
3 2911 2939 2940
3 2911 2940 2912
3 2912 2940 2941
3 2912 2941 2913
3 2913 2941 2942
3 2913 2942 2914
3 2914 2942 2943
3 2914 2943 2915
3 2915 2943 2944
3 2915 2944 2916
3 2916 2944 2945
3 2916 2945 2917
3 2917 2945 2946
3 2917 2946 2918
3 2918 2946 2947
3 2918 2947 2919
3 2919 2947 2948
3 2919 2948 2920
3 2920 2948 2949
3 2920 2949 2921
3 2921 2949 2950
3 2921 2950 2922
3 2922 2950 2951
3 2922 2951 2923
3 2923 2951 2952
3 2923 2952 2924
3 2924 2952 2953
3 2924 2953 2925
3 2925 2953 2954
3 2925 2954 2926
3 2926 2954 2955
3 2926 2955 2927
3 2927 2955 2956
3 2927 2956 2928
3 2928 2956 2957
3 2929 2958 2930
3 2930 2958 2959
3 2930 2959 2931
3 2931 2959 2960
3 2931 2960 2932
3 2932 2960 2961
3 2932 2961 2933
3 2933 2961 2962
3 2933 2962 2934
3 2934 2962 2963
3 2934 2963 2935
3 2935 2963 2964
3 2935 2964 2936
3 2936 2964 2965
3 2936 2965 2937
3 2937 2965 2966
3 2937 2966 2938
3 2938 2966 2967
3 2938 2967 2939
3 2939 2967 2968
3 2939 2968 2940
3 2940 2968 2969
3 2940 2969 2941
3 2941 2969 2970
3 2941 2970 2942
3 2942 2970 2971
3 2942 2971 2943
3 2943 2971 2972
3 2943 2972 2944
3 2944 2972 2973
3 2944 2973 2945
3 2945 2973 2974
3 2945 2974 2946
3 2946 2974 2975
3 2946 2975 2947
3 2947 2975 2976
3 2947 2976 2948
3 2948 2976 2977
3 2948 2977 2949
3 2949 2977 2978
3 2949 2978 2950
3 2950 2978 2979
3 2950 2979 2951
3 2951 2979 2980
3 2951 2980 2952
3 2952 2980 2981
3 2952 2981 2953
3 2953 2981 2982
3 2953 2982 2954
3 2954 2982 2983
3 2954 2983 2955
3 2955 2983 2984
3 2955 2984 2956
3 2956 2984 2985
3 2956 2985 2957
3 2957 2985 2986
3 2958 2987 2959
3 2959 2987 2988
3 2959 2988 2960
3 2960 2988 2989
3 2960 2989 2961
3 2961 2989 2990
3 2961 2990 2962
3 2962 2990 2991
3 2962 2991 2963
3 2963 2991 2992
3 2963 2992 2964
3 2964 2992 2993
3 2964 2993 2965
3 2965 2993 2994
3 2965 2994 2966
3 2966 2994 2995
3 2966 2995 2967
3 2967 2995 2996
3 2967 2996 2968
3 2968 2996 2997
3 2968 2997 2969
3 2969 2997 2998
3 2969 2998 2970
3 2970 2998 2999
3 2970 2999 2971
3 2971 2999 3000
3 2971 3000 2972
3 2972 3000 3001
3 2972 3001 2973
3 2973 3001 3002
3 2973 3002 2974
3 2974 3002 3003
3 2974 3003 2975
3 2975 3003 3004
3 2975 3004 2976
3 2976 3004 3005
3 2976 3005 2977
3 2977 3005 3006
3 2977 3006 2978
3 2978 3006 3007
3 2978 3007 2979
3 2979 3007 3008
3 2979 3008 2980
3 2980 3008 3009
3 2980 3009 2981
3 2981 3009 3010
3 2981 3010 2982
3 2982 3010 3011
3 2982 3011 2983
3 2983 3011 3012
3 2983 3012 2984
3 2984 3012 3013
3 2984 3013 2985
3 2985 3013 3014
3 2985 3014 2986
3 2986 3014 3015
3 2987 3016 2988
3 2988 3016 3017
3 2988 3017 2989
3 2989 3017 3018
3 2989 3018 2990
3 2990 3018 3019
3 2990 3019 2991
3 2991 3019 3020
3 2991 3020 2992
3 2992 3020 3021
3 2992 3021 2993
3 2993 3021 3022
3 2993 3022 2994
3 2994 3022 3023
3 2994 3023 2995
3 2995 3023 3024
3 2995 3024 2996
3 2996 3024 3025
3 2996 3025 2997
3 2997 3025 3026
3 2997 3026 2998
3 2998 3026 3027
3 2998 3027 2999
3 2999 3027 3028
3 2999 3028 3000
3 3000 3028 3029
3 3000 3029 3001
3 3001 3029 3030
3 3001 3030 3002
3 3002 3030 3031
3 3002 3031 3003
3 3003 3031 3032
3 3003 3032 3004
3 3004 3032 3033
3 3004 3033 3005
3 3005 3033 3034
3 3005 3034 3006
3 3006 3034 3035
3 3006 3035 3007
3 3007 3035 3036
3 3007 3036 3008
3 3008 3036 3037
3 3008 3037 3009
3 3009 3037 3038
3 3009 3038 3010
3 3010 3038 3039
3 3010 3039 3011
3 3011 3039 3040
3 3011 3040 3012
3 3012 3040 3041
3 3012 3041 3013
3 3013 3041 3042
3 3013 3042 3014
3 3014 3042 3043
3 3014 3043 3015
3 3015 3043 3044
3 3045 3074 3046
3 3046 3074 3075
3 3046 3075 3047
3 3047 3075 3076
3 3047 3076 3048
3 3048 3076 3077
3 3048 3077 3049
3 3049 3077 3078
3 3049 3078 3050
3 3050 3078 3079
3 3050 3079 3051
3 3051 3079 3080
3 3051 3080 3052
3 3052 3080 3081
3 3052 3081 3053
3 3053 3081 3082
3 3053 3082 3054
3 3054 3082 3083
3 3054 3083 3055
3 3055 3083 3084
3 3055 3084 3056
3 3056 3084 3085
3 3056 3085 3057
3 3057 3085 3086
3 3057 3086 3058
3 3058 3086 3087
3 3058 3087 3059
3 3059 3087 3088
3 3059 3088 3060
3 3060 3088 3089
3 3060 3089 3061
3 3061 3089 3090
3 3061 3090 3062
3 3062 3090 3091
3 3062 3091 3063
3 3063 3091 3092
3 3063 3092 3064
3 3064 3092 3093
3 3064 3093 3065
3 3065 3093 3094
3 3065 3094 3066
3 3066 3094 3095
3 3066 3095 3067
3 3067 3095 3096
3 3067 3096 3068
3 3068 3096 3097
3 3068 3097 3069
3 3069 3097 3098
3 3069 3098 3070
3 3070 3098 3099
3 3070 3099 3071
3 3071 3099 3100
3 3071 3100 3072
3 3072 3100 3101
3 3072 3101 3073
3 3073 3101 3102
3 3074 3103 3075
3 3075 3103 3104
3 3075 3104 3076
3 3076 3104 3105
3 3076 3105 3077
3 3077 3105 3106
3 3077 3106 3078
3 3078 3106 3107
3 3078 3107 3079
3 3079 3107 3108
3 3079 3108 3080
3 3080 3108 3109
3 3080 3109 3081
3 3081 3109 3110
3 3081 3110 3082
3 3082 3110 3111
3 3082 3111 3083
3 3083 3111 3112
3 3083 3112 3084
3 3084 3112 3113
3 3084 3113 3085
3 3085 3113 3114
3 3085 3114 3086
3 3086 3114 3115
3 3086 3115 3087
3 3087 3115 3116
3 3087 3116 3088
3 3088 3116 3117
3 3088 3117 3089
3 3089 3117 3118
3 3089 3118 3090
3 3090 3118 3119
3 3090 3119 3091
3 3091 3119 3120
3 3091 3120 3092
3 3092 3120 3121
3 3092 3121 3093
3 3093 3121 3122
3 3093 3122 3094
3 3094 3122 3123
3 3094 3123 3095
3 3095 3123 3124
3 3095 3124 3096
3 3096 3124 3125
3 3096 3125 3097
3 3097 3125 3126
3 3097 3126 3098
3 3098 3126 3127
3 3098 3127 3099
3 3099 3127 3128
3 3099 3128 3100
3 3100 3128 3129
3 3100 3129 3101
3 3101 3129 3130
3 3101 3130 3102
3 3102 3130 3131
3 3103 3132 3104
3 3104 3132 3133
3 3104 3133 3105
3 3105 3133 3134
3 3105 3134 3106
3 3106 3134 3135
3 3106 3135 3107
3 3107 3135 3136
3 3107 3136 3108
3 3108 3136 3137
3 3108 3137 3109
3 3109 3137 3138
3 3109 3138 3110
3 3110 3138 3139
3 3110 3139 3111
3 3111 3139 3140
3 3111 3140 3112
3 3112 3140 3141
3 3112 3141 3113
3 3113 3141 3142
3 3113 3142 3114
3 3114 3142 3143
3 3114 3143 3115
3 3115 3143 3144
3 3115 3144 3116
3 3116 3144 3145
3 3116 3145 3117
3 3117 3145 3146
3 3117 3146 3118
3 3118 3146 3147
3 3118 3147 3119
3 3119 3147 3148
3 3119 3148 3120
3 3120 3148 3149
3 3120 3149 3121
3 3121 3149 3150
3 3121 3150 3122
3 3122 3150 3151
3 3122 3151 3123
3 3123 3151 3152
3 3123 3152 3124
3 3124 3152 3153
3 3124 3153 3125
3 3125 3153 3154
3 3125 3154 3126
3 3126 3154 3155
3 3126 3155 3127
3 3127 3155 3156
3 3127 3156 3128
3 3128 3156 3157
3 3128 3157 3129
3 3129 3157 3158
3 3129 3158 3130
3 3130 3158 3159
3 3130 3159 3131
3 3131 3159 3160
3 3132 3161 3133
3 3133 3161 3162
3 3133 3162 3134
3 3134 3162 3163
3 3134 3163 3135
3 3135 3163 3164
3 3135 3164 3136
3 3136 3164 3165
3 3136 3165 3137
3 3137 3165 3166
3 3137 3166 3138
3 3138 3166 3167
3 3138 3167 3139
3 3139 3167 3168
3 3139 3168 3140
3 3140 3168 3169
3 3140 3169 3141
3 3141 3169 3170
3 3141 3170 3142
3 3142 3170 3171
3 3142 3171 3143
3 3143 3171 3172
3 3143 3172 3144
3 3144 3172 3173
3 3144 3173 3145
3 3145 3173 3174
3 3145 3174 3146
3 3146 3174 3175
3 3146 3175 3147
3 3147 3175 3176
3 3147 3176 3148
3 3148 3176 3177
3 3148 3177 3149
3 3149 3177 3178
3 3149 3178 3150
3 3150 3178 3179
3 3150 3179 3151
3 3151 3179 3180
3 3151 3180 3152
3 3152 3180 3181
3 3152 3181 3153
3 3153 3181 3182
3 3153 3182 3154
3 3154 3182 3183
3 3154 3183 3155
3 3155 3183 3184
3 3155 3184 3156
3 3156 3184 3185
3 3156 3185 3157
3 3157 3185 3186
3 3157 3186 3158
3 3158 3186 3187
3 3158 3187 3159
3 3159 3187 3188
3 3159 3188 3160
3 3160 3188 3189
3 3161 3190 3162
3 3162 3190 3191
3 3162 3191 3163
3 3163 3191 3192
3 3163 3192 3164
3 3164 3192 3193
3 3164 3193 3165
3 3165 3193 3194
3 3165 3194 3166
3 3166 3194 3195
3 3166 3195 3167
3 3167 3195 3196
3 3167 3196 3168
3 3168 3196 3197
3 3168 3197 3169
3 3169 3197 3198
3 3169 3198 3170
3 3170 3198 3199
3 3170 3199 3171
3 3171 3199 3200
3 3171 3200 3172
3 3172 3200 3201
3 3172 3201 3173
3 3173 3201 3202
3 3173 3202 3174
3 3174 3202 3203
3 3174 3203 3175
3 3175 3203 3204
3 3175 3204 3176
3 3176 3204 3205
3 3176 3205 3177
3 3177 3205 3206
3 3177 3206 3178
3 3178 3206 3207
3 3178 3207 3179
3 3179 3207 3208
3 3179 3208 3180
3 3180 3208 3209
3 3180 3209 3181
3 3181 3209 3210
3 3181 3210 3182
3 3182 3210 3211
3 3182 3211 3183
3 3183 3211 3212
3 3183 3212 3184
3 3184 3212 3213
3 3184 3213 3185
3 3185 3213 3214
3 3185 3214 3186
3 3186 3214 3215
3 3186 3215 3187
3 3187 3215 3216
3 3187 3216 3188
3 3188 3216 3217
3 3188 3217 3189
3 3189 3217 3218
3 3190 3219 3191
3 3191 3219 3220
3 3191 3220 3192
3 3192 3220 3221
3 3192 3221 3193
3 3193 3221 3222
3 3193 3222 3194
3 3194 3222 3223
3 3194 3223 3195
3 3195 3223 3224
3 3195 3224 3196
3 3196 3224 3225
3 3196 3225 3197
3 3197 3225 3226
3 3197 3226 3198
3 3198 3226 3227
3 3198 3227 3199
3 3199 3227 3228
3 3199 3228 3200
3 3200 3228 3229
3 3200 3229 3201
3 3201 3229 3230
3 3201 3230 3202
3 3202 3230 3231
3 3202 3231 3203
3 3203 3231 3232
3 3203 3232 3204
3 3204 3232 3233
3 3204 3233 3205
3 3205 3233 3234
3 3205 3234 3206
3 3206 3234 3235
3 3206 3235 3207
3 3207 3235 3236
3 3207 3236 3208
3 3208 3236 3237
3 3208 3237 3209
3 3209 3237 3238
3 3209 3238 3210
3 3210 3238 3239
3 3210 3239 3211
3 3211 3239 3240
3 3211 3240 3212
3 3212 3240 3241
3 3212 3241 3213
3 3213 3241 3242
3 3213 3242 3214
3 3214 3242 3243
3 3214 3243 3215
3 3215 3243 3244
3 3215 3244 3216
3 3216 3244 3245
3 3216 3245 3217
3 3217 3245 3246
3 3217 3246 3218
3 3218 3246 3247
3 3219 3248 3220
3 3220 3248 3249
3 3220 3249 3221
3 3221 3249 3250
3 3221 3250 3222
3 3222 3250 3251
3 3222 3251 3223
3 3223 3251 3252
3 3223 3252 3224
3 3224 3252 3253
3 3224 3253 3225
3 3225 3253 3254
3 3225 3254 3226
3 3226 3254 3255
3 3226 3255 3227
3 3227 3255 3256
3 3227 3256 3228
3 3228 3256 3257
3 3228 3257 3229
3 3229 3257 3258
3 3229 3258 3230
3 3230 3258 3259
3 3230 3259 3231
3 3231 3259 3260
3 3231 3260 3232
3 3232 3260 3261
3 3232 3261 3233
3 3233 3261 3262
3 3233 3262 3234
3 3234 3262 3263
3 3234 3263 3235
3 3235 3263 3264
3 3235 3264 3236
3 3236 3264 3265
3 3236 3265 3237
3 3237 3265 3266
3 3237 3266 3238
3 3238 3266 3267
3 3238 3267 3239
3 3239 3267 3268
3 3239 3268 3240
3 3240 3268 3269
3 3240 3269 3241
3 3241 3269 3270
3 3241 3270 3242
3 3242 3270 3271
3 3242 3271 3243
3 3243 3271 3272
3 3243 3272 3244
3 3244 3272 3273
3 3244 3273 3245
3 3245 3273 3274
3 3245 3274 3246
3 3246 3274 3275
3 3246 3275 3247
3 3247 3275 3276
3 3248 3277 3249
3 3249 3277 3278
3 3249 3278 3250
3 3250 3278 3279
3 3250 3279 3251
3 3251 3279 3280
3 3251 3280 3252
3 3252 3280 3281
3 3252 3281 3253
3 3253 3281 3282
3 3253 3282 3254
3 3254 3282 3283
3 3254 3283 3255
3 3255 3283 3284
3 3255 3284 3256
3 3256 3284 3285
3 3256 3285 3257
3 3257 3285 3286
3 3257 3286 3258
3 3258 3286 3287
3 3258 3287 3259
3 3259 3287 3288
3 3259 3288 3260
3 3260 3288 3289
3 3260 3289 3261
3 3261 3289 3290
3 3261 3290 3262
3 3262 3290 3291
3 3262 3291 3263
3 3263 3291 3292
3 3263 3292 3264
3 3264 3292 3293
3 3264 3293 3265
3 3265 3293 3294
3 3265 3294 3266
3 3266 3294 3295
3 3266 3295 3267
3 3267 3295 3296
3 3267 3296 3268
3 3268 3296 3297
3 3268 3297 3269
3 3269 3297 3298
3 3269 3298 3270
3 3270 3298 3299
3 3270 3299 3271
3 3271 3299 3300
3 3271 3300 3272
3 3272 3300 3301
3 3272 3301 3273
3 3273 3301 3302
3 3273 3302 3274
3 3274 3302 3303
3 3274 3303 3275
3 3275 3303 3304
3 3275 3304 3276
3 3276 3304 3305
3 3277 3306 3278
3 3278 3306 3307
3 3278 3307 3279
3 3279 3307 3308
3 3279 3308 3280
3 3280 3308 3309
3 3280 3309 3281
3 3281 3309 3310
3 3281 3310 3282
3 3282 3310 3311
3 3282 3311 3283
3 3283 3311 3312
3 3283 3312 3284
3 3284 3312 3313
3 3284 3313 3285
3 3285 3313 3314
3 3285 3314 3286
3 3286 3314 3315
3 3286 3315 3287
3 3287 3315 3316
3 3287 3316 3288
3 3288 3316 3317
3 3288 3317 3289
3 3289 3317 3318
3 3289 3318 3290
3 3290 3318 3319
3 3290 3319 3291
3 3291 3319 3320
3 3291 3320 3292
3 3292 3320 3321
3 3292 3321 3293
3 3293 3321 3322
3 3293 3322 3294
3 3294 3322 3323
3 3294 3323 3295
3 3295 3323 3324
3 3295 3324 3296
3 3296 3324 3325
3 3296 3325 3297
3 3297 3325 3326
3 3297 3326 3298
3 3298 3326 3327
3 3298 3327 3299
3 3299 3327 3328
3 3299 3328 3300
3 3300 3328 3329
3 3300 3329 3301
3 3301 3329 3330
3 3301 3330 3302
3 3302 3330 3331
3 3302 3331 3303
3 3303 3331 3332
3 3303 3332 3304
3 3304 3332 3333
3 3304 3333 3305
3 3305 3333 3334
3 3306 3335 3307
3 3307 3335 3336
3 3307 3336 3308
3 3308 3336 3337
3 3308 3337 3309
3 3309 3337 3338
3 3309 3338 3310
3 3310 3338 3339
3 3310 3339 3311
3 3311 3339 3340
3 3311 3340 3312
3 3312 3340 3341
3 3312 3341 3313
3 3313 3341 3342
3 3313 3342 3314
3 3314 3342 3343
3 3314 3343 3315
3 3315 3343 3344
3 3315 3344 3316
3 3316 3344 3345
3 3316 3345 3317
3 3317 3345 3346
3 3317 3346 3318
3 3318 3346 3347
3 3318 3347 3319
3 3319 3347 3348
3 3319 3348 3320
3 3320 3348 3349
3 3320 3349 3321
3 3321 3349 3350
3 3321 3350 3322
3 3322 3350 3351
3 3322 3351 3323
3 3323 3351 3352
3 3323 3352 3324
3 3324 3352 3353
3 3324 3353 3325
3 3325 3353 3354
3 3325 3354 3326
3 3326 3354 3355
3 3326 3355 3327
3 3327 3355 3356
3 3327 3356 3328
3 3328 3356 3357
3 3328 3357 3329
3 3329 3357 3358
3 3329 3358 3330
3 3330 3358 3359
3 3330 3359 3331
3 3331 3359 3360
3 3331 3360 3332
3 3332 3360 3361
3 3332 3361 3333
3 3333 3361 3362
3 3333 3362 3334
3 3334 3362 3363
3 3335 3364 3336
3 3336 3364 3365
3 3336 3365 3337
3 3337 3365 3366
3 3337 3366 3338
3 3338 3366 3367
3 3338 3367 3339
3 3339 3367 3368
3 3339 3368 3340
3 3340 3368 3369
3 3340 3369 3341
3 3341 3369 3370
3 3341 3370 3342
3 3342 3370 3371
3 3342 3371 3343
3 3343 3371 3372
3 3343 3372 3344
3 3344 3372 3373
3 3344 3373 3345
3 3345 3373 3374
3 3345 3374 3346
3 3346 3374 3375
3 3346 3375 3347
3 3347 3375 3376
3 3347 3376 3348
3 3348 3376 3377
3 3348 3377 3349
3 3349 3377 3378
3 3349 3378 3350
3 3350 3378 3379
3 3350 3379 3351
3 3351 3379 3380
3 3351 3380 3352
3 3352 3380 3381
3 3352 3381 3353
3 3353 3381 3382
3 3353 3382 3354
3 3354 3382 3383
3 3354 3383 3355
3 3355 3383 3384
3 3355 3384 3356
3 3356 3384 3385
3 3356 3385 3357
3 3357 3385 3386
3 3357 3386 3358
3 3358 3386 3387
3 3358 3387 3359
3 3359 3387 3388
3 3359 3388 3360
3 3360 3388 3389
3 3360 3389 3361
3 3361 3389 3390
3 3361 3390 3362
3 3362 3390 3391
3 3362 3391 3363
3 3363 3391 3392
3 3364 3393 3365
3 3365 3393 3394
3 3365 3394 3366
3 3366 3394 3395
3 3366 3395 3367
3 3367 3395 3396
3 3367 3396 3368
3 3368 3396 3397
3 3368 3397 3369
3 3369 3397 3398
3 3369 3398 3370
3 3370 3398 3399
3 3370 3399 3371
3 3371 3399 3400
3 3371 3400 3372
3 3372 3400 3401
3 3372 3401 3373
3 3373 3401 3402
3 3373 3402 3374
3 3374 3402 3403
3 3374 3403 3375
3 3375 3403 3404
3 3375 3404 3376
3 3376 3404 3405
3 3376 3405 3377
3 3377 3405 3406
3 3377 3406 3378
3 3378 3406 3407
3 3378 3407 3379
3 3379 3407 3408
3 3379 3408 3380
3 3380 3408 3409
3 3380 3409 3381
3 3381 3409 3410
3 3381 3410 3382
3 3382 3410 3411
3 3382 3411 3383
3 3383 3411 3412
3 3383 3412 3384
3 3384 3412 3413
3 3384 3413 3385
3 3385 3413 3414
3 3385 3414 3386
3 3386 3414 3415
3 3386 3415 3387
3 3387 3415 3416
3 3387 3416 3388
3 3388 3416 3417
3 3388 3417 3389
3 3389 3417 3418
3 3389 3418 3390
3 3390 3418 3419
3 3390 3419 3391
3 3391 3419 3420
3 3391 3420 3392
3 3392 3420 3421
3 3393 3422 3394
3 3394 3422 3423
3 3394 3423 3395
3 3395 3423 3424
3 3395 3424 3396
3 3396 3424 3425
3 3396 3425 3397
3 3397 3425 3426
3 3397 3426 3398
3 3398 3426 3427
3 3398 3427 3399
3 3399 3427 3428
3 3399 3428 3400
3 3400 3428 3429
3 3400 3429 3401
3 3401 3429 3430
3 3401 3430 3402
3 3402 3430 3431
3 3402 3431 3403
3 3403 3431 3432
3 3403 3432 3404
3 3404 3432 3433
3 3404 3433 3405
3 3405 3433 3434
3 3405 3434 3406
3 3406 3434 3435
3 3406 3435 3407
3 3407 3435 3436
3 3407 3436 3408
3 3408 3436 3437
3 3408 3437 3409
3 3409 3437 3438
3 3409 3438 3410
3 3410 3438 3439
3 3410 3439 3411
3 3411 3439 3440
3 3411 3440 3412
3 3412 3440 3441
3 3412 3441 3413
3 3413 3441 3442
3 3413 3442 3414
3 3414 3442 3443
3 3414 3443 3415
3 3415 3443 3444
3 3415 3444 3416
3 3416 3444 3445
3 3416 3445 3417
3 3417 3445 3446
3 3417 3446 3418
3 3418 3446 3447
3 3418 3447 3419
3 3419 3447 3448
3 3419 3448 3420
3 3420 3448 3449
3 3420 3449 3421
3 3421 3449 3450
3 3422 3451 3423
3 3423 3451 3452
3 3423 3452 3424
3 3424 3452 3453
3 3424 3453 3425
3 3425 3453 3454
3 3425 3454 3426
3 3426 3454 3455
3 3426 3455 3427
3 3427 3455 3456
3 3427 3456 3428
3 3428 3456 3457
3 3428 3457 3429
3 3429 3457 3458
3 3429 3458 3430
3 3430 3458 3459
3 3430 3459 3431
3 3431 3459 3460
3 3431 3460 3432
3 3432 3460 3461
3 3432 3461 3433
3 3433 3461 3462
3 3433 3462 3434
3 3434 3462 3463
3 3434 3463 3435
3 3435 3463 3464
3 3435 3464 3436
3 3436 3464 3465
3 3436 3465 3437
3 3437 3465 3466
3 3437 3466 3438
3 3438 3466 3467
3 3438 3467 3439
3 3439 3467 3468
3 3439 3468 3440
3 3440 3468 3469
3 3440 3469 3441
3 3441 3469 3470
3 3441 3470 3442
3 3442 3470 3471
3 3442 3471 3443
3 3443 3471 3472
3 3443 3472 3444
3 3444 3472 3473
3 3444 3473 3445
3 3445 3473 3474
3 3445 3474 3446
3 3446 3474 3475
3 3446 3475 3447
3 3447 3475 3476
3 3447 3476 3448
3 3448 3476 3477
3 3448 3477 3449
3 3449 3477 3478
3 3449 3478 3450
3 3450 3478 3479
3 3480 3509 3481
3 3481 3509 3510
3 3481 3510 3482
3 3482 3510 3511
3 3482 3511 3483
3 3483 3511 3512
3 3483 3512 3484
3 3484 3512 3513
3 3484 3513 3485
3 3485 3513 3514
3 3485 3514 3486
3 3486 3514 3515
3 3486 3515 3487
3 3487 3515 3516
3 3487 3516 3488
3 3488 3516 3517
3 3488 3517 3489
3 3489 3517 3518
3 3489 3518 3490
3 3490 3518 3519
3 3490 3519 3491
3 3491 3519 3520
3 3491 3520 3492
3 3492 3520 3521
3 3492 3521 3493
3 3493 3521 3522
3 3493 3522 3494
3 3494 3522 3523
3 3494 3523 3495
3 3495 3523 3524
3 3495 3524 3496
3 3496 3524 3525
3 3496 3525 3497
3 3497 3525 3526
3 3497 3526 3498
3 3498 3526 3527
3 3498 3527 3499
3 3499 3527 3528
3 3499 3528 3500
3 3500 3528 3529
3 3500 3529 3501
3 3501 3529 3530
3 3501 3530 3502
3 3502 3530 3531
3 3502 3531 3503
3 3503 3531 3532
3 3503 3532 3504
3 3504 3532 3533
3 3504 3533 3505
3 3505 3533 3534
3 3505 3534 3506
3 3506 3534 3535
3 3506 3535 3507
3 3507 3535 3536
3 3507 3536 3508
3 3508 3536 3537
3 3509 3538 3510
3 3510 3538 3539
3 3510 3539 3511
3 3511 3539 3540
3 3511 3540 3512
3 3512 3540 3541
3 3512 3541 3513
3 3513 3541 3542
3 3513 3542 3514
3 3514 3542 3543
3 3514 3543 3515
3 3515 3543 3544
3 3515 3544 3516
3 3516 3544 3545
3 3516 3545 3517
3 3517 3545 3546
3 3517 3546 3518
3 3518 3546 3547
3 3518 3547 3519
3 3519 3547 3548
3 3519 3548 3520
3 3520 3548 3549
3 3520 3549 3521
3 3521 3549 3550
3 3521 3550 3522
3 3522 3550 3551
3 3522 3551 3523
3 3523 3551 3552
3 3523 3552 3524
3 3524 3552 3553
3 3524 3553 3525
3 3525 3553 3554
3 3525 3554 3526
3 3526 3554 3555
3 3526 3555 3527
3 3527 3555 3556
3 3527 3556 3528
3 3528 3556 3557
3 3528 3557 3529
3 3529 3557 3558
3 3529 3558 3530
3 3530 3558 3559
3 3530 3559 3531
3 3531 3559 3560
3 3531 3560 3532
3 3532 3560 3561
3 3532 3561 3533
3 3533 3561 3562
3 3533 3562 3534
3 3534 3562 3563
3 3534 3563 3535
3 3535 3563 3564
3 3535 3564 3536
3 3536 3564 3565
3 3536 3565 3537
3 3537 3565 3566
3 3538 3567 3539
3 3539 3567 3568
3 3539 3568 3540
3 3540 3568 3569
3 3540 3569 3541
3 3541 3569 3570
3 3541 3570 3542
3 3542 3570 3571
3 3542 3571 3543
3 3543 3571 3572
3 3543 3572 3544
3 3544 3572 3573
3 3544 3573 3545
3 3545 3573 3574
3 3545 3574 3546
3 3546 3574 3575
3 3546 3575 3547
3 3547 3575 3576
3 3547 3576 3548
3 3548 3576 3577
3 3548 3577 3549
3 3549 3577 3578
3 3549 3578 3550
3 3550 3578 3579
3 3550 3579 3551
3 3551 3579 3580
3 3551 3580 3552
3 3552 3580 3581
3 3552 3581 3553
3 3553 3581 3582
3 3553 3582 3554
3 3554 3582 3583
3 3554 3583 3555
3 3555 3583 3584
3 3555 3584 3556
3 3556 3584 3585
3 3556 3585 3557
3 3557 3585 3586
3 3557 3586 3558
3 3558 3586 3587
3 3558 3587 3559
3 3559 3587 3588
3 3559 3588 3560
3 3560 3588 3589
3 3560 3589 3561
3 3561 3589 3590
3 3561 3590 3562
3 3562 3590 3591
3 3562 3591 3563
3 3563 3591 3592
3 3563 3592 3564
3 3564 3592 3593
3 3564 3593 3565
3 3565 3593 3594
3 3565 3594 3566
3 3566 3594 3595
3 3567 3596 3568
3 3568 3596 3597
3 3568 3597 3569
3 3569 3597 3598
3 3569 3598 3570
3 3570 3598 3599
3 3570 3599 3571
3 3571 3599 3600
3 3571 3600 3572
3 3572 3600 3601
3 3572 3601 3573
3 3573 3601 3602
3 3573 3602 3574
3 3574 3602 3603
3 3574 3603 3575
3 3575 3603 3604
3 3575 3604 3576
3 3576 3604 3605
3 3576 3605 3577
3 3577 3605 3606
3 3577 3606 3578
3 3578 3606 3607
3 3578 3607 3579
3 3579 3607 3608
3 3579 3608 3580
3 3580 3608 3609
3 3580 3609 3581
3 3581 3609 3610
3 3581 3610 3582
3 3582 3610 3611
3 3582 3611 3583
3 3583 3611 3612
3 3583 3612 3584
3 3584 3612 3613
3 3584 3613 3585
3 3585 3613 3614
3 3585 3614 3586
3 3586 3614 3615
3 3586 3615 3587
3 3587 3615 3616
3 3587 3616 3588
3 3588 3616 3617
3 3588 3617 3589
3 3589 3617 3618
3 3589 3618 3590
3 3590 3618 3619
3 3590 3619 3591
3 3591 3619 3620
3 3591 3620 3592
3 3592 3620 3621
3 3592 3621 3593
3 3593 3621 3622
3 3593 3622 3594
3 3594 3622 3623
3 3594 3623 3595
3 3595 3623 3624
3 3596 3625 3597
3 3597 3625 3626
3 3597 3626 3598
3 3598 3626 3627
3 3598 3627 3599
3 3599 3627 3628
3 3599 3628 3600
3 3600 3628 3629
3 3600 3629 3601
3 3601 3629 3630
3 3601 3630 3602
3 3602 3630 3631
3 3602 3631 3603
3 3603 3631 3632
3 3603 3632 3604
3 3604 3632 3633
3 3604 3633 3605
3 3605 3633 3634
3 3605 3634 3606
3 3606 3634 3635
3 3606 3635 3607
3 3607 3635 3636
3 3607 3636 3608
3 3608 3636 3637
3 3608 3637 3609
3 3609 3637 3638
3 3609 3638 3610
3 3610 3638 3639
3 3610 3639 3611
3 3611 3639 3640
3 3611 3640 3612
3 3612 3640 3641
3 3612 3641 3613
3 3613 3641 3642
3 3613 3642 3614
3 3614 3642 3643
3 3614 3643 3615
3 3615 3643 3644
3 3615 3644 3616
3 3616 3644 3645
3 3616 3645 3617
3 3617 3645 3646
3 3617 3646 3618
3 3618 3646 3647
3 3618 3647 3619
3 3619 3647 3648
3 3619 3648 3620
3 3620 3648 3649
3 3620 3649 3621
3 3621 3649 3650
3 3621 3650 3622
3 3622 3650 3651
3 3622 3651 3623
3 3623 3651 3652
3 3623 3652 3624
3 3624 3652 3653
3 3625 3654 3626
3 3626 3654 3655
3 3626 3655 3627
3 3627 3655 3656
3 3627 3656 3628
3 3628 3656 3657
3 3628 3657 3629
3 3629 3657 3658
3 3629 3658 3630
3 3630 3658 3659
3 3630 3659 3631
3 3631 3659 3660
3 3631 3660 3632
3 3632 3660 3661
3 3632 3661 3633
3 3633 3661 3662
3 3633 3662 3634
3 3634 3662 3663
3 3634 3663 3635
3 3635 3663 3664
3 3635 3664 3636
3 3636 3664 3665
3 3636 3665 3637
3 3637 3665 3666
3 3637 3666 3638
3 3638 3666 3667
3 3638 3667 3639
3 3639 3667 3668
3 3639 3668 3640
3 3640 3668 3669
3 3640 3669 3641
3 3641 3669 3670
3 3641 3670 3642
3 3642 3670 3671
3 3642 3671 3643
3 3643 3671 3672
3 3643 3672 3644
3 3644 3672 3673
3 3644 3673 3645
3 3645 3673 3674
3 3645 3674 3646
3 3646 3674 3675
3 3646 3675 3647
3 3647 3675 3676
3 3647 3676 3648
3 3648 3676 3677
3 3648 3677 3649
3 3649 3677 3678
3 3649 3678 3650
3 3650 3678 3679
3 3650 3679 3651
3 3651 3679 3680
3 3651 3680 3652
3 3652 3680 3681
3 3652 3681 3653
3 3653 3681 3682
3 3654 3683 3655
3 3655 3683 3684
3 3655 3684 3656
3 3656 3684 3685
3 3656 3685 3657
3 3657 3685 3686
3 3657 3686 3658
3 3658 3686 3687
3 3658 3687 3659
3 3659 3687 3688
3 3659 3688 3660
3 3660 3688 3689
3 3660 3689 3661
3 3661 3689 3690
3 3661 3690 3662
3 3662 3690 3691
3 3662 3691 3663
3 3663 3691 3692
3 3663 3692 3664
3 3664 3692 3693
3 3664 3693 3665
3 3665 3693 3694
3 3665 3694 3666
3 3666 3694 3695
3 3666 3695 3667
3 3667 3695 3696
3 3667 3696 3668
3 3668 3696 3697
3 3668 3697 3669
3 3669 3697 3698
3 3669 3698 3670
3 3670 3698 3699
3 3670 3699 3671
3 3671 3699 3700
3 3671 3700 3672
3 3672 3700 3701
3 3672 3701 3673
3 3673 3701 3702
3 3673 3702 3674
3 3674 3702 3703
3 3674 3703 3675
3 3675 3703 3704
3 3675 3704 3676
3 3676 3704 3705
3 3676 3705 3677
3 3677 3705 3706
3 3677 3706 3678
3 3678 3706 3707
3 3678 3707 3679
3 3679 3707 3708
3 3679 3708 3680
3 3680 3708 3709
3 3680 3709 3681
3 3681 3709 3710
3 3681 3710 3682
3 3682 3710 3711
3 3683 3712 3684
3 3684 3712 3713
3 3684 3713 3685
3 3685 3713 3714
3 3685 3714 3686
3 3686 3714 3715
3 3686 3715 3687
3 3687 3715 3716
3 3687 3716 3688
3 3688 3716 3717
3 3688 3717 3689
3 3689 3717 3718
3 3689 3718 3690
3 3690 3718 3719
3 3690 3719 3691
3 3691 3719 3720
3 3691 3720 3692
3 3692 3720 3721
3 3692 3721 3693
3 3693 3721 3722
3 3693 3722 3694
3 3694 3722 3723
3 3694 3723 3695
3 3695 3723 3724
3 3695 3724 3696
3 3696 3724 3725
3 3696 3725 3697
3 3697 3725 3726
3 3697 3726 3698
3 3698 3726 3727
3 3698 3727 3699
3 3699 3727 3728
3 3699 3728 3700
3 3700 3728 3729
3 3700 3729 3701
3 3701 3729 3730
3 3701 3730 3702
3 3702 3730 3731
3 3702 3731 3703
3 3703 3731 3732
3 3703 3732 3704
3 3704 3732 3733
3 3704 3733 3705
3 3705 3733 3734
3 3705 3734 3706
3 3706 3734 3735
3 3706 3735 3707
3 3707 3735 3736
3 3707 3736 3708
3 3708 3736 3737
3 3708 3737 3709
3 3709 3737 3738
3 3709 3738 3710
3 3710 3738 3739
3 3710 3739 3711
3 3711 3739 3740
3 3712 3741 3713
3 3713 3741 3742
3 3713 3742 3714
3 3714 3742 3743
3 3714 3743 3715
3 3715 3743 3744
3 3715 3744 3716
3 3716 3744 3745
3 3716 3745 3717
3 3717 3745 3746
3 3717 3746 3718
3 3718 3746 3747
3 3718 3747 3719
3 3719 3747 3748
3 3719 3748 3720
3 3720 3748 3749
3 3720 3749 3721
3 3721 3749 3750
3 3721 3750 3722
3 3722 3750 3751
3 3722 3751 3723
3 3723 3751 3752
3 3723 3752 3724
3 3724 3752 3753
3 3724 3753 3725
3 3725 3753 3754
3 3725 3754 3726
3 3726 3754 3755
3 3726 3755 3727
3 3727 3755 3756
3 3727 3756 3728
3 3728 3756 3757
3 3728 3757 3729
3 3729 3757 3758
3 3729 3758 3730
3 3730 3758 3759
3 3730 3759 3731
3 3731 3759 3760
3 3731 3760 3732
3 3732 3760 3761
3 3732 3761 3733
3 3733 3761 3762
3 3733 3762 3734
3 3734 3762 3763
3 3734 3763 3735
3 3735 3763 3764
3 3735 3764 3736
3 3736 3764 3765
3 3736 3765 3737
3 3737 3765 3766
3 3737 3766 3738
3 3738 3766 3767
3 3738 3767 3739
3 3739 3767 3768
3 3739 3768 3740
3 3740 3768 3769
3 3741 3770 3742
3 3742 3770 3771
3 3742 3771 3743
3 3743 3771 3772
3 3743 3772 3744
3 3744 3772 3773
3 3744 3773 3745
3 3745 3773 3774
3 3745 3774 3746
3 3746 3774 3775
3 3746 3775 3747
3 3747 3775 3776
3 3747 3776 3748
3 3748 3776 3777
3 3748 3777 3749
3 3749 3777 3778
3 3749 3778 3750
3 3750 3778 3779
3 3750 3779 3751
3 3751 3779 3780
3 3751 3780 3752
3 3752 3780 3781
3 3752 3781 3753
3 3753 3781 3782
3 3753 3782 3754
3 3754 3782 3783
3 3754 3783 3755
3 3755 3783 3784
3 3755 3784 3756
3 3756 3784 3785
3 3756 3785 3757
3 3757 3785 3786
3 3757 3786 3758
3 3758 3786 3787
3 3758 3787 3759
3 3759 3787 3788
3 3759 3788 3760
3 3760 3788 3789
3 3760 3789 3761
3 3761 3789 3790
3 3761 3790 3762
3 3762 3790 3791
3 3762 3791 3763
3 3763 3791 3792
3 3763 3792 3764
3 3764 3792 3793
3 3764 3793 3765
3 3765 3793 3794
3 3765 3794 3766
3 3766 3794 3795
3 3766 3795 3767
3 3767 3795 3796
3 3767 3796 3768
3 3768 3796 3797
3 3768 3797 3769
3 3769 3797 3798
3 3770 3799 3771
3 3771 3799 3800
3 3771 3800 3772
3 3772 3800 3801
3 3772 3801 3773
3 3773 3801 3802
3 3773 3802 3774
3 3774 3802 3803
3 3774 3803 3775
3 3775 3803 3804
3 3775 3804 3776
3 3776 3804 3805
3 3776 3805 3777
3 3777 3805 3806
3 3777 3806 3778
3 3778 3806 3807
3 3778 3807 3779
3 3779 3807 3808
3 3779 3808 3780
3 3780 3808 3809
3 3780 3809 3781
3 3781 3809 3810
3 3781 3810 3782
3 3782 3810 3811
3 3782 3811 3783
3 3783 3811 3812
3 3783 3812 3784
3 3784 3812 3813
3 3784 3813 3785
3 3785 3813 3814
3 3785 3814 3786
3 3786 3814 3815
3 3786 3815 3787
3 3787 3815 3816
3 3787 3816 3788
3 3788 3816 3817
3 3788 3817 3789
3 3789 3817 3818
3 3789 3818 3790
3 3790 3818 3819
3 3790 3819 3791
3 3791 3819 3820
3 3791 3820 3792
3 3792 3820 3821
3 3792 3821 3793
3 3793 3821 3822
3 3793 3822 3794
3 3794 3822 3823
3 3794 3823 3795
3 3795 3823 3824
3 3795 3824 3796
3 3796 3824 3825
3 3796 3825 3797
3 3797 3825 3826
3 3797 3826 3798
3 3798 3826 3827
3 3799 3828 3800
3 3800 3828 3829
3 3800 3829 3801
3 3801 3829 3830
3 3801 3830 3802
3 3802 3830 3831
3 3802 3831 3803
3 3803 3831 3832
3 3803 3832 3804
3 3804 3832 3833
3 3804 3833 3805
3 3805 3833 3834
3 3805 3834 3806
3 3806 3834 3835
3 3806 3835 3807
3 3807 3835 3836
3 3807 3836 3808
3 3808 3836 3837
3 3808 3837 3809
3 3809 3837 3838
3 3809 3838 3810
3 3810 3838 3839
3 3810 3839 3811
3 3811 3839 3840
3 3811 3840 3812
3 3812 3840 3841
3 3812 3841 3813
3 3813 3841 3842
3 3813 3842 3814
3 3814 3842 3843
3 3814 3843 3815
3 3815 3843 3844
3 3815 3844 3816
3 3816 3844 3845
3 3816 3845 3817
3 3817 3845 3846
3 3817 3846 3818
3 3818 3846 3847
3 3818 3847 3819
3 3819 3847 3848
3 3819 3848 3820
3 3820 3848 3849
3 3820 3849 3821
3 3821 3849 3850
3 3821 3850 3822
3 3822 3850 3851
3 3822 3851 3823
3 3823 3851 3852
3 3823 3852 3824
3 3824 3852 3853
3 3824 3853 3825
3 3825 3853 3854
3 3825 3854 3826
3 3826 3854 3855
3 3826 3855 3827
3 3827 3855 3856
3 3828 3857 3829
3 3829 3857 3858
3 3829 3858 3830
3 3830 3858 3859
3 3830 3859 3831
3 3831 3859 3860
3 3831 3860 3832
3 3832 3860 3861
3 3832 3861 3833
3 3833 3861 3862
3 3833 3862 3834
3 3834 3862 3863
3 3834 3863 3835
3 3835 3863 3864
3 3835 3864 3836
3 3836 3864 3865
3 3836 3865 3837
3 3837 3865 3866
3 3837 3866 3838
3 3838 3866 3867
3 3838 3867 3839
3 3839 3867 3868
3 3839 3868 3840
3 3840 3868 3869
3 3840 3869 3841
3 3841 3869 3870
3 3841 3870 3842
3 3842 3870 3871
3 3842 3871 3843
3 3843 3871 3872
3 3843 3872 3844
3 3844 3872 3873
3 3844 3873 3845
3 3845 3873 3874
3 3845 3874 3846
3 3846 3874 3875
3 3846 3875 3847
3 3847 3875 3876
3 3847 3876 3848
3 3848 3876 3877
3 3848 3877 3849
3 3849 3877 3878
3 3849 3878 3850
3 3850 3878 3879
3 3850 3879 3851
3 3851 3879 3880
3 3851 3880 3852
3 3852 3880 3881
3 3852 3881 3853
3 3853 3881 3882
3 3853 3882 3854
3 3854 3882 3883
3 3854 3883 3855
3 3855 3883 3884
3 3855 3884 3856
3 3856 3884 3885
3 3857 3886 3858
3 3858 3886 3887
3 3858 3887 3859
3 3859 3887 3888
3 3859 3888 3860
3 3860 3888 3889
3 3860 3889 3861
3 3861 3889 3890
3 3861 3890 3862
3 3862 3890 3891
3 3862 3891 3863
3 3863 3891 3892
3 3863 3892 3864
3 3864 3892 3893
3 3864 3893 3865
3 3865 3893 3894
3 3865 3894 3866
3 3866 3894 3895
3 3866 3895 3867
3 3867 3895 3896
3 3867 3896 3868
3 3868 3896 3897
3 3868 3897 3869
3 3869 3897 3898
3 3869 3898 3870
3 3870 3898 3899
3 3870 3899 3871
3 3871 3899 3900
3 3871 3900 3872
3 3872 3900 3901
3 3872 3901 3873
3 3873 3901 3902
3 3873 3902 3874
3 3874 3902 3903
3 3874 3903 3875
3 3875 3903 3904
3 3875 3904 3876
3 3876 3904 3905
3 3876 3905 3877
3 3877 3905 3906
3 3877 3906 3878
3 3878 3906 3907
3 3878 3907 3879
3 3879 3907 3908
3 3879 3908 3880
3 3880 3908 3909
3 3880 3909 3881
3 3881 3909 3910
3 3881 3910 3882
3 3882 3910 3911
3 3882 3911 3883
3 3883 3911 3912
3 3883 3912 3884
3 3884 3912 3913
3 3884 3913 3885
3 3885 3913 3914
3 3915 3944 3916
3 3916 3944 3945
3 3916 3945 3917
3 3917 3945 3946
3 3917 3946 3918
3 3918 3946 3947
3 3918 3947 3919
3 3919 3947 3948
3 3919 3948 3920
3 3920 3948 3949
3 3920 3949 3921
3 3921 3949 3950
3 3921 3950 3922
3 3922 3950 3951
3 3922 3951 3923
3 3923 3951 3952
3 3923 3952 3924
3 3924 3952 3953
3 3924 3953 3925
3 3925 3953 3954
3 3925 3954 3926
3 3926 3954 3955
3 3926 3955 3927
3 3927 3955 3956
3 3927 3956 3928
3 3928 3956 3957
3 3928 3957 3929
3 3929 3957 3958
3 3929 3958 3930
3 3930 3958 3959
3 3930 3959 3931
3 3931 3959 3960
3 3931 3960 3932
3 3932 3960 3961
3 3932 3961 3933
3 3933 3961 3962
3 3933 3962 3934
3 3934 3962 3963
3 3934 3963 3935
3 3935 3963 3964
3 3935 3964 3936
3 3936 3964 3965
3 3936 3965 3937
3 3937 3965 3966
3 3937 3966 3938
3 3938 3966 3967
3 3938 3967 3939
3 3939 3967 3968
3 3939 3968 3940
3 3940 3968 3969
3 3940 3969 3941
3 3941 3969 3970
3 3941 3970 3942
3 3942 3970 3971
3 3942 3971 3943
3 3943 3971 3972
3 3944 3973 3945
3 3945 3973 3974
3 3945 3974 3946
3 3946 3974 3975
3 3946 3975 3947
3 3947 3975 3976
3 3947 3976 3948
3 3948 3976 3977
3 3948 3977 3949
3 3949 3977 3978
3 3949 3978 3950
3 3950 3978 3979
3 3950 3979 3951
3 3951 3979 3980
3 3951 3980 3952
3 3952 3980 3981
3 3952 3981 3953
3 3953 3981 3982
3 3953 3982 3954
3 3954 3982 3983
3 3954 3983 3955
3 3955 3983 3984
3 3955 3984 3956
3 3956 3984 3985
3 3956 3985 3957
3 3957 3985 3986
3 3957 3986 3958
3 3958 3986 3987
3 3958 3987 3959
3 3959 3987 3988
3 3959 3988 3960
3 3960 3988 3989
3 3960 3989 3961
3 3961 3989 3990
3 3961 3990 3962
3 3962 3990 3991
3 3962 3991 3963
3 3963 3991 3992
3 3963 3992 3964
3 3964 3992 3993
3 3964 3993 3965
3 3965 3993 3994
3 3965 3994 3966
3 3966 3994 3995
3 3966 3995 3967
3 3967 3995 3996
3 3967 3996 3968
3 3968 3996 3997
3 3968 3997 3969
3 3969 3997 3998
3 3969 3998 3970
3 3970 3998 3999
3 3970 3999 3971
3 3971 3999 4000
3 3971 4000 3972
3 3972 4000 4001
3 3973 4002 3974
3 3974 4002 4003
3 3974 4003 3975
3 3975 4003 4004
3 3975 4004 3976
3 3976 4004 4005
3 3976 4005 3977
3 3977 4005 4006
3 3977 4006 3978
3 3978 4006 4007
3 3978 4007 3979
3 3979 4007 4008
3 3979 4008 3980
3 3980 4008 4009
3 3980 4009 3981
3 3981 4009 4010
3 3981 4010 3982
3 3982 4010 4011
3 3982 4011 3983
3 3983 4011 4012
3 3983 4012 3984
3 3984 4012 4013
3 3984 4013 3985
3 3985 4013 4014
3 3985 4014 3986
3 3986 4014 4015
3 3986 4015 3987
3 3987 4015 4016
3 3987 4016 3988
3 3988 4016 4017
3 3988 4017 3989
3 3989 4017 4018
3 3989 4018 3990
3 3990 4018 4019
3 3990 4019 3991
3 3991 4019 4020
3 3991 4020 3992
3 3992 4020 4021
3 3992 4021 3993
3 3993 4021 4022
3 3993 4022 3994
3 3994 4022 4023
3 3994 4023 3995
3 3995 4023 4024
3 3995 4024 3996
3 3996 4024 4025
3 3996 4025 3997
3 3997 4025 4026
3 3997 4026 3998
3 3998 4026 4027
3 3998 4027 3999
3 3999 4027 4028
3 3999 4028 4000
3 4000 4028 4029
3 4000 4029 4001
3 4001 4029 4030
3 4002 4031 4003
3 4003 4031 4032
3 4003 4032 4004
3 4004 4032 4033
3 4004 4033 4005
3 4005 4033 4034
3 4005 4034 4006
3 4006 4034 4035
3 4006 4035 4007
3 4007 4035 4036
3 4007 4036 4008
3 4008 4036 4037
3 4008 4037 4009
3 4009 4037 4038
3 4009 4038 4010
3 4010 4038 4039
3 4010 4039 4011
3 4011 4039 4040
3 4011 4040 4012
3 4012 4040 4041
3 4012 4041 4013
3 4013 4041 4042
3 4013 4042 4014
3 4014 4042 4043
3 4014 4043 4015
3 4015 4043 4044
3 4015 4044 4016
3 4016 4044 4045
3 4016 4045 4017
3 4017 4045 4046
3 4017 4046 4018
3 4018 4046 4047
3 4018 4047 4019
3 4019 4047 4048
3 4019 4048 4020
3 4020 4048 4049
3 4020 4049 4021
3 4021 4049 4050
3 4021 4050 4022
3 4022 4050 4051
3 4022 4051 4023
3 4023 4051 4052
3 4023 4052 4024
3 4024 4052 4053
3 4024 4053 4025
3 4025 4053 4054
3 4025 4054 4026
3 4026 4054 4055
3 4026 4055 4027
3 4027 4055 4056
3 4027 4056 4028
3 4028 4056 4057
3 4028 4057 4029
3 4029 4057 4058
3 4029 4058 4030
3 4030 4058 4059
3 4031 4060 4032
3 4032 4060 4061
3 4032 4061 4033
3 4033 4061 4062
3 4033 4062 4034
3 4034 4062 4063
3 4034 4063 4035
3 4035 4063 4064
3 4035 4064 4036
3 4036 4064 4065
3 4036 4065 4037
3 4037 4065 4066
3 4037 4066 4038
3 4038 4066 4067
3 4038 4067 4039
3 4039 4067 4068
3 4039 4068 4040
3 4040 4068 4069
3 4040 4069 4041
3 4041 4069 4070
3 4041 4070 4042
3 4042 4070 4071
3 4042 4071 4043
3 4043 4071 4072
3 4043 4072 4044
3 4044 4072 4073
3 4044 4073 4045
3 4045 4073 4074
3 4045 4074 4046
3 4046 4074 4075
3 4046 4075 4047
3 4047 4075 4076
3 4047 4076 4048
3 4048 4076 4077
3 4048 4077 4049
3 4049 4077 4078
3 4049 4078 4050
3 4050 4078 4079
3 4050 4079 4051
3 4051 4079 4080
3 4051 4080 4052
3 4052 4080 4081
3 4052 4081 4053
3 4053 4081 4082
3 4053 4082 4054
3 4054 4082 4083
3 4054 4083 4055
3 4055 4083 4084
3 4055 4084 4056
3 4056 4084 4085
3 4056 4085 4057
3 4057 4085 4086
3 4057 4086 4058
3 4058 4086 4087
3 4058 4087 4059
3 4059 4087 4088
3 4060 4089 4061
3 4061 4089 4090
3 4061 4090 4062
3 4062 4090 4091
3 4062 4091 4063
3 4063 4091 4092
3 4063 4092 4064
3 4064 4092 4093
3 4064 4093 4065
3 4065 4093 4094
3 4065 4094 4066
3 4066 4094 4095
3 4066 4095 4067
3 4067 4095 4096
3 4067 4096 4068
3 4068 4096 4097
3 4068 4097 4069
3 4069 4097 4098
3 4069 4098 4070
3 4070 4098 4099
3 4070 4099 4071
3 4071 4099 4100
3 4071 4100 4072
3 4072 4100 4101
3 4072 4101 4073
3 4073 4101 4102
3 4073 4102 4074
3 4074 4102 4103
3 4074 4103 4075
3 4075 4103 4104
3 4075 4104 4076
3 4076 4104 4105
3 4076 4105 4077
3 4077 4105 4106
3 4077 4106 4078
3 4078 4106 4107
3 4078 4107 4079
3 4079 4107 4108
3 4079 4108 4080
3 4080 4108 4109
3 4080 4109 4081
3 4081 4109 4110
3 4081 4110 4082
3 4082 4110 4111
3 4082 4111 4083
3 4083 4111 4112
3 4083 4112 4084
3 4084 4112 4113
3 4084 4113 4085
3 4085 4113 4114
3 4085 4114 4086
3 4086 4114 4115
3 4086 4115 4087
3 4087 4115 4116
3 4087 4116 4088
3 4088 4116 4117
3 4089 4118 4090
3 4090 4118 4119
3 4090 4119 4091
3 4091 4119 4120
3 4091 4120 4092
3 4092 4120 4121
3 4092 4121 4093
3 4093 4121 4122
3 4093 4122 4094
3 4094 4122 4123
3 4094 4123 4095
3 4095 4123 4124
3 4095 4124 4096
3 4096 4124 4125
3 4096 4125 4097
3 4097 4125 4126
3 4097 4126 4098
3 4098 4126 4127
3 4098 4127 4099
3 4099 4127 4128
3 4099 4128 4100
3 4100 4128 4129
3 4100 4129 4101
3 4101 4129 4130
3 4101 4130 4102
3 4102 4130 4131
3 4102 4131 4103
3 4103 4131 4132
3 4103 4132 4104
3 4104 4132 4133
3 4104 4133 4105
3 4105 4133 4134
3 4105 4134 4106
3 4106 4134 4135
3 4106 4135 4107
3 4107 4135 4136
3 4107 4136 4108
3 4108 4136 4137
3 4108 4137 4109
3 4109 4137 4138
3 4109 4138 4110
3 4110 4138 4139
3 4110 4139 4111
3 4111 4139 4140
3 4111 4140 4112
3 4112 4140 4141
3 4112 4141 4113
3 4113 4141 4142
3 4113 4142 4114
3 4114 4142 4143
3 4114 4143 4115
3 4115 4143 4144
3 4115 4144 4116
3 4116 4144 4145
3 4116 4145 4117
3 4117 4145 4146
3 4118 4147 4119
3 4119 4147 4148
3 4119 4148 4120
3 4120 4148 4149
3 4120 4149 4121
3 4121 4149 4150
3 4121 4150 4122
3 4122 4150 4151
3 4122 4151 4123
3 4123 4151 4152
3 4123 4152 4124
3 4124 4152 4153
3 4124 4153 4125
3 4125 4153 4154
3 4125 4154 4126
3 4126 4154 4155
3 4126 4155 4127
3 4127 4155 4156
3 4127 4156 4128
3 4128 4156 4157
3 4128 4157 4129
3 4129 4157 4158
3 4129 4158 4130
3 4130 4158 4159
3 4130 4159 4131
3 4131 4159 4160
3 4131 4160 4132
3 4132 4160 4161
3 4132 4161 4133
3 4133 4161 4162
3 4133 4162 4134
3 4134 4162 4163
3 4134 4163 4135
3 4135 4163 4164
3 4135 4164 4136
3 4136 4164 4165
3 4136 4165 4137
3 4137 4165 4166
3 4137 4166 4138
3 4138 4166 4167
3 4138 4167 4139
3 4139 4167 4168
3 4139 4168 4140
3 4140 4168 4169
3 4140 4169 4141
3 4141 4169 4170
3 4141 4170 4142
3 4142 4170 4171
3 4142 4171 4143
3 4143 4171 4172
3 4143 4172 4144
3 4144 4172 4173
3 4144 4173 4145
3 4145 4173 4174
3 4145 4174 4146
3 4146 4174 4175
3 4147 4176 4148
3 4148 4176 4177
3 4148 4177 4149
3 4149 4177 4178
3 4149 4178 4150
3 4150 4178 4179
3 4150 4179 4151
3 4151 4179 4180
3 4151 4180 4152
3 4152 4180 4181
3 4152 4181 4153
3 4153 4181 4182
3 4153 4182 4154
3 4154 4182 4183
3 4154 4183 4155
3 4155 4183 4184
3 4155 4184 4156
3 4156 4184 4185
3 4156 4185 4157
3 4157 4185 4186
3 4157 4186 4158
3 4158 4186 4187
3 4158 4187 4159
3 4159 4187 4188
3 4159 4188 4160
3 4160 4188 4189
3 4160 4189 4161
3 4161 4189 4190
3 4161 4190 4162
3 4162 4190 4191
3 4162 4191 4163
3 4163 4191 4192
3 4163 4192 4164
3 4164 4192 4193
3 4164 4193 4165
3 4165 4193 4194
3 4165 4194 4166
3 4166 4194 4195
3 4166 4195 4167
3 4167 4195 4196
3 4167 4196 4168
3 4168 4196 4197
3 4168 4197 4169
3 4169 4197 4198
3 4169 4198 4170
3 4170 4198 4199
3 4170 4199 4171
3 4171 4199 4200
3 4171 4200 4172
3 4172 4200 4201
3 4172 4201 4173
3 4173 4201 4202
3 4173 4202 4174
3 4174 4202 4203
3 4174 4203 4175
3 4175 4203 4204
3 4176 4205 4177
3 4177 4205 4206
3 4177 4206 4178
3 4178 4206 4207
3 4178 4207 4179
3 4179 4207 4208
3 4179 4208 4180
3 4180 4208 4209
3 4180 4209 4181
3 4181 4209 4210
3 4181 4210 4182
3 4182 4210 4211
3 4182 4211 4183
3 4183 4211 4212
3 4183 4212 4184
3 4184 4212 4213
3 4184 4213 4185
3 4185 4213 4214
3 4185 4214 4186
3 4186 4214 4215
3 4186 4215 4187
3 4187 4215 4216
3 4187 4216 4188
3 4188 4216 4217
3 4188 4217 4189
3 4189 4217 4218
3 4189 4218 4190
3 4190 4218 4219
3 4190 4219 4191
3 4191 4219 4220
3 4191 4220 4192
3 4192 4220 4221
3 4192 4221 4193
3 4193 4221 4222
3 4193 4222 4194
3 4194 4222 4223
3 4194 4223 4195
3 4195 4223 4224
3 4195 4224 4196
3 4196 4224 4225
3 4196 4225 4197
3 4197 4225 4226
3 4197 4226 4198
3 4198 4226 4227
3 4198 4227 4199
3 4199 4227 4228
3 4199 4228 4200
3 4200 4228 4229
3 4200 4229 4201
3 4201 4229 4230
3 4201 4230 4202
3 4202 4230 4231
3 4202 4231 4203
3 4203 4231 4232
3 4203 4232 4204
3 4204 4232 4233
3 4205 4234 4206
3 4206 4234 4235
3 4206 4235 4207
3 4207 4235 4236
3 4207 4236 4208
3 4208 4236 4237
3 4208 4237 4209
3 4209 4237 4238
3 4209 4238 4210
3 4210 4238 4239
3 4210 4239 4211
3 4211 4239 4240
3 4211 4240 4212
3 4212 4240 4241
3 4212 4241 4213
3 4213 4241 4242
3 4213 4242 4214
3 4214 4242 4243
3 4214 4243 4215
3 4215 4243 4244
3 4215 4244 4216
3 4216 4244 4245
3 4216 4245 4217
3 4217 4245 4246
3 4217 4246 4218
3 4218 4246 4247
3 4218 4247 4219
3 4219 4247 4248
3 4219 4248 4220
3 4220 4248 4249
3 4220 4249 4221
3 4221 4249 4250
3 4221 4250 4222
3 4222 4250 4251
3 4222 4251 4223
3 4223 4251 4252
3 4223 4252 4224
3 4224 4252 4253
3 4224 4253 4225
3 4225 4253 4254
3 4225 4254 4226
3 4226 4254 4255
3 4226 4255 4227
3 4227 4255 4256
3 4227 4256 4228
3 4228 4256 4257
3 4228 4257 4229
3 4229 4257 4258
3 4229 4258 4230
3 4230 4258 4259
3 4230 4259 4231
3 4231 4259 4260
3 4231 4260 4232
3 4232 4260 4261
3 4232 4261 4233
3 4233 4261 4262
3 4234 4263 4235
3 4235 4263 4264
3 4235 4264 4236
3 4236 4264 4265
3 4236 4265 4237
3 4237 4265 4266
3 4237 4266 4238
3 4238 4266 4267
3 4238 4267 4239
3 4239 4267 4268
3 4239 4268 4240
3 4240 4268 4269
3 4240 4269 4241
3 4241 4269 4270
3 4241 4270 4242
3 4242 4270 4271
3 4242 4271 4243
3 4243 4271 4272
3 4243 4272 4244
3 4244 4272 4273
3 4244 4273 4245
3 4245 4273 4274
3 4245 4274 4246
3 4246 4274 4275
3 4246 4275 4247
3 4247 4275 4276
3 4247 4276 4248
3 4248 4276 4277
3 4248 4277 4249
3 4249 4277 4278
3 4249 4278 4250
3 4250 4278 4279
3 4250 4279 4251
3 4251 4279 4280
3 4251 4280 4252
3 4252 4280 4281
3 4252 4281 4253
3 4253 4281 4282
3 4253 4282 4254
3 4254 4282 4283
3 4254 4283 4255
3 4255 4283 4284
3 4255 4284 4256
3 4256 4284 4285
3 4256 4285 4257
3 4257 4285 4286
3 4257 4286 4258
3 4258 4286 4287
3 4258 4287 4259
3 4259 4287 4288
3 4259 4288 4260
3 4260 4288 4289
3 4260 4289 4261
3 4261 4289 4290
3 4261 4290 4262
3 4262 4290 4291
3 4263 4292 4264
3 4264 4292 4293
3 4264 4293 4265
3 4265 4293 4294
3 4265 4294 4266
3 4266 4294 4295
3 4266 4295 4267
3 4267 4295 4296
3 4267 4296 4268
3 4268 4296 4297
3 4268 4297 4269
3 4269 4297 4298
3 4269 4298 4270
3 4270 4298 4299
3 4270 4299 4271
3 4271 4299 4300
3 4271 4300 4272
3 4272 4300 4301
3 4272 4301 4273
3 4273 4301 4302
3 4273 4302 4274
3 4274 4302 4303
3 4274 4303 4275
3 4275 4303 4304
3 4275 4304 4276
3 4276 4304 4305
3 4276 4305 4277
3 4277 4305 4306
3 4277 4306 4278
3 4278 4306 4307
3 4278 4307 4279
3 4279 4307 4308
3 4279 4308 4280
3 4280 4308 4309
3 4280 4309 4281
3 4281 4309 4310
3 4281 4310 4282
3 4282 4310 4311
3 4282 4311 4283
3 4283 4311 4312
3 4283 4312 4284
3 4284 4312 4313
3 4284 4313 4285
3 4285 4313 4314
3 4285 4314 4286
3 4286 4314 4315
3 4286 4315 4287
3 4287 4315 4316
3 4287 4316 4288
3 4288 4316 4317
3 4288 4317 4289
3 4289 4317 4318
3 4289 4318 4290
3 4290 4318 4319
3 4290 4319 4291
3 4291 4319 4320
3 4292 4321 4293
3 4293 4321 4322
3 4293 4322 4294
3 4294 4322 4323
3 4294 4323 4295
3 4295 4323 4324
3 4295 4324 4296
3 4296 4324 4325
3 4296 4325 4297
3 4297 4325 4326
3 4297 4326 4298
3 4298 4326 4327
3 4298 4327 4299
3 4299 4327 4328
3 4299 4328 4300
3 4300 4328 4329
3 4300 4329 4301
3 4301 4329 4330
3 4301 4330 4302
3 4302 4330 4331
3 4302 4331 4303
3 4303 4331 4332
3 4303 4332 4304
3 4304 4332 4333
3 4304 4333 4305
3 4305 4333 4334
3 4305 4334 4306
3 4306 4334 4335
3 4306 4335 4307
3 4307 4335 4336
3 4307 4336 4308
3 4308 4336 4337
3 4308 4337 4309
3 4309 4337 4338
3 4309 4338 4310
3 4310 4338 4339
3 4310 4339 4311
3 4311 4339 4340
3 4311 4340 4312
3 4312 4340 4341
3 4312 4341 4313
3 4313 4341 4342
3 4313 4342 4314
3 4314 4342 4343
3 4314 4343 4315
3 4315 4343 4344
3 4315 4344 4316
3 4316 4344 4345
3 4316 4345 4317
3 4317 4345 4346
3 4317 4346 4318
3 4318 4346 4347
3 4318 4347 4319
3 4319 4347 4348
3 4319 4348 4320
3 4320 4348 4349
3 4350 4379 4351
3 4351 4379 4380
3 4351 4380 4352
3 4352 4380 4381
3 4352 4381 4353
3 4353 4381 4382
3 4353 4382 4354
3 4354 4382 4383
3 4354 4383 4355
3 4355 4383 4384
3 4355 4384 4356
3 4356 4384 4385
3 4356 4385 4357
3 4357 4385 4386
3 4357 4386 4358
3 4358 4386 4387
3 4358 4387 4359
3 4359 4387 4388
3 4359 4388 4360
3 4360 4388 4389
3 4360 4389 4361
3 4361 4389 4390
3 4361 4390 4362
3 4362 4390 4391
3 4362 4391 4363
3 4363 4391 4392
3 4363 4392 4364
3 4364 4392 4393
3 4364 4393 4365
3 4365 4393 4394
3 4365 4394 4366
3 4366 4394 4395
3 4366 4395 4367
3 4367 4395 4396
3 4367 4396 4368
3 4368 4396 4397
3 4368 4397 4369
3 4369 4397 4398
3 4369 4398 4370
3 4370 4398 4399
3 4370 4399 4371
3 4371 4399 4400
3 4371 4400 4372
3 4372 4400 4401
3 4372 4401 4373
3 4373 4401 4402
3 4373 4402 4374
3 4374 4402 4403
3 4374 4403 4375
3 4375 4403 4404
3 4375 4404 4376
3 4376 4404 4405
3 4376 4405 4377
3 4377 4405 4406
3 4377 4406 4378
3 4378 4406 4407
3 4379 4408 4380
3 4380 4408 4409
3 4380 4409 4381
3 4381 4409 4410
3 4381 4410 4382
3 4382 4410 4411
3 4382 4411 4383
3 4383 4411 4412
3 4383 4412 4384
3 4384 4412 4413
3 4384 4413 4385
3 4385 4413 4414
3 4385 4414 4386
3 4386 4414 4415
3 4386 4415 4387
3 4387 4415 4416
3 4387 4416 4388
3 4388 4416 4417
3 4388 4417 4389
3 4389 4417 4418
3 4389 4418 4390
3 4390 4418 4419
3 4390 4419 4391
3 4391 4419 4420
3 4391 4420 4392
3 4392 4420 4421
3 4392 4421 4393
3 4393 4421 4422
3 4393 4422 4394
3 4394 4422 4423
3 4394 4423 4395
3 4395 4423 4424
3 4395 4424 4396
3 4396 4424 4425
3 4396 4425 4397
3 4397 4425 4426
3 4397 4426 4398
3 4398 4426 4427
3 4398 4427 4399
3 4399 4427 4428
3 4399 4428 4400
3 4400 4428 4429
3 4400 4429 4401
3 4401 4429 4430
3 4401 4430 4402
3 4402 4430 4431
3 4402 4431 4403
3 4403 4431 4432
3 4403 4432 4404
3 4404 4432 4433
3 4404 4433 4405
3 4405 4433 4434
3 4405 4434 4406
3 4406 4434 4435
3 4406 4435 4407
3 4407 4435 4436
3 4408 4437 4409
3 4409 4437 4438
3 4409 4438 4410
3 4410 4438 4439
3 4410 4439 4411
3 4411 4439 4440
3 4411 4440 4412
3 4412 4440 4441
3 4412 4441 4413
3 4413 4441 4442
3 4413 4442 4414
3 4414 4442 4443
3 4414 4443 4415
3 4415 4443 4444
3 4415 4444 4416
3 4416 4444 4445
3 4416 4445 4417
3 4417 4445 4446
3 4417 4446 4418
3 4418 4446 4447
3 4418 4447 4419
3 4419 4447 4448
3 4419 4448 4420
3 4420 4448 4449
3 4420 4449 4421
3 4421 4449 4450
3 4421 4450 4422
3 4422 4450 4451
3 4422 4451 4423
3 4423 4451 4452
3 4423 4452 4424
3 4424 4452 4453
3 4424 4453 4425
3 4425 4453 4454
3 4425 4454 4426
3 4426 4454 4455
3 4426 4455 4427
3 4427 4455 4456
3 4427 4456 4428
3 4428 4456 4457
3 4428 4457 4429
3 4429 4457 4458
3 4429 4458 4430
3 4430 4458 4459
3 4430 4459 4431
3 4431 4459 4460
3 4431 4460 4432
3 4432 4460 4461
3 4432 4461 4433
3 4433 4461 4462
3 4433 4462 4434
3 4434 4462 4463
3 4434 4463 4435
3 4435 4463 4464
3 4435 4464 4436
3 4436 4464 4465
3 4437 4466 4438
3 4438 4466 4467
3 4438 4467 4439
3 4439 4467 4468
3 4439 4468 4440
3 4440 4468 4469
3 4440 4469 4441
3 4441 4469 4470
3 4441 4470 4442
3 4442 4470 4471
3 4442 4471 4443
3 4443 4471 4472
3 4443 4472 4444
3 4444 4472 4473
3 4444 4473 4445
3 4445 4473 4474
3 4445 4474 4446
3 4446 4474 4475
3 4446 4475 4447
3 4447 4475 4476
3 4447 4476 4448
3 4448 4476 4477
3 4448 4477 4449
3 4449 4477 4478
3 4449 4478 4450
3 4450 4478 4479
3 4450 4479 4451
3 4451 4479 4480
3 4451 4480 4452
3 4452 4480 4481
3 4452 4481 4453
3 4453 4481 4482
3 4453 4482 4454
3 4454 4482 4483
3 4454 4483 4455
3 4455 4483 4484
3 4455 4484 4456
3 4456 4484 4485
3 4456 4485 4457
3 4457 4485 4486
3 4457 4486 4458
3 4458 4486 4487
3 4458 4487 4459
3 4459 4487 4488
3 4459 4488 4460
3 4460 4488 4489
3 4460 4489 4461
3 4461 4489 4490
3 4461 4490 4462
3 4462 4490 4491
3 4462 4491 4463
3 4463 4491 4492
3 4463 4492 4464
3 4464 4492 4493
3 4464 4493 4465
3 4465 4493 4494
3 4466 4495 4467
3 4467 4495 4496
3 4467 4496 4468
3 4468 4496 4497
3 4468 4497 4469
3 4469 4497 4498
3 4469 4498 4470
3 4470 4498 4499
3 4470 4499 4471
3 4471 4499 4500
3 4471 4500 4472
3 4472 4500 4501
3 4472 4501 4473
3 4473 4501 4502
3 4473 4502 4474
3 4474 4502 4503
3 4474 4503 4475
3 4475 4503 4504
3 4475 4504 4476
3 4476 4504 4505
3 4476 4505 4477
3 4477 4505 4506
3 4477 4506 4478
3 4478 4506 4507
3 4478 4507 4479
3 4479 4507 4508
3 4479 4508 4480
3 4480 4508 4509
3 4480 4509 4481
3 4481 4509 4510
3 4481 4510 4482
3 4482 4510 4511
3 4482 4511 4483
3 4483 4511 4512
3 4483 4512 4484
3 4484 4512 4513
3 4484 4513 4485
3 4485 4513 4514
3 4485 4514 4486
3 4486 4514 4515
3 4486 4515 4487
3 4487 4515 4516
3 4487 4516 4488
3 4488 4516 4517
3 4488 4517 4489
3 4489 4517 4518
3 4489 4518 4490
3 4490 4518 4519
3 4490 4519 4491
3 4491 4519 4520
3 4491 4520 4492
3 4492 4520 4521
3 4492 4521 4493
3 4493 4521 4522
3 4493 4522 4494
3 4494 4522 4523
3 4495 4524 4496
3 4496 4524 4525
3 4496 4525 4497
3 4497 4525 4526
3 4497 4526 4498
3 4498 4526 4527
3 4498 4527 4499
3 4499 4527 4528
3 4499 4528 4500
3 4500 4528 4529
3 4500 4529 4501
3 4501 4529 4530
3 4501 4530 4502
3 4502 4530 4531
3 4502 4531 4503
3 4503 4531 4532
3 4503 4532 4504
3 4504 4532 4533
3 4504 4533 4505
3 4505 4533 4534
3 4505 4534 4506
3 4506 4534 4535
3 4506 4535 4507
3 4507 4535 4536
3 4507 4536 4508
3 4508 4536 4537
3 4508 4537 4509
3 4509 4537 4538
3 4509 4538 4510
3 4510 4538 4539
3 4510 4539 4511
3 4511 4539 4540
3 4511 4540 4512
3 4512 4540 4541
3 4512 4541 4513
3 4513 4541 4542
3 4513 4542 4514
3 4514 4542 4543
3 4514 4543 4515
3 4515 4543 4544
3 4515 4544 4516
3 4516 4544 4545
3 4516 4545 4517
3 4517 4545 4546
3 4517 4546 4518
3 4518 4546 4547
3 4518 4547 4519
3 4519 4547 4548
3 4519 4548 4520
3 4520 4548 4549
3 4520 4549 4521
3 4521 4549 4550
3 4521 4550 4522
3 4522 4550 4551
3 4522 4551 4523
3 4523 4551 4552
3 4524 4553 4525
3 4525 4553 4554
3 4525 4554 4526
3 4526 4554 4555
3 4526 4555 4527
3 4527 4555 4556
3 4527 4556 4528
3 4528 4556 4557
3 4528 4557 4529
3 4529 4557 4558
3 4529 4558 4530
3 4530 4558 4559
3 4530 4559 4531
3 4531 4559 4560
3 4531 4560 4532
3 4532 4560 4561
3 4532 4561 4533
3 4533 4561 4562
3 4533 4562 4534
3 4534 4562 4563
3 4534 4563 4535
3 4535 4563 4564
3 4535 4564 4536
3 4536 4564 4565
3 4536 4565 4537
3 4537 4565 4566
3 4537 4566 4538
3 4538 4566 4567
3 4538 4567 4539
3 4539 4567 4568
3 4539 4568 4540
3 4540 4568 4569
3 4540 4569 4541
3 4541 4569 4570
3 4541 4570 4542
3 4542 4570 4571
3 4542 4571 4543
3 4543 4571 4572
3 4543 4572 4544
3 4544 4572 4573
3 4544 4573 4545
3 4545 4573 4574
3 4545 4574 4546
3 4546 4574 4575
3 4546 4575 4547
3 4547 4575 4576
3 4547 4576 4548
3 4548 4576 4577
3 4548 4577 4549
3 4549 4577 4578
3 4549 4578 4550
3 4550 4578 4579
3 4550 4579 4551
3 4551 4579 4580
3 4551 4580 4552
3 4552 4580 4581
3 4553 4582 4554
3 4554 4582 4583
3 4554 4583 4555
3 4555 4583 4584
3 4555 4584 4556
3 4556 4584 4585
3 4556 4585 4557
3 4557 4585 4586
3 4557 4586 4558
3 4558 4586 4587
3 4558 4587 4559
3 4559 4587 4588
3 4559 4588 4560
3 4560 4588 4589
3 4560 4589 4561
3 4561 4589 4590
3 4561 4590 4562
3 4562 4590 4591
3 4562 4591 4563
3 4563 4591 4592
3 4563 4592 4564
3 4564 4592 4593
3 4564 4593 4565
3 4565 4593 4594
3 4565 4594 4566
3 4566 4594 4595
3 4566 4595 4567
3 4567 4595 4596
3 4567 4596 4568
3 4568 4596 4597
3 4568 4597 4569
3 4569 4597 4598
3 4569 4598 4570
3 4570 4598 4599
3 4570 4599 4571
3 4571 4599 4600
3 4571 4600 4572
3 4572 4600 4601
3 4572 4601 4573
3 4573 4601 4602
3 4573 4602 4574
3 4574 4602 4603
3 4574 4603 4575
3 4575 4603 4604
3 4575 4604 4576
3 4576 4604 4605
3 4576 4605 4577
3 4577 4605 4606
3 4577 4606 4578
3 4578 4606 4607
3 4578 4607 4579
3 4579 4607 4608
3 4579 4608 4580
3 4580 4608 4609
3 4580 4609 4581
3 4581 4609 4610
3 4582 4611 4583
3 4583 4611 4612
3 4583 4612 4584
3 4584 4612 4613
3 4584 4613 4585
3 4585 4613 4614
3 4585 4614 4586
3 4586 4614 4615
3 4586 4615 4587
3 4587 4615 4616
3 4587 4616 4588
3 4588 4616 4617
3 4588 4617 4589
3 4589 4617 4618
3 4589 4618 4590
3 4590 4618 4619
3 4590 4619 4591
3 4591 4619 4620
3 4591 4620 4592
3 4592 4620 4621
3 4592 4621 4593
3 4593 4621 4622
3 4593 4622 4594
3 4594 4622 4623
3 4594 4623 4595
3 4595 4623 4624
3 4595 4624 4596
3 4596 4624 4625
3 4596 4625 4597
3 4597 4625 4626
3 4597 4626 4598
3 4598 4626 4627
3 4598 4627 4599
3 4599 4627 4628
3 4599 4628 4600
3 4600 4628 4629
3 4600 4629 4601
3 4601 4629 4630
3 4601 4630 4602
3 4602 4630 4631
3 4602 4631 4603
3 4603 4631 4632
3 4603 4632 4604
3 4604 4632 4633
3 4604 4633 4605
3 4605 4633 4634
3 4605 4634 4606
3 4606 4634 4635
3 4606 4635 4607
3 4607 4635 4636
3 4607 4636 4608
3 4608 4636 4637
3 4608 4637 4609
3 4609 4637 4638
3 4609 4638 4610
3 4610 4638 4639
3 4611 4640 4612
3 4612 4640 4641
3 4612 4641 4613
3 4613 4641 4642
3 4613 4642 4614
3 4614 4642 4643
3 4614 4643 4615
3 4615 4643 4644
3 4615 4644 4616
3 4616 4644 4645
3 4616 4645 4617
3 4617 4645 4646
3 4617 4646 4618
3 4618 4646 4647
3 4618 4647 4619
3 4619 4647 4648
3 4619 4648 4620
3 4620 4648 4649
3 4620 4649 4621
3 4621 4649 4650
3 4621 4650 4622
3 4622 4650 4651
3 4622 4651 4623
3 4623 4651 4652
3 4623 4652 4624
3 4624 4652 4653
3 4624 4653 4625
3 4625 4653 4654
3 4625 4654 4626
3 4626 4654 4655
3 4626 4655 4627
3 4627 4655 4656
3 4627 4656 4628
3 4628 4656 4657
3 4628 4657 4629
3 4629 4657 4658
3 4629 4658 4630
3 4630 4658 4659
3 4630 4659 4631
3 4631 4659 4660
3 4631 4660 4632
3 4632 4660 4661
3 4632 4661 4633
3 4633 4661 4662
3 4633 4662 4634
3 4634 4662 4663
3 4634 4663 4635
3 4635 4663 4664
3 4635 4664 4636
3 4636 4664 4665
3 4636 4665 4637
3 4637 4665 4666
3 4637 4666 4638
3 4638 4666 4667
3 4638 4667 4639
3 4639 4667 4668
3 4640 4669 4641
3 4641 4669 4670
3 4641 4670 4642
3 4642 4670 4671
3 4642 4671 4643
3 4643 4671 4672
3 4643 4672 4644
3 4644 4672 4673
3 4644 4673 4645
3 4645 4673 4674
3 4645 4674 4646
3 4646 4674 4675
3 4646 4675 4647
3 4647 4675 4676
3 4647 4676 4648
3 4648 4676 4677
3 4648 4677 4649
3 4649 4677 4678
3 4649 4678 4650
3 4650 4678 4679
3 4650 4679 4651
3 4651 4679 4680
3 4651 4680 4652
3 4652 4680 4681
3 4652 4681 4653
3 4653 4681 4682
3 4653 4682 4654
3 4654 4682 4683
3 4654 4683 4655
3 4655 4683 4684
3 4655 4684 4656
3 4656 4684 4685
3 4656 4685 4657
3 4657 4685 4686
3 4657 4686 4658
3 4658 4686 4687
3 4658 4687 4659
3 4659 4687 4688
3 4659 4688 4660
3 4660 4688 4689
3 4660 4689 4661
3 4661 4689 4690
3 4661 4690 4662
3 4662 4690 4691
3 4662 4691 4663
3 4663 4691 4692
3 4663 4692 4664
3 4664 4692 4693
3 4664 4693 4665
3 4665 4693 4694
3 4665 4694 4666
3 4666 4694 4695
3 4666 4695 4667
3 4667 4695 4696
3 4667 4696 4668
3 4668 4696 4697
3 4669 4698 4670
3 4670 4698 4699
3 4670 4699 4671
3 4671 4699 4700
3 4671 4700 4672
3 4672 4700 4701
3 4672 4701 4673
3 4673 4701 4702
3 4673 4702 4674
3 4674 4702 4703
3 4674 4703 4675
3 4675 4703 4704
3 4675 4704 4676
3 4676 4704 4705
3 4676 4705 4677
3 4677 4705 4706
3 4677 4706 4678
3 4678 4706 4707
3 4678 4707 4679
3 4679 4707 4708
3 4679 4708 4680
3 4680 4708 4709
3 4680 4709 4681
3 4681 4709 4710
3 4681 4710 4682
3 4682 4710 4711
3 4682 4711 4683
3 4683 4711 4712
3 4683 4712 4684
3 4684 4712 4713
3 4684 4713 4685
3 4685 4713 4714
3 4685 4714 4686
3 4686 4714 4715
3 4686 4715 4687
3 4687 4715 4716
3 4687 4716 4688
3 4688 4716 4717
3 4688 4717 4689
3 4689 4717 4718
3 4689 4718 4690
3 4690 4718 4719
3 4690 4719 4691
3 4691 4719 4720
3 4691 4720 4692
3 4692 4720 4721
3 4692 4721 4693
3 4693 4721 4722
3 4693 4722 4694
3 4694 4722 4723
3 4694 4723 4695
3 4695 4723 4724
3 4695 4724 4696
3 4696 4724 4725
3 4696 4725 4697
3 4697 4725 4726
3 4698 4727 4699
3 4699 4727 4728
3 4699 4728 4700
3 4700 4728 4729
3 4700 4729 4701
3 4701 4729 4730
3 4701 4730 4702
3 4702 4730 4731
3 4702 4731 4703
3 4703 4731 4732
3 4703 4732 4704
3 4704 4732 4733
3 4704 4733 4705
3 4705 4733 4734
3 4705 4734 4706
3 4706 4734 4735
3 4706 4735 4707
3 4707 4735 4736
3 4707 4736 4708
3 4708 4736 4737
3 4708 4737 4709
3 4709 4737 4738
3 4709 4738 4710
3 4710 4738 4739
3 4710 4739 4711
3 4711 4739 4740
3 4711 4740 4712
3 4712 4740 4741
3 4712 4741 4713
3 4713 4741 4742
3 4713 4742 4714
3 4714 4742 4743
3 4714 4743 4715
3 4715 4743 4744
3 4715 4744 4716
3 4716 4744 4745
3 4716 4745 4717
3 4717 4745 4746
3 4717 4746 4718
3 4718 4746 4747
3 4718 4747 4719
3 4719 4747 4748
3 4719 4748 4720
3 4720 4748 4749
3 4720 4749 4721
3 4721 4749 4750
3 4721 4750 4722
3 4722 4750 4751
3 4722 4751 4723
3 4723 4751 4752
3 4723 4752 4724
3 4724 4752 4753
3 4724 4753 4725
3 4725 4753 4754
3 4725 4754 4726
3 4726 4754 4755
3 4727 4756 4728
3 4728 4756 4757
3 4728 4757 4729
3 4729 4757 4758
3 4729 4758 4730
3 4730 4758 4759
3 4730 4759 4731
3 4731 4759 4760
3 4731 4760 4732
3 4732 4760 4761
3 4732 4761 4733
3 4733 4761 4762
3 4733 4762 4734
3 4734 4762 4763
3 4734 4763 4735
3 4735 4763 4764
3 4735 4764 4736
3 4736 4764 4765
3 4736 4765 4737
3 4737 4765 4766
3 4737 4766 4738
3 4738 4766 4767
3 4738 4767 4739
3 4739 4767 4768
3 4739 4768 4740
3 4740 4768 4769
3 4740 4769 4741
3 4741 4769 4770
3 4741 4770 4742
3 4742 4770 4771
3 4742 4771 4743
3 4743 4771 4772
3 4743 4772 4744
3 4744 4772 4773
3 4744 4773 4745
3 4745 4773 4774
3 4745 4774 4746
3 4746 4774 4775
3 4746 4775 4747
3 4747 4775 4776
3 4747 4776 4748
3 4748 4776 4777
3 4748 4777 4749
3 4749 4777 4778
3 4749 4778 4750
3 4750 4778 4779
3 4750 4779 4751
3 4751 4779 4780
3 4751 4780 4752
3 4752 4780 4781
3 4752 4781 4753
3 4753 4781 4782
3 4753 4782 4754
3 4754 4782 4783
3 4754 4783 4755
3 4755 4783 4784
3 4785 4814 4786
3 4786 4814 4815
3 4786 4815 4787
3 4787 4815 4816
3 4787 4816 4788
3 4788 4816 4817
3 4788 4817 4789
3 4789 4817 4818
3 4789 4818 4790
3 4790 4818 4819
3 4790 4819 4791
3 4791 4819 4820
3 4791 4820 4792
3 4792 4820 4821
3 4792 4821 4793
3 4793 4821 4822
3 4793 4822 4794
3 4794 4822 4823
3 4794 4823 4795
3 4795 4823 4824
3 4795 4824 4796
3 4796 4824 4825
3 4796 4825 4797
3 4797 4825 4826
3 4797 4826 4798
3 4798 4826 4827
3 4798 4827 4799
3 4799 4827 4828
3 4799 4828 4800
3 4800 4828 4829
3 4800 4829 4801
3 4801 4829 4830
3 4801 4830 4802
3 4802 4830 4831
3 4802 4831 4803
3 4803 4831 4832
3 4803 4832 4804
3 4804 4832 4833
3 4804 4833 4805
3 4805 4833 4834
3 4805 4834 4806
3 4806 4834 4835
3 4806 4835 4807
3 4807 4835 4836
3 4807 4836 4808
3 4808 4836 4837
3 4808 4837 4809
3 4809 4837 4838
3 4809 4838 4810
3 4810 4838 4839
3 4810 4839 4811
3 4811 4839 4840
3 4811 4840 4812
3 4812 4840 4841
3 4812 4841 4813
3 4813 4841 4842
3 4814 4843 4815
3 4815 4843 4844
3 4815 4844 4816
3 4816 4844 4845
3 4816 4845 4817
3 4817 4845 4846
3 4817 4846 4818
3 4818 4846 4847
3 4818 4847 4819
3 4819 4847 4848
3 4819 4848 4820
3 4820 4848 4849
3 4820 4849 4821
3 4821 4849 4850
3 4821 4850 4822
3 4822 4850 4851
3 4822 4851 4823
3 4823 4851 4852
3 4823 4852 4824
3 4824 4852 4853
3 4824 4853 4825
3 4825 4853 4854
3 4825 4854 4826
3 4826 4854 4855
3 4826 4855 4827
3 4827 4855 4856
3 4827 4856 4828
3 4828 4856 4857
3 4828 4857 4829
3 4829 4857 4858
3 4829 4858 4830
3 4830 4858 4859
3 4830 4859 4831
3 4831 4859 4860
3 4831 4860 4832
3 4832 4860 4861
3 4832 4861 4833
3 4833 4861 4862
3 4833 4862 4834
3 4834 4862 4863
3 4834 4863 4835
3 4835 4863 4864
3 4835 4864 4836
3 4836 4864 4865
3 4836 4865 4837
3 4837 4865 4866
3 4837 4866 4838
3 4838 4866 4867
3 4838 4867 4839
3 4839 4867 4868
3 4839 4868 4840
3 4840 4868 4869
3 4840 4869 4841
3 4841 4869 4870
3 4841 4870 4842
3 4842 4870 4871
3 4843 4872 4844
3 4844 4872 4873
3 4844 4873 4845
3 4845 4873 4874
3 4845 4874 4846
3 4846 4874 4875
3 4846 4875 4847
3 4847 4875 4876
3 4847 4876 4848
3 4848 4876 4877
3 4848 4877 4849
3 4849 4877 4878
3 4849 4878 4850
3 4850 4878 4879
3 4850 4879 4851
3 4851 4879 4880
3 4851 4880 4852
3 4852 4880 4881
3 4852 4881 4853
3 4853 4881 4882
3 4853 4882 4854
3 4854 4882 4883
3 4854 4883 4855
3 4855 4883 4884
3 4855 4884 4856
3 4856 4884 4885
3 4856 4885 4857
3 4857 4885 4886
3 4857 4886 4858
3 4858 4886 4887
3 4858 4887 4859
3 4859 4887 4888
3 4859 4888 4860
3 4860 4888 4889
3 4860 4889 4861
3 4861 4889 4890
3 4861 4890 4862
3 4862 4890 4891
3 4862 4891 4863
3 4863 4891 4892
3 4863 4892 4864
3 4864 4892 4893
3 4864 4893 4865
3 4865 4893 4894
3 4865 4894 4866
3 4866 4894 4895
3 4866 4895 4867
3 4867 4895 4896
3 4867 4896 4868
3 4868 4896 4897
3 4868 4897 4869
3 4869 4897 4898
3 4869 4898 4870
3 4870 4898 4899
3 4870 4899 4871
3 4871 4899 4900
3 4872 4901 4873
3 4873 4901 4902
3 4873 4902 4874
3 4874 4902 4903
3 4874 4903 4875
3 4875 4903 4904
3 4875 4904 4876
3 4876 4904 4905
3 4876 4905 4877
3 4877 4905 4906
3 4877 4906 4878
3 4878 4906 4907
3 4878 4907 4879
3 4879 4907 4908
3 4879 4908 4880
3 4880 4908 4909
3 4880 4909 4881
3 4881 4909 4910
3 4881 4910 4882
3 4882 4910 4911
3 4882 4911 4883
3 4883 4911 4912
3 4883 4912 4884
3 4884 4912 4913
3 4884 4913 4885
3 4885 4913 4914
3 4885 4914 4886
3 4886 4914 4915
3 4886 4915 4887
3 4887 4915 4916
3 4887 4916 4888
3 4888 4916 4917
3 4888 4917 4889
3 4889 4917 4918
3 4889 4918 4890
3 4890 4918 4919
3 4890 4919 4891
3 4891 4919 4920
3 4891 4920 4892
3 4892 4920 4921
3 4892 4921 4893
3 4893 4921 4922
3 4893 4922 4894
3 4894 4922 4923
3 4894 4923 4895
3 4895 4923 4924
3 4895 4924 4896
3 4896 4924 4925
3 4896 4925 4897
3 4897 4925 4926
3 4897 4926 4898
3 4898 4926 4927
3 4898 4927 4899
3 4899 4927 4928
3 4899 4928 4900
3 4900 4928 4929
3 4901 4930 4902
3 4902 4930 4931
3 4902 4931 4903
3 4903 4931 4932
3 4903 4932 4904
3 4904 4932 4933
3 4904 4933 4905
3 4905 4933 4934
3 4905 4934 4906
3 4906 4934 4935
3 4906 4935 4907
3 4907 4935 4936
3 4907 4936 4908
3 4908 4936 4937
3 4908 4937 4909
3 4909 4937 4938
3 4909 4938 4910
3 4910 4938 4939
3 4910 4939 4911
3 4911 4939 4940
3 4911 4940 4912
3 4912 4940 4941
3 4912 4941 4913
3 4913 4941 4942
3 4913 4942 4914
3 4914 4942 4943
3 4914 4943 4915
3 4915 4943 4944
3 4915 4944 4916
3 4916 4944 4945
3 4916 4945 4917
3 4917 4945 4946
3 4917 4946 4918
3 4918 4946 4947
3 4918 4947 4919
3 4919 4947 4948
3 4919 4948 4920
3 4920 4948 4949
3 4920 4949 4921
3 4921 4949 4950
3 4921 4950 4922
3 4922 4950 4951
3 4922 4951 4923
3 4923 4951 4952
3 4923 4952 4924
3 4924 4952 4953
3 4924 4953 4925
3 4925 4953 4954
3 4925 4954 4926
3 4926 4954 4955
3 4926 4955 4927
3 4927 4955 4956
3 4927 4956 4928
3 4928 4956 4957
3 4928 4957 4929
3 4929 4957 4958
3 4930 4959 4931
3 4931 4959 4960
3 4931 4960 4932
3 4932 4960 4961
3 4932 4961 4933
3 4933 4961 4962
3 4933 4962 4934
3 4934 4962 4963
3 4934 4963 4935
3 4935 4963 4964
3 4935 4964 4936
3 4936 4964 4965
3 4936 4965 4937
3 4937 4965 4966
3 4937 4966 4938
3 4938 4966 4967
3 4938 4967 4939
3 4939 4967 4968
3 4939 4968 4940
3 4940 4968 4969
3 4940 4969 4941
3 4941 4969 4970
3 4941 4970 4942
3 4942 4970 4971
3 4942 4971 4943
3 4943 4971 4972
3 4943 4972 4944
3 4944 4972 4973
3 4944 4973 4945
3 4945 4973 4974
3 4945 4974 4946
3 4946 4974 4975
3 4946 4975 4947
3 4947 4975 4976
3 4947 4976 4948
3 4948 4976 4977
3 4948 4977 4949
3 4949 4977 4978
3 4949 4978 4950
3 4950 4978 4979
3 4950 4979 4951
3 4951 4979 4980
3 4951 4980 4952
3 4952 4980 4981
3 4952 4981 4953
3 4953 4981 4982
3 4953 4982 4954
3 4954 4982 4983
3 4954 4983 4955
3 4955 4983 4984
3 4955 4984 4956
3 4956 4984 4985
3 4956 4985 4957
3 4957 4985 4986
3 4957 4986 4958
3 4958 4986 4987
3 4959 4988 4960
3 4960 4988 4989
3 4960 4989 4961
3 4961 4989 4990
3 4961 4990 4962
3 4962 4990 4991
3 4962 4991 4963
3 4963 4991 4992
3 4963 4992 4964
3 4964 4992 4993
3 4964 4993 4965
3 4965 4993 4994
3 4965 4994 4966
3 4966 4994 4995
3 4966 4995 4967
3 4967 4995 4996
3 4967 4996 4968
3 4968 4996 4997
3 4968 4997 4969
3 4969 4997 4998
3 4969 4998 4970
3 4970 4998 4999
3 4970 4999 4971
3 4971 4999 5000
3 4971 5000 4972
3 4972 5000 5001
3 4972 5001 4973
3 4973 5001 5002
3 4973 5002 4974
3 4974 5002 5003
3 4974 5003 4975
3 4975 5003 5004
3 4975 5004 4976
3 4976 5004 5005
3 4976 5005 4977
3 4977 5005 5006
3 4977 5006 4978
3 4978 5006 5007
3 4978 5007 4979
3 4979 5007 5008
3 4979 5008 4980
3 4980 5008 5009
3 4980 5009 4981
3 4981 5009 5010
3 4981 5010 4982
3 4982 5010 5011
3 4982 5011 4983
3 4983 5011 5012
3 4983 5012 4984
3 4984 5012 5013
3 4984 5013 4985
3 4985 5013 5014
3 4985 5014 4986
3 4986 5014 5015
3 4986 5015 4987
3 4987 5015 5016
3 4988 5017 4989
3 4989 5017 5018
3 4989 5018 4990
3 4990 5018 5019
3 4990 5019 4991
3 4991 5019 5020
3 4991 5020 4992
3 4992 5020 5021
3 4992 5021 4993
3 4993 5021 5022
3 4993 5022 4994
3 4994 5022 5023
3 4994 5023 4995
3 4995 5023 5024
3 4995 5024 4996
3 4996 5024 5025
3 4996 5025 4997
3 4997 5025 5026
3 4997 5026 4998
3 4998 5026 5027
3 4998 5027 4999
3 4999 5027 5028
3 4999 5028 5000
3 5000 5028 5029
3 5000 5029 5001
3 5001 5029 5030
3 5001 5030 5002
3 5002 5030 5031
3 5002 5031 5003
3 5003 5031 5032
3 5003 5032 5004
3 5004 5032 5033
3 5004 5033 5005
3 5005 5033 5034
3 5005 5034 5006
3 5006 5034 5035
3 5006 5035 5007
3 5007 5035 5036
3 5007 5036 5008
3 5008 5036 5037
3 5008 5037 5009
3 5009 5037 5038
3 5009 5038 5010
3 5010 5038 5039
3 5010 5039 5011
3 5011 5039 5040
3 5011 5040 5012
3 5012 5040 5041
3 5012 5041 5013
3 5013 5041 5042
3 5013 5042 5014
3 5014 5042 5043
3 5014 5043 5015
3 5015 5043 5044
3 5015 5044 5016
3 5016 5044 5045
3 5017 5046 5018
3 5018 5046 5047
3 5018 5047 5019
3 5019 5047 5048
3 5019 5048 5020
3 5020 5048 5049
3 5020 5049 5021
3 5021 5049 5050
3 5021 5050 5022
3 5022 5050 5051
3 5022 5051 5023
3 5023 5051 5052
3 5023 5052 5024
3 5024 5052 5053
3 5024 5053 5025
3 5025 5053 5054
3 5025 5054 5026
3 5026 5054 5055
3 5026 5055 5027
3 5027 5055 5056
3 5027 5056 5028
3 5028 5056 5057
3 5028 5057 5029
3 5029 5057 5058
3 5029 5058 5030
3 5030 5058 5059
3 5030 5059 5031
3 5031 5059 5060
3 5031 5060 5032
3 5032 5060 5061
3 5032 5061 5033
3 5033 5061 5062
3 5033 5062 5034
3 5034 5062 5063
3 5034 5063 5035
3 5035 5063 5064
3 5035 5064 5036
3 5036 5064 5065
3 5036 5065 5037
3 5037 5065 5066
3 5037 5066 5038
3 5038 5066 5067
3 5038 5067 5039
3 5039 5067 5068
3 5039 5068 5040
3 5040 5068 5069
3 5040 5069 5041
3 5041 5069 5070
3 5041 5070 5042
3 5042 5070 5071
3 5042 5071 5043
3 5043 5071 5072
3 5043 5072 5044
3 5044 5072 5073
3 5044 5073 5045
3 5045 5073 5074
3 5046 5075 5047
3 5047 5075 5076
3 5047 5076 5048
3 5048 5076 5077
3 5048 5077 5049
3 5049 5077 5078
3 5049 5078 5050
3 5050 5078 5079
3 5050 5079 5051
3 5051 5079 5080
3 5051 5080 5052
3 5052 5080 5081
3 5052 5081 5053
3 5053 5081 5082
3 5053 5082 5054
3 5054 5082 5083
3 5054 5083 5055
3 5055 5083 5084
3 5055 5084 5056
3 5056 5084 5085
3 5056 5085 5057
3 5057 5085 5086
3 5057 5086 5058
3 5058 5086 5087
3 5058 5087 5059
3 5059 5087 5088
3 5059 5088 5060
3 5060 5088 5089
3 5060 5089 5061
3 5061 5089 5090
3 5061 5090 5062
3 5062 5090 5091
3 5062 5091 5063
3 5063 5091 5092
3 5063 5092 5064
3 5064 5092 5093
3 5064 5093 5065
3 5065 5093 5094
3 5065 5094 5066
3 5066 5094 5095
3 5066 5095 5067
3 5067 5095 5096
3 5067 5096 5068
3 5068 5096 5097
3 5068 5097 5069
3 5069 5097 5098
3 5069 5098 5070
3 5070 5098 5099
3 5070 5099 5071
3 5071 5099 5100
3 5071 5100 5072
3 5072 5100 5101
3 5072 5101 5073
3 5073 5101 5102
3 5073 5102 5074
3 5074 5102 5103
3 5075 5104 5076
3 5076 5104 5105
3 5076 5105 5077
3 5077 5105 5106
3 5077 5106 5078
3 5078 5106 5107
3 5078 5107 5079
3 5079 5107 5108
3 5079 5108 5080
3 5080 5108 5109
3 5080 5109 5081
3 5081 5109 5110
3 5081 5110 5082
3 5082 5110 5111
3 5082 5111 5083
3 5083 5111 5112
3 5083 5112 5084
3 5084 5112 5113
3 5084 5113 5085
3 5085 5113 5114
3 5085 5114 5086
3 5086 5114 5115
3 5086 5115 5087
3 5087 5115 5116
3 5087 5116 5088
3 5088 5116 5117
3 5088 5117 5089
3 5089 5117 5118
3 5089 5118 5090
3 5090 5118 5119
3 5090 5119 5091
3 5091 5119 5120
3 5091 5120 5092
3 5092 5120 5121
3 5092 5121 5093
3 5093 5121 5122
3 5093 5122 5094
3 5094 5122 5123
3 5094 5123 5095
3 5095 5123 5124
3 5095 5124 5096
3 5096 5124 5125
3 5096 5125 5097
3 5097 5125 5126
3 5097 5126 5098
3 5098 5126 5127
3 5098 5127 5099
3 5099 5127 5128
3 5099 5128 5100
3 5100 5128 5129
3 5100 5129 5101
3 5101 5129 5130
3 5101 5130 5102
3 5102 5130 5131
3 5102 5131 5103
3 5103 5131 5132
3 5104 5133 5105
3 5105 5133 5134
3 5105 5134 5106
3 5106 5134 5135
3 5106 5135 5107
3 5107 5135 5136
3 5107 5136 5108
3 5108 5136 5137
3 5108 5137 5109
3 5109 5137 5138
3 5109 5138 5110
3 5110 5138 5139
3 5110 5139 5111
3 5111 5139 5140
3 5111 5140 5112
3 5112 5140 5141
3 5112 5141 5113
3 5113 5141 5142
3 5113 5142 5114
3 5114 5142 5143
3 5114 5143 5115
3 5115 5143 5144
3 5115 5144 5116
3 5116 5144 5145
3 5116 5145 5117
3 5117 5145 5146
3 5117 5146 5118
3 5118 5146 5147
3 5118 5147 5119
3 5119 5147 5148
3 5119 5148 5120
3 5120 5148 5149
3 5120 5149 5121
3 5121 5149 5150
3 5121 5150 5122
3 5122 5150 5151
3 5122 5151 5123
3 5123 5151 5152
3 5123 5152 5124
3 5124 5152 5153
3 5124 5153 5125
3 5125 5153 5154
3 5125 5154 5126
3 5126 5154 5155
3 5126 5155 5127
3 5127 5155 5156
3 5127 5156 5128
3 5128 5156 5157
3 5128 5157 5129
3 5129 5157 5158
3 5129 5158 5130
3 5130 5158 5159
3 5130 5159 5131
3 5131 5159 5160
3 5131 5160 5132
3 5132 5160 5161
3 5133 5162 5134
3 5134 5162 5163
3 5134 5163 5135
3 5135 5163 5164
3 5135 5164 5136
3 5136 5164 5165
3 5136 5165 5137
3 5137 5165 5166
3 5137 5166 5138
3 5138 5166 5167
3 5138 5167 5139
3 5139 5167 5168
3 5139 5168 5140
3 5140 5168 5169
3 5140 5169 5141
3 5141 5169 5170
3 5141 5170 5142
3 5142 5170 5171
3 5142 5171 5143
3 5143 5171 5172
3 5143 5172 5144
3 5144 5172 5173
3 5144 5173 5145
3 5145 5173 5174
3 5145 5174 5146
3 5146 5174 5175
3 5146 5175 5147
3 5147 5175 5176
3 5147 5176 5148
3 5148 5176 5177
3 5148 5177 5149
3 5149 5177 5178
3 5149 5178 5150
3 5150 5178 5179
3 5150 5179 5151
3 5151 5179 5180
3 5151 5180 5152
3 5152 5180 5181
3 5152 5181 5153
3 5153 5181 5182
3 5153 5182 5154
3 5154 5182 5183
3 5154 5183 5155
3 5155 5183 5184
3 5155 5184 5156
3 5156 5184 5185
3 5156 5185 5157
3 5157 5185 5186
3 5157 5186 5158
3 5158 5186 5187
3 5158 5187 5159
3 5159 5187 5188
3 5159 5188 5160
3 5160 5188 5189
3 5160 5189 5161
3 5161 5189 5190
3 5162 5191 5163
3 5163 5191 5192
3 5163 5192 5164
3 5164 5192 5193
3 5164 5193 5165
3 5165 5193 5194
3 5165 5194 5166
3 5166 5194 5195
3 5166 5195 5167
3 5167 5195 5196
3 5167 5196 5168
3 5168 5196 5197
3 5168 5197 5169
3 5169 5197 5198
3 5169 5198 5170
3 5170 5198 5199
3 5170 5199 5171
3 5171 5199 5200
3 5171 5200 5172
3 5172 5200 5201
3 5172 5201 5173
3 5173 5201 5202
3 5173 5202 5174
3 5174 5202 5203
3 5174 5203 5175
3 5175 5203 5204
3 5175 5204 5176
3 5176 5204 5205
3 5176 5205 5177
3 5177 5205 5206
3 5177 5206 5178
3 5178 5206 5207
3 5178 5207 5179
3 5179 5207 5208
3 5179 5208 5180
3 5180 5208 5209
3 5180 5209 5181
3 5181 5209 5210
3 5181 5210 5182
3 5182 5210 5211
3 5182 5211 5183
3 5183 5211 5212
3 5183 5212 5184
3 5184 5212 5213
3 5184 5213 5185
3 5185 5213 5214
3 5185 5214 5186
3 5186 5214 5215
3 5186 5215 5187
3 5187 5215 5216
3 5187 5216 5188
3 5188 5216 5217
3 5188 5217 5189
3 5189 5217 5218
3 5189 5218 5190
3 5190 5218 5219
3 5220 5249 5221
3 5221 5249 5250
3 5221 5250 5222
3 5222 5250 5251
3 5222 5251 5223
3 5223 5251 5252
3 5223 5252 5224
3 5224 5252 5253
3 5224 5253 5225
3 5225 5253 5254
3 5225 5254 5226
3 5226 5254 5255
3 5226 5255 5227
3 5227 5255 5256
3 5227 5256 5228
3 5228 5256 5257
3 5228 5257 5229
3 5229 5257 5258
3 5229 5258 5230
3 5230 5258 5259
3 5230 5259 5231
3 5231 5259 5260
3 5231 5260 5232
3 5232 5260 5261
3 5232 5261 5233
3 5233 5261 5262
3 5233 5262 5234
3 5234 5262 5263
3 5234 5263 5235
3 5235 5263 5264
3 5235 5264 5236
3 5236 5264 5265
3 5236 5265 5237
3 5237 5265 5266
3 5237 5266 5238
3 5238 5266 5267
3 5238 5267 5239
3 5239 5267 5268
3 5239 5268 5240
3 5240 5268 5269
3 5240 5269 5241
3 5241 5269 5270
3 5241 5270 5242
3 5242 5270 5271
3 5242 5271 5243
3 5243 5271 5272
3 5243 5272 5244
3 5244 5272 5273
3 5244 5273 5245
3 5245 5273 5274
3 5245 5274 5246
3 5246 5274 5275
3 5246 5275 5247
3 5247 5275 5276
3 5247 5276 5248
3 5248 5276 5277
3 5249 5278 5250
3 5250 5278 5279
3 5250 5279 5251
3 5251 5279 5280
3 5251 5280 5252
3 5252 5280 5281
3 5252 5281 5253
3 5253 5281 5282
3 5253 5282 5254
3 5254 5282 5283
3 5254 5283 5255
3 5255 5283 5284
3 5255 5284 5256
3 5256 5284 5285
3 5256 5285 5257
3 5257 5285 5286
3 5257 5286 5258
3 5258 5286 5287
3 5258 5287 5259
3 5259 5287 5288
3 5259 5288 5260
3 5260 5288 5289
3 5260 5289 5261
3 5261 5289 5290
3 5261 5290 5262
3 5262 5290 5291
3 5262 5291 5263
3 5263 5291 5292
3 5263 5292 5264
3 5264 5292 5293
3 5264 5293 5265
3 5265 5293 5294
3 5265 5294 5266
3 5266 5294 5295
3 5266 5295 5267
3 5267 5295 5296
3 5267 5296 5268
3 5268 5296 5297
3 5268 5297 5269
3 5269 5297 5298
3 5269 5298 5270
3 5270 5298 5299
3 5270 5299 5271
3 5271 5299 5300
3 5271 5300 5272
3 5272 5300 5301
3 5272 5301 5273
3 5273 5301 5302
3 5273 5302 5274
3 5274 5302 5303
3 5274 5303 5275
3 5275 5303 5304
3 5275 5304 5276
3 5276 5304 5305
3 5276 5305 5277
3 5277 5305 5306
3 5278 5307 5279
3 5279 5307 5308
3 5279 5308 5280
3 5280 5308 5309
3 5280 5309 5281
3 5281 5309 5310
3 5281 5310 5282
3 5282 5310 5311
3 5282 5311 5283
3 5283 5311 5312
3 5283 5312 5284
3 5284 5312 5313
3 5284 5313 5285
3 5285 5313 5314
3 5285 5314 5286
3 5286 5314 5315
3 5286 5315 5287
3 5287 5315 5316
3 5287 5316 5288
3 5288 5316 5317
3 5288 5317 5289
3 5289 5317 5318
3 5289 5318 5290
3 5290 5318 5319
3 5290 5319 5291
3 5291 5319 5320
3 5291 5320 5292
3 5292 5320 5321
3 5292 5321 5293
3 5293 5321 5322
3 5293 5322 5294
3 5294 5322 5323
3 5294 5323 5295
3 5295 5323 5324
3 5295 5324 5296
3 5296 5324 5325
3 5296 5325 5297
3 5297 5325 5326
3 5297 5326 5298
3 5298 5326 5327
3 5298 5327 5299
3 5299 5327 5328
3 5299 5328 5300
3 5300 5328 5329
3 5300 5329 5301
3 5301 5329 5330
3 5301 5330 5302
3 5302 5330 5331
3 5302 5331 5303
3 5303 5331 5332
3 5303 5332 5304
3 5304 5332 5333
3 5304 5333 5305
3 5305 5333 5334
3 5305 5334 5306
3 5306 5334 5335
3 5307 5336 5308
3 5308 5336 5337
3 5308 5337 5309
3 5309 5337 5338
3 5309 5338 5310
3 5310 5338 5339
3 5310 5339 5311
3 5311 5339 5340
3 5311 5340 5312
3 5312 5340 5341
3 5312 5341 5313
3 5313 5341 5342
3 5313 5342 5314
3 5314 5342 5343
3 5314 5343 5315
3 5315 5343 5344
3 5315 5344 5316
3 5316 5344 5345
3 5316 5345 5317
3 5317 5345 5346
3 5317 5346 5318
3 5318 5346 5347
3 5318 5347 5319
3 5319 5347 5348
3 5319 5348 5320
3 5320 5348 5349
3 5320 5349 5321
3 5321 5349 5350
3 5321 5350 5322
3 5322 5350 5351
3 5322 5351 5323
3 5323 5351 5352
3 5323 5352 5324
3 5324 5352 5353
3 5324 5353 5325
3 5325 5353 5354
3 5325 5354 5326
3 5326 5354 5355
3 5326 5355 5327
3 5327 5355 5356
3 5327 5356 5328
3 5328 5356 5357
3 5328 5357 5329
3 5329 5357 5358
3 5329 5358 5330
3 5330 5358 5359
3 5330 5359 5331
3 5331 5359 5360
3 5331 5360 5332
3 5332 5360 5361
3 5332 5361 5333
3 5333 5361 5362
3 5333 5362 5334
3 5334 5362 5363
3 5334 5363 5335
3 5335 5363 5364
3 5336 5365 5337
3 5337 5365 5366
3 5337 5366 5338
3 5338 5366 5367
3 5338 5367 5339
3 5339 5367 5368
3 5339 5368 5340
3 5340 5368 5369
3 5340 5369 5341
3 5341 5369 5370
3 5341 5370 5342
3 5342 5370 5371
3 5342 5371 5343
3 5343 5371 5372
3 5343 5372 5344
3 5344 5372 5373
3 5344 5373 5345
3 5345 5373 5374
3 5345 5374 5346
3 5346 5374 5375
3 5346 5375 5347
3 5347 5375 5376
3 5347 5376 5348
3 5348 5376 5377
3 5348 5377 5349
3 5349 5377 5378
3 5349 5378 5350
3 5350 5378 5379
3 5350 5379 5351
3 5351 5379 5380
3 5351 5380 5352
3 5352 5380 5381
3 5352 5381 5353
3 5353 5381 5382
3 5353 5382 5354
3 5354 5382 5383
3 5354 5383 5355
3 5355 5383 5384
3 5355 5384 5356
3 5356 5384 5385
3 5356 5385 5357
3 5357 5385 5386
3 5357 5386 5358
3 5358 5386 5387
3 5358 5387 5359
3 5359 5387 5388
3 5359 5388 5360
3 5360 5388 5389
3 5360 5389 5361
3 5361 5389 5390
3 5361 5390 5362
3 5362 5390 5391
3 5362 5391 5363
3 5363 5391 5392
3 5363 5392 5364
3 5364 5392 5393
3 5365 5394 5366
3 5366 5394 5395
3 5366 5395 5367
3 5367 5395 5396
3 5367 5396 5368
3 5368 5396 5397
3 5368 5397 5369
3 5369 5397 5398
3 5369 5398 5370
3 5370 5398 5399
3 5370 5399 5371
3 5371 5399 5400
3 5371 5400 5372
3 5372 5400 5401
3 5372 5401 5373
3 5373 5401 5402
3 5373 5402 5374
3 5374 5402 5403
3 5374 5403 5375
3 5375 5403 5404
3 5375 5404 5376
3 5376 5404 5405
3 5376 5405 5377
3 5377 5405 5406
3 5377 5406 5378
3 5378 5406 5407
3 5378 5407 5379
3 5379 5407 5408
3 5379 5408 5380
3 5380 5408 5409
3 5380 5409 5381
3 5381 5409 5410
3 5381 5410 5382
3 5382 5410 5411
3 5382 5411 5383
3 5383 5411 5412
3 5383 5412 5384
3 5384 5412 5413
3 5384 5413 5385
3 5385 5413 5414
3 5385 5414 5386
3 5386 5414 5415
3 5386 5415 5387
3 5387 5415 5416
3 5387 5416 5388
3 5388 5416 5417
3 5388 5417 5389
3 5389 5417 5418
3 5389 5418 5390
3 5390 5418 5419
3 5390 5419 5391
3 5391 5419 5420
3 5391 5420 5392
3 5392 5420 5421
3 5392 5421 5393
3 5393 5421 5422
3 5394 5423 5395
3 5395 5423 5424
3 5395 5424 5396
3 5396 5424 5425
3 5396 5425 5397
3 5397 5425 5426
3 5397 5426 5398
3 5398 5426 5427
3 5398 5427 5399
3 5399 5427 5428
3 5399 5428 5400
3 5400 5428 5429
3 5400 5429 5401
3 5401 5429 5430
3 5401 5430 5402
3 5402 5430 5431
3 5402 5431 5403
3 5403 5431 5432
3 5403 5432 5404
3 5404 5432 5433
3 5404 5433 5405
3 5405 5433 5434
3 5405 5434 5406
3 5406 5434 5435
3 5406 5435 5407
3 5407 5435 5436
3 5407 5436 5408
3 5408 5436 5437
3 5408 5437 5409
3 5409 5437 5438
3 5409 5438 5410
3 5410 5438 5439
3 5410 5439 5411
3 5411 5439 5440
3 5411 5440 5412
3 5412 5440 5441
3 5412 5441 5413
3 5413 5441 5442
3 5413 5442 5414
3 5414 5442 5443
3 5414 5443 5415
3 5415 5443 5444
3 5415 5444 5416
3 5416 5444 5445
3 5416 5445 5417
3 5417 5445 5446
3 5417 5446 5418
3 5418 5446 5447
3 5418 5447 5419
3 5419 5447 5448
3 5419 5448 5420
3 5420 5448 5449
3 5420 5449 5421
3 5421 5449 5450
3 5421 5450 5422
3 5422 5450 5451
3 5423 5452 5424
3 5424 5452 5453
3 5424 5453 5425
3 5425 5453 5454
3 5425 5454 5426
3 5426 5454 5455
3 5426 5455 5427
3 5427 5455 5456
3 5427 5456 5428
3 5428 5456 5457
3 5428 5457 5429
3 5429 5457 5458
3 5429 5458 5430
3 5430 5458 5459
3 5430 5459 5431
3 5431 5459 5460
3 5431 5460 5432
3 5432 5460 5461
3 5432 5461 5433
3 5433 5461 5462
3 5433 5462 5434
3 5434 5462 5463
3 5434 5463 5435
3 5435 5463 5464
3 5435 5464 5436
3 5436 5464 5465
3 5436 5465 5437
3 5437 5465 5466
3 5437 5466 5438
3 5438 5466 5467
3 5438 5467 5439
3 5439 5467 5468
3 5439 5468 5440
3 5440 5468 5469
3 5440 5469 5441
3 5441 5469 5470
3 5441 5470 5442
3 5442 5470 5471
3 5442 5471 5443
3 5443 5471 5472
3 5443 5472 5444
3 5444 5472 5473
3 5444 5473 5445
3 5445 5473 5474
3 5445 5474 5446
3 5446 5474 5475
3 5446 5475 5447
3 5447 5475 5476
3 5447 5476 5448
3 5448 5476 5477
3 5448 5477 5449
3 5449 5477 5478
3 5449 5478 5450
3 5450 5478 5479
3 5450 5479 5451
3 5451 5479 5480
3 5452 5481 5453
3 5453 5481 5482
3 5453 5482 5454
3 5454 5482 5483
3 5454 5483 5455
3 5455 5483 5484
3 5455 5484 5456
3 5456 5484 5485
3 5456 5485 5457
3 5457 5485 5486
3 5457 5486 5458
3 5458 5486 5487
3 5458 5487 5459
3 5459 5487 5488
3 5459 5488 5460
3 5460 5488 5489
3 5460 5489 5461
3 5461 5489 5490
3 5461 5490 5462
3 5462 5490 5491
3 5462 5491 5463
3 5463 5491 5492
3 5463 5492 5464
3 5464 5492 5493
3 5464 5493 5465
3 5465 5493 5494
3 5465 5494 5466
3 5466 5494 5495
3 5466 5495 5467
3 5467 5495 5496
3 5467 5496 5468
3 5468 5496 5497
3 5468 5497 5469
3 5469 5497 5498
3 5469 5498 5470
3 5470 5498 5499
3 5470 5499 5471
3 5471 5499 5500
3 5471 5500 5472
3 5472 5500 5501
3 5472 5501 5473
3 5473 5501 5502
3 5473 5502 5474
3 5474 5502 5503
3 5474 5503 5475
3 5475 5503 5504
3 5475 5504 5476
3 5476 5504 5505
3 5476 5505 5477
3 5477 5505 5506
3 5477 5506 5478
3 5478 5506 5507
3 5478 5507 5479
3 5479 5507 5508
3 5479 5508 5480
3 5480 5508 5509
3 5481 5510 5482
3 5482 5510 5511
3 5482 5511 5483
3 5483 5511 5512
3 5483 5512 5484
3 5484 5512 5513
3 5484 5513 5485
3 5485 5513 5514
3 5485 5514 5486
3 5486 5514 5515
3 5486 5515 5487
3 5487 5515 5516
3 5487 5516 5488
3 5488 5516 5517
3 5488 5517 5489
3 5489 5517 5518
3 5489 5518 5490
3 5490 5518 5519
3 5490 5519 5491
3 5491 5519 5520
3 5491 5520 5492
3 5492 5520 5521
3 5492 5521 5493
3 5493 5521 5522
3 5493 5522 5494
3 5494 5522 5523
3 5494 5523 5495
3 5495 5523 5524
3 5495 5524 5496
3 5496 5524 5525
3 5496 5525 5497
3 5497 5525 5526
3 5497 5526 5498
3 5498 5526 5527
3 5498 5527 5499
3 5499 5527 5528
3 5499 5528 5500
3 5500 5528 5529
3 5500 5529 5501
3 5501 5529 5530
3 5501 5530 5502
3 5502 5530 5531
3 5502 5531 5503
3 5503 5531 5532
3 5503 5532 5504
3 5504 5532 5533
3 5504 5533 5505
3 5505 5533 5534
3 5505 5534 5506
3 5506 5534 5535
3 5506 5535 5507
3 5507 5535 5536
3 5507 5536 5508
3 5508 5536 5537
3 5508 5537 5509
3 5509 5537 5538
3 5510 5539 5511
3 5511 5539 5540
3 5511 5540 5512
3 5512 5540 5541
3 5512 5541 5513
3 5513 5541 5542
3 5513 5542 5514
3 5514 5542 5543
3 5514 5543 5515
3 5515 5543 5544
3 5515 5544 5516
3 5516 5544 5545
3 5516 5545 5517
3 5517 5545 5546
3 5517 5546 5518
3 5518 5546 5547
3 5518 5547 5519
3 5519 5547 5548
3 5519 5548 5520
3 5520 5548 5549
3 5520 5549 5521
3 5521 5549 5550
3 5521 5550 5522
3 5522 5550 5551
3 5522 5551 5523
3 5523 5551 5552
3 5523 5552 5524
3 5524 5552 5553
3 5524 5553 5525
3 5525 5553 5554
3 5525 5554 5526
3 5526 5554 5555
3 5526 5555 5527
3 5527 5555 5556
3 5527 5556 5528
3 5528 5556 5557
3 5528 5557 5529
3 5529 5557 5558
3 5529 5558 5530
3 5530 5558 5559
3 5530 5559 5531
3 5531 5559 5560
3 5531 5560 5532
3 5532 5560 5561
3 5532 5561 5533
3 5533 5561 5562
3 5533 5562 5534
3 5534 5562 5563
3 5534 5563 5535
3 5535 5563 5564
3 5535 5564 5536
3 5536 5564 5565
3 5536 5565 5537
3 5537 5565 5566
3 5537 5566 5538
3 5538 5566 5567
3 5539 5568 5540
3 5540 5568 5569
3 5540 5569 5541
3 5541 5569 5570
3 5541 5570 5542
3 5542 5570 5571
3 5542 5571 5543
3 5543 5571 5572
3 5543 5572 5544
3 5544 5572 5573
3 5544 5573 5545
3 5545 5573 5574
3 5545 5574 5546
3 5546 5574 5575
3 5546 5575 5547
3 5547 5575 5576
3 5547 5576 5548
3 5548 5576 5577
3 5548 5577 5549
3 5549 5577 5578
3 5549 5578 5550
3 5550 5578 5579
3 5550 5579 5551
3 5551 5579 5580
3 5551 5580 5552
3 5552 5580 5581
3 5552 5581 5553
3 5553 5581 5582
3 5553 5582 5554
3 5554 5582 5583
3 5554 5583 5555
3 5555 5583 5584
3 5555 5584 5556
3 5556 5584 5585
3 5556 5585 5557
3 5557 5585 5586
3 5557 5586 5558
3 5558 5586 5587
3 5558 5587 5559
3 5559 5587 5588
3 5559 5588 5560
3 5560 5588 5589
3 5560 5589 5561
3 5561 5589 5590
3 5561 5590 5562
3 5562 5590 5591
3 5562 5591 5563
3 5563 5591 5592
3 5563 5592 5564
3 5564 5592 5593
3 5564 5593 5565
3 5565 5593 5594
3 5565 5594 5566
3 5566 5594 5595
3 5566 5595 5567
3 5567 5595 5596
3 5568 5597 5569
3 5569 5597 5598
3 5569 5598 5570
3 5570 5598 5599
3 5570 5599 5571
3 5571 5599 5600
3 5571 5600 5572
3 5572 5600 5601
3 5572 5601 5573
3 5573 5601 5602
3 5573 5602 5574
3 5574 5602 5603
3 5574 5603 5575
3 5575 5603 5604
3 5575 5604 5576
3 5576 5604 5605
3 5576 5605 5577
3 5577 5605 5606
3 5577 5606 5578
3 5578 5606 5607
3 5578 5607 5579
3 5579 5607 5608
3 5579 5608 5580
3 5580 5608 5609
3 5580 5609 5581
3 5581 5609 5610
3 5581 5610 5582
3 5582 5610 5611
3 5582 5611 5583
3 5583 5611 5612
3 5583 5612 5584
3 5584 5612 5613
3 5584 5613 5585
3 5585 5613 5614
3 5585 5614 5586
3 5586 5614 5615
3 5586 5615 5587
3 5587 5615 5616
3 5587 5616 5588
3 5588 5616 5617
3 5588 5617 5589
3 5589 5617 5618
3 5589 5618 5590
3 5590 5618 5619
3 5590 5619 5591
3 5591 5619 5620
3 5591 5620 5592
3 5592 5620 5621
3 5592 5621 5593
3 5593 5621 5622
3 5593 5622 5594
3 5594 5622 5623
3 5594 5623 5595
3 5595 5623 5624
3 5595 5624 5596
3 5596 5624 5625
3 5597 5626 5598
3 5598 5626 5627
3 5598 5627 5599
3 5599 5627 5628
3 5599 5628 5600
3 5600 5628 5629
3 5600 5629 5601
3 5601 5629 5630
3 5601 5630 5602
3 5602 5630 5631
3 5602 5631 5603
3 5603 5631 5632
3 5603 5632 5604
3 5604 5632 5633
3 5604 5633 5605
3 5605 5633 5634
3 5605 5634 5606
3 5606 5634 5635
3 5606 5635 5607
3 5607 5635 5636
3 5607 5636 5608
3 5608 5636 5637
3 5608 5637 5609
3 5609 5637 5638
3 5609 5638 5610
3 5610 5638 5639
3 5610 5639 5611
3 5611 5639 5640
3 5611 5640 5612
3 5612 5640 5641
3 5612 5641 5613
3 5613 5641 5642
3 5613 5642 5614
3 5614 5642 5643
3 5614 5643 5615
3 5615 5643 5644
3 5615 5644 5616
3 5616 5644 5645
3 5616 5645 5617
3 5617 5645 5646
3 5617 5646 5618
3 5618 5646 5647
3 5618 5647 5619
3 5619 5647 5648
3 5619 5648 5620
3 5620 5648 5649
3 5620 5649 5621
3 5621 5649 5650
3 5621 5650 5622
3 5622 5650 5651
3 5622 5651 5623
3 5623 5651 5652
3 5623 5652 5624
3 5624 5652 5653
3 5624 5653 5625
3 5625 5653 5654
3 5655 5684 5656
3 5656 5684 5685
3 5656 5685 5657
3 5657 5685 5686
3 5657 5686 5658
3 5658 5686 5687
3 5658 5687 5659
3 5659 5687 5688
3 5659 5688 5660
3 5660 5688 5689
3 5660 5689 5661
3 5661 5689 5690
3 5661 5690 5662
3 5662 5690 5691
3 5662 5691 5663
3 5663 5691 5692
3 5663 5692 5664
3 5664 5692 5693
3 5664 5693 5665
3 5665 5693 5694
3 5665 5694 5666
3 5666 5694 5695
3 5666 5695 5667
3 5667 5695 5696
3 5667 5696 5668
3 5668 5696 5697
3 5668 5697 5669
3 5669 5697 5698
3 5669 5698 5670
3 5670 5698 5699
3 5670 5699 5671
3 5671 5699 5700
3 5671 5700 5672
3 5672 5700 5701
3 5672 5701 5673
3 5673 5701 5702
3 5673 5702 5674
3 5674 5702 5703
3 5674 5703 5675
3 5675 5703 5704
3 5675 5704 5676
3 5676 5704 5705
3 5676 5705 5677
3 5677 5705 5706
3 5677 5706 5678
3 5678 5706 5707
3 5678 5707 5679
3 5679 5707 5708
3 5679 5708 5680
3 5680 5708 5709
3 5680 5709 5681
3 5681 5709 5710
3 5681 5710 5682
3 5682 5710 5711
3 5682 5711 5683
3 5683 5711 5712
3 5684 5713 5685
3 5685 5713 5714
3 5685 5714 5686
3 5686 5714 5715
3 5686 5715 5687
3 5687 5715 5716
3 5687 5716 5688
3 5688 5716 5717
3 5688 5717 5689
3 5689 5717 5718
3 5689 5718 5690
3 5690 5718 5719
3 5690 5719 5691
3 5691 5719 5720
3 5691 5720 5692
3 5692 5720 5721
3 5692 5721 5693
3 5693 5721 5722
3 5693 5722 5694
3 5694 5722 5723
3 5694 5723 5695
3 5695 5723 5724
3 5695 5724 5696
3 5696 5724 5725
3 5696 5725 5697
3 5697 5725 5726
3 5697 5726 5698
3 5698 5726 5727
3 5698 5727 5699
3 5699 5727 5728
3 5699 5728 5700
3 5700 5728 5729
3 5700 5729 5701
3 5701 5729 5730
3 5701 5730 5702
3 5702 5730 5731
3 5702 5731 5703
3 5703 5731 5732
3 5703 5732 5704
3 5704 5732 5733
3 5704 5733 5705
3 5705 5733 5734
3 5705 5734 5706
3 5706 5734 5735
3 5706 5735 5707
3 5707 5735 5736
3 5707 5736 5708
3 5708 5736 5737
3 5708 5737 5709
3 5709 5737 5738
3 5709 5738 5710
3 5710 5738 5739
3 5710 5739 5711
3 5711 5739 5740
3 5711 5740 5712
3 5712 5740 5741
3 5713 5742 5714
3 5714 5742 5743
3 5714 5743 5715
3 5715 5743 5744
3 5715 5744 5716
3 5716 5744 5745
3 5716 5745 5717
3 5717 5745 5746
3 5717 5746 5718
3 5718 5746 5747
3 5718 5747 5719
3 5719 5747 5748
3 5719 5748 5720
3 5720 5748 5749
3 5720 5749 5721
3 5721 5749 5750
3 5721 5750 5722
3 5722 5750 5751
3 5722 5751 5723
3 5723 5751 5752
3 5723 5752 5724
3 5724 5752 5753
3 5724 5753 5725
3 5725 5753 5754
3 5725 5754 5726
3 5726 5754 5755
3 5726 5755 5727
3 5727 5755 5756
3 5727 5756 5728
3 5728 5756 5757
3 5728 5757 5729
3 5729 5757 5758
3 5729 5758 5730
3 5730 5758 5759
3 5730 5759 5731
3 5731 5759 5760
3 5731 5760 5732
3 5732 5760 5761
3 5732 5761 5733
3 5733 5761 5762
3 5733 5762 5734
3 5734 5762 5763
3 5734 5763 5735
3 5735 5763 5764
3 5735 5764 5736
3 5736 5764 5765
3 5736 5765 5737
3 5737 5765 5766
3 5737 5766 5738
3 5738 5766 5767
3 5738 5767 5739
3 5739 5767 5768
3 5739 5768 5740
3 5740 5768 5769
3 5740 5769 5741
3 5741 5769 5770
3 5742 5771 5743
3 5743 5771 5772
3 5743 5772 5744
3 5744 5772 5773
3 5744 5773 5745
3 5745 5773 5774
3 5745 5774 5746
3 5746 5774 5775
3 5746 5775 5747
3 5747 5775 5776
3 5747 5776 5748
3 5748 5776 5777
3 5748 5777 5749
3 5749 5777 5778
3 5749 5778 5750
3 5750 5778 5779
3 5750 5779 5751
3 5751 5779 5780
3 5751 5780 5752
3 5752 5780 5781
3 5752 5781 5753
3 5753 5781 5782
3 5753 5782 5754
3 5754 5782 5783
3 5754 5783 5755
3 5755 5783 5784
3 5755 5784 5756
3 5756 5784 5785
3 5756 5785 5757
3 5757 5785 5786
3 5757 5786 5758
3 5758 5786 5787
3 5758 5787 5759
3 5759 5787 5788
3 5759 5788 5760
3 5760 5788 5789
3 5760 5789 5761
3 5761 5789 5790
3 5761 5790 5762
3 5762 5790 5791
3 5762 5791 5763
3 5763 5791 5792
3 5763 5792 5764
3 5764 5792 5793
3 5764 5793 5765
3 5765 5793 5794
3 5765 5794 5766
3 5766 5794 5795
3 5766 5795 5767
3 5767 5795 5796
3 5767 5796 5768
3 5768 5796 5797
3 5768 5797 5769
3 5769 5797 5798
3 5769 5798 5770
3 5770 5798 5799
3 5771 5800 5772
3 5772 5800 5801
3 5772 5801 5773
3 5773 5801 5802
3 5773 5802 5774
3 5774 5802 5803
3 5774 5803 5775
3 5775 5803 5804
3 5775 5804 5776
3 5776 5804 5805
3 5776 5805 5777
3 5777 5805 5806
3 5777 5806 5778
3 5778 5806 5807
3 5778 5807 5779
3 5779 5807 5808
3 5779 5808 5780
3 5780 5808 5809
3 5780 5809 5781
3 5781 5809 5810
3 5781 5810 5782
3 5782 5810 5811
3 5782 5811 5783
3 5783 5811 5812
3 5783 5812 5784
3 5784 5812 5813
3 5784 5813 5785
3 5785 5813 5814
3 5785 5814 5786
3 5786 5814 5815
3 5786 5815 5787
3 5787 5815 5816
3 5787 5816 5788
3 5788 5816 5817
3 5788 5817 5789
3 5789 5817 5818
3 5789 5818 5790
3 5790 5818 5819
3 5790 5819 5791
3 5791 5819 5820
3 5791 5820 5792
3 5792 5820 5821
3 5792 5821 5793
3 5793 5821 5822
3 5793 5822 5794
3 5794 5822 5823
3 5794 5823 5795
3 5795 5823 5824
3 5795 5824 5796
3 5796 5824 5825
3 5796 5825 5797
3 5797 5825 5826
3 5797 5826 5798
3 5798 5826 5827
3 5798 5827 5799
3 5799 5827 5828
3 5800 5829 5801
3 5801 5829 5830
3 5801 5830 5802
3 5802 5830 5831
3 5802 5831 5803
3 5803 5831 5832
3 5803 5832 5804
3 5804 5832 5833
3 5804 5833 5805
3 5805 5833 5834
3 5805 5834 5806
3 5806 5834 5835
3 5806 5835 5807
3 5807 5835 5836
3 5807 5836 5808
3 5808 5836 5837
3 5808 5837 5809
3 5809 5837 5838
3 5809 5838 5810
3 5810 5838 5839
3 5810 5839 5811
3 5811 5839 5840
3 5811 5840 5812
3 5812 5840 5841
3 5812 5841 5813
3 5813 5841 5842
3 5813 5842 5814
3 5814 5842 5843
3 5814 5843 5815
3 5815 5843 5844
3 5815 5844 5816
3 5816 5844 5845
3 5816 5845 5817
3 5817 5845 5846
3 5817 5846 5818
3 5818 5846 5847
3 5818 5847 5819
3 5819 5847 5848
3 5819 5848 5820
3 5820 5848 5849
3 5820 5849 5821
3 5821 5849 5850
3 5821 5850 5822
3 5822 5850 5851
3 5822 5851 5823
3 5823 5851 5852
3 5823 5852 5824
3 5824 5852 5853
3 5824 5853 5825
3 5825 5853 5854
3 5825 5854 5826
3 5826 5854 5855
3 5826 5855 5827
3 5827 5855 5856
3 5827 5856 5828
3 5828 5856 5857
3 5829 5858 5830
3 5830 5858 5859
3 5830 5859 5831
3 5831 5859 5860
3 5831 5860 5832
3 5832 5860 5861
3 5832 5861 5833
3 5833 5861 5862
3 5833 5862 5834
3 5834 5862 5863
3 5834 5863 5835
3 5835 5863 5864
3 5835 5864 5836
3 5836 5864 5865
3 5836 5865 5837
3 5837 5865 5866
3 5837 5866 5838
3 5838 5866 5867
3 5838 5867 5839
3 5839 5867 5868
3 5839 5868 5840
3 5840 5868 5869
3 5840 5869 5841
3 5841 5869 5870
3 5841 5870 5842
3 5842 5870 5871
3 5842 5871 5843
3 5843 5871 5872
3 5843 5872 5844
3 5844 5872 5873
3 5844 5873 5845
3 5845 5873 5874
3 5845 5874 5846
3 5846 5874 5875
3 5846 5875 5847
3 5847 5875 5876
3 5847 5876 5848
3 5848 5876 5877
3 5848 5877 5849
3 5849 5877 5878
3 5849 5878 5850
3 5850 5878 5879
3 5850 5879 5851
3 5851 5879 5880
3 5851 5880 5852
3 5852 5880 5881
3 5852 5881 5853
3 5853 5881 5882
3 5853 5882 5854
3 5854 5882 5883
3 5854 5883 5855
3 5855 5883 5884
3 5855 5884 5856
3 5856 5884 5885
3 5856 5885 5857
3 5857 5885 5886
3 5858 5887 5859
3 5859 5887 5888
3 5859 5888 5860
3 5860 5888 5889
3 5860 5889 5861
3 5861 5889 5890
3 5861 5890 5862
3 5862 5890 5891
3 5862 5891 5863
3 5863 5891 5892
3 5863 5892 5864
3 5864 5892 5893
3 5864 5893 5865
3 5865 5893 5894
3 5865 5894 5866
3 5866 5894 5895
3 5866 5895 5867
3 5867 5895 5896
3 5867 5896 5868
3 5868 5896 5897
3 5868 5897 5869
3 5869 5897 5898
3 5869 5898 5870
3 5870 5898 5899
3 5870 5899 5871
3 5871 5899 5900
3 5871 5900 5872
3 5872 5900 5901
3 5872 5901 5873
3 5873 5901 5902
3 5873 5902 5874
3 5874 5902 5903
3 5874 5903 5875
3 5875 5903 5904
3 5875 5904 5876
3 5876 5904 5905
3 5876 5905 5877
3 5877 5905 5906
3 5877 5906 5878
3 5878 5906 5907
3 5878 5907 5879
3 5879 5907 5908
3 5879 5908 5880
3 5880 5908 5909
3 5880 5909 5881
3 5881 5909 5910
3 5881 5910 5882
3 5882 5910 5911
3 5882 5911 5883
3 5883 5911 5912
3 5883 5912 5884
3 5884 5912 5913
3 5884 5913 5885
3 5885 5913 5914
3 5885 5914 5886
3 5886 5914 5915
3 5887 5916 5888
3 5888 5916 5917
3 5888 5917 5889
3 5889 5917 5918
3 5889 5918 5890
3 5890 5918 5919
3 5890 5919 5891
3 5891 5919 5920
3 5891 5920 5892
3 5892 5920 5921
3 5892 5921 5893
3 5893 5921 5922
3 5893 5922 5894
3 5894 5922 5923
3 5894 5923 5895
3 5895 5923 5924
3 5895 5924 5896
3 5896 5924 5925
3 5896 5925 5897
3 5897 5925 5926
3 5897 5926 5898
3 5898 5926 5927
3 5898 5927 5899
3 5899 5927 5928
3 5899 5928 5900
3 5900 5928 5929
3 5900 5929 5901
3 5901 5929 5930
3 5901 5930 5902
3 5902 5930 5931
3 5902 5931 5903
3 5903 5931 5932
3 5903 5932 5904
3 5904 5932 5933
3 5904 5933 5905
3 5905 5933 5934
3 5905 5934 5906
3 5906 5934 5935
3 5906 5935 5907
3 5907 5935 5936
3 5907 5936 5908
3 5908 5936 5937
3 5908 5937 5909
3 5909 5937 5938
3 5909 5938 5910
3 5910 5938 5939
3 5910 5939 5911
3 5911 5939 5940
3 5911 5940 5912
3 5912 5940 5941
3 5912 5941 5913
3 5913 5941 5942
3 5913 5942 5914
3 5914 5942 5943
3 5914 5943 5915
3 5915 5943 5944
3 5916 5945 5917
3 5917 5945 5946
3 5917 5946 5918
3 5918 5946 5947
3 5918 5947 5919
3 5919 5947 5948
3 5919 5948 5920
3 5920 5948 5949
3 5920 5949 5921
3 5921 5949 5950
3 5921 5950 5922
3 5922 5950 5951
3 5922 5951 5923
3 5923 5951 5952
3 5923 5952 5924
3 5924 5952 5953
3 5924 5953 5925
3 5925 5953 5954
3 5925 5954 5926
3 5926 5954 5955
3 5926 5955 5927
3 5927 5955 5956
3 5927 5956 5928
3 5928 5956 5957
3 5928 5957 5929
3 5929 5957 5958
3 5929 5958 5930
3 5930 5958 5959
3 5930 5959 5931
3 5931 5959 5960
3 5931 5960 5932
3 5932 5960 5961
3 5932 5961 5933
3 5933 5961 5962
3 5933 5962 5934
3 5934 5962 5963
3 5934 5963 5935
3 5935 5963 5964
3 5935 5964 5936
3 5936 5964 5965
3 5936 5965 5937
3 5937 5965 5966
3 5937 5966 5938
3 5938 5966 5967
3 5938 5967 5939
3 5939 5967 5968
3 5939 5968 5940
3 5940 5968 5969
3 5940 5969 5941
3 5941 5969 5970
3 5941 5970 5942
3 5942 5970 5971
3 5942 5971 5943
3 5943 5971 5972
3 5943 5972 5944
3 5944 5972 5973
3 5945 5974 5946
3 5946 5974 5975
3 5946 5975 5947
3 5947 5975 5976
3 5947 5976 5948
3 5948 5976 5977
3 5948 5977 5949
3 5949 5977 5978
3 5949 5978 5950
3 5950 5978 5979
3 5950 5979 5951
3 5951 5979 5980
3 5951 5980 5952
3 5952 5980 5981
3 5952 5981 5953
3 5953 5981 5982
3 5953 5982 5954
3 5954 5982 5983
3 5954 5983 5955
3 5955 5983 5984
3 5955 5984 5956
3 5956 5984 5985
3 5956 5985 5957
3 5957 5985 5986
3 5957 5986 5958
3 5958 5986 5987
3 5958 5987 5959
3 5959 5987 5988
3 5959 5988 5960
3 5960 5988 5989
3 5960 5989 5961
3 5961 5989 5990
3 5961 5990 5962
3 5962 5990 5991
3 5962 5991 5963
3 5963 5991 5992
3 5963 5992 5964
3 5964 5992 5993
3 5964 5993 5965
3 5965 5993 5994
3 5965 5994 5966
3 5966 5994 5995
3 5966 5995 5967
3 5967 5995 5996
3 5967 5996 5968
3 5968 5996 5997
3 5968 5997 5969
3 5969 5997 5998
3 5969 5998 5970
3 5970 5998 5999
3 5970 5999 5971
3 5971 5999 6000
3 5971 6000 5972
3 5972 6000 6001
3 5972 6001 5973
3 5973 6001 6002
3 5974 6003 5975
3 5975 6003 6004
3 5975 6004 5976
3 5976 6004 6005
3 5976 6005 5977
3 5977 6005 6006
3 5977 6006 5978
3 5978 6006 6007
3 5978 6007 5979
3 5979 6007 6008
3 5979 6008 5980
3 5980 6008 6009
3 5980 6009 5981
3 5981 6009 6010
3 5981 6010 5982
3 5982 6010 6011
3 5982 6011 5983
3 5983 6011 6012
3 5983 6012 5984
3 5984 6012 6013
3 5984 6013 5985
3 5985 6013 6014
3 5985 6014 5986
3 5986 6014 6015
3 5986 6015 5987
3 5987 6015 6016
3 5987 6016 5988
3 5988 6016 6017
3 5988 6017 5989
3 5989 6017 6018
3 5989 6018 5990
3 5990 6018 6019
3 5990 6019 5991
3 5991 6019 6020
3 5991 6020 5992
3 5992 6020 6021
3 5992 6021 5993
3 5993 6021 6022
3 5993 6022 5994
3 5994 6022 6023
3 5994 6023 5995
3 5995 6023 6024
3 5995 6024 5996
3 5996 6024 6025
3 5996 6025 5997
3 5997 6025 6026
3 5997 6026 5998
3 5998 6026 6027
3 5998 6027 5999
3 5999 6027 6028
3 5999 6028 6000
3 6000 6028 6029
3 6000 6029 6001
3 6001 6029 6030
3 6001 6030 6002
3 6002 6030 6031
3 6003 6032 6004
3 6004 6032 6033
3 6004 6033 6005
3 6005 6033 6034
3 6005 6034 6006
3 6006 6034 6035
3 6006 6035 6007
3 6007 6035 6036
3 6007 6036 6008
3 6008 6036 6037
3 6008 6037 6009
3 6009 6037 6038
3 6009 6038 6010
3 6010 6038 6039
3 6010 6039 6011
3 6011 6039 6040
3 6011 6040 6012
3 6012 6040 6041
3 6012 6041 6013
3 6013 6041 6042
3 6013 6042 6014
3 6014 6042 6043
3 6014 6043 6015
3 6015 6043 6044
3 6015 6044 6016
3 6016 6044 6045
3 6016 6045 6017
3 6017 6045 6046
3 6017 6046 6018
3 6018 6046 6047
3 6018 6047 6019
3 6019 6047 6048
3 6019 6048 6020
3 6020 6048 6049
3 6020 6049 6021
3 6021 6049 6050
3 6021 6050 6022
3 6022 6050 6051
3 6022 6051 6023
3 6023 6051 6052
3 6023 6052 6024
3 6024 6052 6053
3 6024 6053 6025
3 6025 6053 6054
3 6025 6054 6026
3 6026 6054 6055
3 6026 6055 6027
3 6027 6055 6056
3 6027 6056 6028
3 6028 6056 6057
3 6028 6057 6029
3 6029 6057 6058
3 6029 6058 6030
3 6030 6058 6059
3 6030 6059 6031
3 6031 6059 6060
3 6032 6061 6033
3 6033 6061 6062
3 6033 6062 6034
3 6034 6062 6063
3 6034 6063 6035
3 6035 6063 6064
3 6035 6064 6036
3 6036 6064 6065
3 6036 6065 6037
3 6037 6065 6066
3 6037 6066 6038
3 6038 6066 6067
3 6038 6067 6039
3 6039 6067 6068
3 6039 6068 6040
3 6040 6068 6069
3 6040 6069 6041
3 6041 6069 6070
3 6041 6070 6042
3 6042 6070 6071
3 6042 6071 6043
3 6043 6071 6072
3 6043 6072 6044
3 6044 6072 6073
3 6044 6073 6045
3 6045 6073 6074
3 6045 6074 6046
3 6046 6074 6075
3 6046 6075 6047
3 6047 6075 6076
3 6047 6076 6048
3 6048 6076 6077
3 6048 6077 6049
3 6049 6077 6078
3 6049 6078 6050
3 6050 6078 6079
3 6050 6079 6051
3 6051 6079 6080
3 6051 6080 6052
3 6052 6080 6081
3 6052 6081 6053
3 6053 6081 6082
3 6053 6082 6054
3 6054 6082 6083
3 6054 6083 6055
3 6055 6083 6084
3 6055 6084 6056
3 6056 6084 6085
3 6056 6085 6057
3 6057 6085 6086
3 6057 6086 6058
3 6058 6086 6087
3 6058 6087 6059
3 6059 6087 6088
3 6059 6088 6060
3 6060 6088 6089
3 6090 6091 6093
3 6090 6093 6092
3 6094 6096 6097
3 6094 6097 6095
3 6090 6094 6095
3 6090 6095 6091
3 6092 6093 6097
3 6092 6097 6096
3 6090 6092 6096
3 6090 6096 6094
3 6091 6095 6097
3 6091 6097 6093
